23-May-2026 10:06:47.471 信息 [main] org.apache.catalina.startup.VersionLoggerListener.log Server.服务器版本: Apache Tomcat/10.1.52
23-May-2026 10:06:47.475 信息 [main] org.apache.catalina.startup.VersionLoggerListener.log 服务器构建:        Jan 23 2026 19:29:07 UTC
23-May-2026 10:06:47.475 信息 [main] org.apache.catalina.startup.VersionLoggerListener.log 服务器版本号:      10.1.52.0
23-May-2026 10:06:47.476 信息 [main] org.apache.catalina.startup.VersionLoggerListener.log 操作系统名称:      Windows 11
23-May-2026 10:06:47.476 信息 [main] org.apache.catalina.startup.VersionLoggerListener.log OS.版本:           10.0
23-May-2026 10:06:47.476 信息 [main] org.apache.catalina.startup.VersionLoggerListener.log 架构:              amd64
23-May-2026 10:06:47.476 信息 [main] org.apache.catalina.startup.VersionLoggerListener.log Java 环境变量:     C:\Program Files\Java\jdk-21
23-May-2026 10:06:47.476 信息 [main] org.apache.catalina.startup.VersionLoggerListener.log Java虚拟机版本:    21.0.6+8-LTS-188
23-May-2026 10:06:47.478 信息 [main] org.apache.catalina.startup.VersionLoggerListener.log JVM.供应商:        Oracle Corporation
23-May-2026 10:06:47.478 信息 [main] org.apache.catalina.startup.VersionLoggerListener.log CATALINA_BASE:     D:\creat\property-management\src\main\webapp
23-May-2026 10:06:47.478 信息 [main] org.apache.catalina.startup.VersionLoggerListener.log CATALINA_HOME:     D:\apache-tomcat-10.1.52
23-May-2026 10:06:47.483 信息 [main] org.apache.catalina.startup.VersionLoggerListener.log 命令行参数：       --add-opens=java.base/java.lang=ALL-UNNAMED
23-May-2026 10:06:47.483 信息 [main] org.apache.catalina.startup.VersionLoggerListener.log 命令行参数：       --add-opens=java.base/java.io=ALL-UNNAMED
23-May-2026 10:06:47.483 信息 [main] org.apache.catalina.startup.VersionLoggerListener.log 命令行参数：       --add-opens=java.base/java.util=ALL-UNNAMED
23-May-2026 10:06:47.483 信息 [main] org.apache.catalina.startup.VersionLoggerListener.log 命令行参数：       --add-opens=java.base/java.util.concurrent=ALL-UNNAMED
23-May-2026 10:06:47.483 信息 [main] org.apache.catalina.startup.VersionLoggerListener.log 命令行参数：       --add-opens=java.rmi/sun.rmi.transport=ALL-UNNAMED
23-May-2026 10:06:47.484 信息 [main] org.apache.catalina.startup.VersionLoggerListener.log 命令行参数：       -Dcatalina.home=D:\apache-tomcat-10.1.52
23-May-2026 10:06:47.484 信息 [main] org.apache.catalina.startup.VersionLoggerListener.log 命令行参数：       -Dcatalina.base=D:\creat\property-management\src\main\webapp
23-May-2026 10:06:47.484 信息 [main] org.apache.catalina.startup.VersionLoggerListener.log 命令行参数：       -Djava.io.tmpdir=D:\creat\property-management\src\main\webapp\temp
23-May-2026 10:06:47.484 信息 [main] org.apache.catalina.startup.VersionLoggerListener.log 命令行参数：       -Djava.util.logging.config.file=D:\creat\property-management\src\main\webapp\conf\logging.properties
23-May-2026 10:06:47.484 信息 [main] org.apache.catalina.startup.VersionLoggerListener.log 命令行参数：       -Djava.util.logging.manager=org.apache.juli.ClassLoaderLogManager
23-May-2026 10:06:47.486 信息 [main] org.apache.catalina.startup.VersionLoggerListener.log 命令行参数：       -javaagent:C:\Program Files\JetBrains\IntelliJ IDEA Community Edition 2024.3\lib\idea_rt.jar=3688:C:\Program Files\JetBrains\IntelliJ IDEA Community Edition 2024.3\bin
23-May-2026 10:06:47.486 信息 [main] org.apache.catalina.startup.VersionLoggerListener.log 命令行参数：       -Dfile.encoding=UTF-8
23-May-2026 10:06:47.487 信息 [main] org.apache.catalina.startup.VersionLoggerListener.log 命令行参数：       -Dsun.stdout.encoding=UTF-8
23-May-2026 10:06:47.487 信息 [main] org.apache.catalina.startup.VersionLoggerListener.log 命令行参数：       -Dsun.stderr.encoding=UTF-8
23-May-2026 10:06:47.493 信息 [main] org.apache.catalina.core.AprLifecycleListener.lifecycleEvent 在java.library.path:[C:\Program Files\Java\jdk-21\bin;C:\WINDOWS\Sun\Java\bin;C:\WINDOWS\system32;C:\WINDOWS;C:\Program Files (x86)\VMware\VMware Workstation\bin\;$env:PATH;C:\MinGW\bin;C:\Program Files\NVIDIA Corporation\NVIDIA App\NvDLISR;C:\Program Files\dotnet\;C:\Program Files\nodejs\;C:\Program Files\Git LFS;C:\Windows\System32;C:\Windows;C:\Windows\System32\WindowsPowerShell\v1.0;C:\Program Files (x86)\Microsoft SQL Server\170\Tools\Binn\;C:\Program Files\Microsoft SQL Server\170\Tools\Binn\;C:\Program Files\Microsoft SQL Server\Client SDK\ODBC\180\Tools\Binn\;C:\Program Files\Microsoft SQL Server\170\DTS\Binn\;D:\rational rose\common;C:\tools\deepseek;C:\Program Files\GitHub CLI\;C:\Users\links\.mavis\bin;C:\Users\links\AppData\Local\Microsoft\WindowsApps;C:\Users\links\.dotnet\tools;D:\cursor\resources\app\bin;D:\Microsoft VS Code\bin;C:\MinGW\bin;C:\Users\links\AppData\Roaming\npm;C:\Users\links\AppData\Roaming\npm\bin;C:\Program Files\Git\cmd;C:\Program Files\Git\bin;C:\Program Files\Java\jdk-17\bin;C:\Users\links\AppData\Local\Python\bin;.]上找不到基于APR的Apache Tomcat本机库，该库允许在生产环境中获得最佳性能
23-May-2026 10:06:47.655 信息 [main] org.apache.coyote.AbstractProtocol.init 初始化协议处理器 ["http-nio-8080"]
23-May-2026 10:06:47.667 信息 [main] org.apache.catalina.startup.Catalina.load 服务器在[332]毫秒内初始化
23-May-2026 10:06:47.710 信息 [main] org.apache.catalina.core.StandardService.startInternal 正在启动服务[Catalina]
23-May-2026 10:06:47.711 信息 [main] org.apache.catalina.core.StandardEngine.startInternal 正在启动 Servlet 引擎：[Apache Tomcat/10.1.52]
23-May-2026 10:06:47.719 信息 [main] org.apache.catalina.startup.HostConfig.deployDescriptor 正在部署部署描述符[D:\creat\property-management\src\main\webapp\conf\Catalina\localhost\webapp.xml]。
23-May-2026 10:06:48.254 信息 [main] org.apache.jasper.servlet.TldScanner.scanJars 至少有一个JAR被扫描用于TLD但尚未包含TLD。 为此记录器启用调试日志记录，以获取已扫描但未在其中找到TLD的完整JAR列表。 在扫描期间跳过不需要的JAR可以缩短启动时间和JSP编译时间。
23-May-2026 10:06:48.286 警告 [main] org.apache.catalina.filters.FilterBase.init 未为[org.apache.catalina.filters.SetCharacterEncodingFilter]类型的筛选器定义属性[forceEncoding]
23-May-2026 10:06:48.323 信息 [main] org.apache.catalina.startup.HostConfig.deployDescriptor 部署描述符[D:\creat\property-management\src\main\webapp\conf\Catalina\localhost\webapp.xml]的部署已在[599]ms内完成
23-May-2026 10:06:48.330 信息 [main] org.apache.coyote.AbstractProtocol.start 开始协议处理句柄["http-nio-8080"]
23-May-2026 10:06:48.356 信息 [main] org.apache.catalina.startup.Catalina.start [689]毫秒后服务器启动
23-May-2026 10:06:54.585 信息 [Thread-1] org.apache.coyote.AbstractProtocol.pause 暂停ProtocolHandler["http-nio-8080"]
23-May-2026 10:06:54.589 信息 [Thread-1] org.apache.catalina.core.StandardService.stopInternal 正在停止服务[Catalina]
23-May-2026 10:06:54.597 信息 [Thread-1] org.apache.coyote.AbstractProtocol.stop 正在停止ProtocolHandler ["http-nio-8080"]
23-May-2026 10:06:54.599 信息 [Thread-1] org.apache.coyote.AbstractProtocol.destroy 正在销毁协议处理器 ["http-nio-8080"]
23-May-2026 20:08:19.580 信息 [main] org.apache.catalina.startup.VersionLoggerListener.log Server.服务器版本: Apache Tomcat/10.1.52
23-May-2026 20:08:19.583 信息 [main] org.apache.catalina.startup.VersionLoggerListener.log 服务器构建:        Jan 23 2026 19:29:07 UTC
23-May-2026 20:08:19.583 信息 [main] org.apache.catalina.startup.VersionLoggerListener.log 服务器版本号:      10.1.52.0
23-May-2026 20:08:19.583 信息 [main] org.apache.catalina.startup.VersionLoggerListener.log 操作系统名称:      Windows 11
23-May-2026 20:08:19.585 信息 [main] org.apache.catalina.startup.VersionLoggerListener.log OS.版本:           10.0
23-May-2026 20:08:19.585 信息 [main] org.apache.catalina.startup.VersionLoggerListener.log 架构:              amd64
23-May-2026 20:08:19.585 信息 [main] org.apache.catalina.startup.VersionLoggerListener.log Java 环境变量:     C:\Program Files\Java\jdk-21
23-May-2026 20:08:19.586 信息 [main] org.apache.catalina.startup.VersionLoggerListener.log Java虚拟机版本:    21.0.6+8-LTS-188
23-May-2026 20:08:19.586 信息 [main] org.apache.catalina.startup.VersionLoggerListener.log JVM.供应商:        Oracle Corporation
23-May-2026 20:08:19.587 信息 [main] org.apache.catalina.startup.VersionLoggerListener.log CATALINA_BASE:     D:\creat\property-management\src\main\webapp
23-May-2026 20:08:19.587 信息 [main] org.apache.catalina.startup.VersionLoggerListener.log CATALINA_HOME:     D:\apache-tomcat-10.1.52
23-May-2026 20:08:19.593 信息 [main] org.apache.catalina.startup.VersionLoggerListener.log 命令行参数：       --add-opens=java.base/java.lang=ALL-UNNAMED
23-May-2026 20:08:19.593 信息 [main] org.apache.catalina.startup.VersionLoggerListener.log 命令行参数：       --add-opens=java.base/java.io=ALL-UNNAMED
23-May-2026 20:08:19.593 信息 [main] org.apache.catalina.startup.VersionLoggerListener.log 命令行参数：       --add-opens=java.base/java.util=ALL-UNNAMED
23-May-2026 20:08:19.593 信息 [main] org.apache.catalina.startup.VersionLoggerListener.log 命令行参数：       --add-opens=java.base/java.util.concurrent=ALL-UNNAMED
23-May-2026 20:08:19.593 信息 [main] org.apache.catalina.startup.VersionLoggerListener.log 命令行参数：       --add-opens=java.rmi/sun.rmi.transport=ALL-UNNAMED
23-May-2026 20:08:19.593 信息 [main] org.apache.catalina.startup.VersionLoggerListener.log 命令行参数：       -Dcatalina.home=D:\apache-tomcat-10.1.52
23-May-2026 20:08:19.593 信息 [main] org.apache.catalina.startup.VersionLoggerListener.log 命令行参数：       -Dcatalina.base=D:\creat\property-management\src\main\webapp
23-May-2026 20:08:19.593 信息 [main] org.apache.catalina.startup.VersionLoggerListener.log 命令行参数：       -Djava.io.tmpdir=D:\creat\property-management\src\main\webapp\temp
23-May-2026 20:08:19.594 信息 [main] org.apache.catalina.startup.VersionLoggerListener.log 命令行参数：       -Djava.util.logging.config.file=D:\creat\property-management\src\main\webapp\conf\logging.properties
23-May-2026 20:08:19.594 信息 [main] org.apache.catalina.startup.VersionLoggerListener.log 命令行参数：       -Djava.util.logging.manager=org.apache.juli.ClassLoaderLogManager
23-May-2026 20:08:19.594 信息 [main] org.apache.catalina.startup.VersionLoggerListener.log 命令行参数：       -javaagent:C:\Program Files\JetBrains\IntelliJ IDEA Community Edition 2024.3\lib\idea_rt.jar=4092:C:\Program Files\JetBrains\IntelliJ IDEA Community Edition 2024.3\bin
23-May-2026 20:08:19.594 信息 [main] org.apache.catalina.startup.VersionLoggerListener.log 命令行参数：       -Dfile.encoding=UTF-8
23-May-2026 20:08:19.594 信息 [main] org.apache.catalina.startup.VersionLoggerListener.log 命令行参数：       -Dsun.stdout.encoding=UTF-8
23-May-2026 20:08:19.594 信息 [main] org.apache.catalina.startup.VersionLoggerListener.log 命令行参数：       -Dsun.stderr.encoding=UTF-8
23-May-2026 20:08:19.600 信息 [main] org.apache.catalina.core.AprLifecycleListener.lifecycleEvent 在java.library.path:[C:\Program Files\Java\jdk-21\bin;C:\WINDOWS\Sun\Java\bin;C:\WINDOWS\system32;C:\WINDOWS;C:\Program Files (x86)\VMware\VMware Workstation\bin\;$env:PATH;C:\MinGW\bin;C:\Program Files\NVIDIA Corporation\NVIDIA App\NvDLISR;C:\Program Files\dotnet\;C:\Program Files\nodejs\;C:\Program Files\Git LFS;C:\Windows\System32;C:\Windows;C:\Windows\System32\WindowsPowerShell\v1.0;C:\Program Files (x86)\Microsoft SQL Server\170\Tools\Binn\;C:\Program Files\Microsoft SQL Server\170\Tools\Binn\;C:\Program Files\Microsoft SQL Server\Client SDK\ODBC\180\Tools\Binn\;C:\Program Files\Microsoft SQL Server\170\DTS\Binn\;D:\rational rose\common;C:\tools\deepseek;C:\Program Files\GitHub CLI\;C:\Users\links\AppData\Local\Microsoft\WindowsApps;C:\Users\links\.dotnet\tools;D:\cursor\resources\app\bin;D:\Microsoft VS Code\bin;C:\MinGW\bin;C:\Users\links\AppData\Roaming\npm;C:\Users\links\AppData\Roaming\npm\bin;C:\Program Files\Git\cmd;C:\Program Files\Git\bin;C:\Program Files\Java\jdk-17\bin;C:\Users\links\AppData\Local\Python\bin;.]上找不到基于APR的Apache Tomcat本机库，该库允许在生产环境中获得最佳性能
23-May-2026 20:08:19.768 信息 [main] org.apache.coyote.AbstractProtocol.init 初始化协议处理器 ["http-nio-8080"]
23-May-2026 20:08:19.779 信息 [main] org.apache.catalina.startup.Catalina.load 服务器在[341]毫秒内初始化
23-May-2026 20:08:19.816 信息 [main] org.apache.catalina.core.StandardService.startInternal 正在启动服务[Catalina]
23-May-2026 20:08:19.816 信息 [main] org.apache.catalina.core.StandardEngine.startInternal 正在启动 Servlet 引擎：[Apache Tomcat/10.1.52]
23-May-2026 20:08:19.824 信息 [main] org.apache.catalina.startup.HostConfig.deployDescriptor 正在部署部署描述符[D:\creat\property-management\src\main\webapp\conf\Catalina\localhost\webapp.xml]。
23-May-2026 20:08:20.079 警告 [main] org.apache.catalina.filters.FilterBase.init 未为[org.apache.catalina.filters.SetCharacterEncodingFilter]类型的筛选器定义属性[forceEncoding]
23-May-2026 20:08:20.091 信息 [main] org.apache.catalina.startup.HostConfig.deployDescriptor 部署描述符[D:\creat\property-management\src\main\webapp\conf\Catalina\localhost\webapp.xml]的部署已在[265]ms内完成
23-May-2026 20:08:20.095 信息 [main] org.apache.coyote.AbstractProtocol.start 开始协议处理句柄["http-nio-8080"]
23-May-2026 20:08:20.115 信息 [main] org.apache.catalina.startup.Catalina.start [335]毫秒后服务器启动
23-May-2026 20:08:58.644 信息 [Thread-1] org.apache.coyote.AbstractProtocol.pause 暂停ProtocolHandler["http-nio-8080"]
23-May-2026 20:08:58.646 信息 [Thread-1] org.apache.catalina.core.StandardService.stopInternal 正在停止服务[Catalina]
23-May-2026 20:08:58.652 信息 [Thread-1] org.apache.coyote.AbstractProtocol.stop 正在停止ProtocolHandler ["http-nio-8080"]
23-May-2026 20:08:58.654 信息 [Thread-1] org.apache.coyote.AbstractProtocol.destroy 正在销毁协议处理器 ["http-nio-8080"]
23-May-2026 20:24:24.141 信息 [main] org.apache.catalina.startup.VersionLoggerListener.log Server.服务器版本: Apache Tomcat/10.1.52
23-May-2026 20:24:24.144 信息 [main] org.apache.catalina.startup.VersionLoggerListener.log 服务器构建:        Jan 23 2026 19:29:07 UTC
23-May-2026 20:24:24.144 信息 [main] org.apache.catalina.startup.VersionLoggerListener.log 服务器版本号:      10.1.52.0
23-May-2026 20:24:24.145 信息 [main] org.apache.catalina.startup.VersionLoggerListener.log 操作系统名称:      Windows 11
23-May-2026 20:24:24.145 信息 [main] org.apache.catalina.startup.VersionLoggerListener.log OS.版本:           10.0
23-May-2026 20:24:24.145 信息 [main] org.apache.catalina.startup.VersionLoggerListener.log 架构:              amd64
23-May-2026 20:24:24.145 信息 [main] org.apache.catalina.startup.VersionLoggerListener.log Java 环境变量:     C:\Program Files\Java\jdk-21
23-May-2026 20:24:24.145 信息 [main] org.apache.catalina.startup.VersionLoggerListener.log Java虚拟机版本:    21.0.6+8-LTS-188
23-May-2026 20:24:24.146 信息 [main] org.apache.catalina.startup.VersionLoggerListener.log JVM.供应商:        Oracle Corporation
23-May-2026 20:24:24.146 信息 [main] org.apache.catalina.startup.VersionLoggerListener.log CATALINA_BASE:     D:\creat\property-management\src\main\webapp
23-May-2026 20:24:24.146 信息 [main] org.apache.catalina.startup.VersionLoggerListener.log CATALINA_HOME:     D:\apache-tomcat-10.1.52
23-May-2026 20:24:24.152 信息 [main] org.apache.catalina.startup.VersionLoggerListener.log 命令行参数：       --add-opens=java.base/java.lang=ALL-UNNAMED
23-May-2026 20:24:24.152 信息 [main] org.apache.catalina.startup.VersionLoggerListener.log 命令行参数：       --add-opens=java.base/java.io=ALL-UNNAMED
23-May-2026 20:24:24.152 信息 [main] org.apache.catalina.startup.VersionLoggerListener.log 命令行参数：       --add-opens=java.base/java.util=ALL-UNNAMED
23-May-2026 20:24:24.152 信息 [main] org.apache.catalina.startup.VersionLoggerListener.log 命令行参数：       --add-opens=java.base/java.util.concurrent=ALL-UNNAMED
23-May-2026 20:24:24.152 信息 [main] org.apache.catalina.startup.VersionLoggerListener.log 命令行参数：       --add-opens=java.rmi/sun.rmi.transport=ALL-UNNAMED
23-May-2026 20:24:24.152 信息 [main] org.apache.catalina.startup.VersionLoggerListener.log 命令行参数：       -Dcatalina.home=D:\apache-tomcat-10.1.52
23-May-2026 20:24:24.152 信息 [main] org.apache.catalina.startup.VersionLoggerListener.log 命令行参数：       -Dcatalina.base=D:\creat\property-management\src\main\webapp
23-May-2026 20:24:24.152 信息 [main] org.apache.catalina.startup.VersionLoggerListener.log 命令行参数：       -Djava.io.tmpdir=D:\creat\property-management\src\main\webapp\temp
23-May-2026 20:24:24.152 信息 [main] org.apache.catalina.startup.VersionLoggerListener.log 命令行参数：       -Djava.util.logging.config.file=D:\creat\property-management\src\main\webapp\conf\logging.properties
23-May-2026 20:24:24.153 信息 [main] org.apache.catalina.startup.VersionLoggerListener.log 命令行参数：       -Djava.util.logging.manager=org.apache.juli.ClassLoaderLogManager
23-May-2026 20:24:24.153 信息 [main] org.apache.catalina.startup.VersionLoggerListener.log 命令行参数：       -javaagent:C:\Program Files\JetBrains\IntelliJ IDEA Community Edition 2024.3\lib\idea_rt.jar=12012:C:\Program Files\JetBrains\IntelliJ IDEA Community Edition 2024.3\bin
23-May-2026 20:24:24.153 信息 [main] org.apache.catalina.startup.VersionLoggerListener.log 命令行参数：       -Dfile.encoding=UTF-8
23-May-2026 20:24:24.153 信息 [main] org.apache.catalina.startup.VersionLoggerListener.log 命令行参数：       -Dsun.stdout.encoding=UTF-8
23-May-2026 20:24:24.153 信息 [main] org.apache.catalina.startup.VersionLoggerListener.log 命令行参数：       -Dsun.stderr.encoding=UTF-8
23-May-2026 20:24:24.159 信息 [main] org.apache.catalina.core.AprLifecycleListener.lifecycleEvent 在java.library.path:[C:\Program Files\Java\jdk-21\bin;C:\WINDOWS\Sun\Java\bin;C:\WINDOWS\system32;C:\WINDOWS;C:\Program Files (x86)\VMware\VMware Workstation\bin\;$env:PATH;C:\MinGW\bin;C:\Program Files\NVIDIA Corporation\NVIDIA App\NvDLISR;C:\Program Files\dotnet\;C:\Program Files\nodejs\;C:\Program Files\Git LFS;C:\Windows\System32;C:\Windows;C:\Windows\System32\WindowsPowerShell\v1.0;C:\Program Files (x86)\Microsoft SQL Server\170\Tools\Binn\;C:\Program Files\Microsoft SQL Server\170\Tools\Binn\;C:\Program Files\Microsoft SQL Server\Client SDK\ODBC\180\Tools\Binn\;C:\Program Files\Microsoft SQL Server\170\DTS\Binn\;D:\rational rose\common;C:\tools\deepseek;C:\Program Files\GitHub CLI\;C:\Users\links\AppData\Local\Microsoft\WindowsApps;C:\Users\links\.dotnet\tools;D:\cursor\resources\app\bin;D:\Microsoft VS Code\bin;C:\MinGW\bin;C:\Users\links\AppData\Roaming\npm;C:\Users\links\AppData\Roaming\npm\bin;C:\Program Files\Git\cmd;C:\Program Files\Git\bin;C:\Program Files\Java\jdk-17\bin;C:\Users\links\AppData\Local\Python\bin;.]上找不到基于APR的Apache Tomcat本机库，该库允许在生产环境中获得最佳性能
23-May-2026 20:24:24.305 信息 [main] org.apache.coyote.AbstractProtocol.init 初始化协议处理器 ["http-nio-8080"]
23-May-2026 20:24:24.318 信息 [main] org.apache.catalina.startup.Catalina.load 服务器在[291]毫秒内初始化
23-May-2026 20:24:24.358 信息 [main] org.apache.catalina.core.StandardService.startInternal 正在启动服务[Catalina]
23-May-2026 20:24:24.358 信息 [main] org.apache.catalina.core.StandardEngine.startInternal 正在启动 Servlet 引擎：[Apache Tomcat/10.1.52]
23-May-2026 20:24:24.368 信息 [main] org.apache.catalina.startup.HostConfig.deployDescriptor 正在部署部署描述符[D:\creat\property-management\src\main\webapp\conf\Catalina\localhost\webapp.xml]。
23-May-2026 20:24:24.805 信息 [main] org.apache.jasper.servlet.TldScanner.scanJars 至少有一个JAR被扫描用于TLD但尚未包含TLD。 为此记录器启用调试日志记录，以获取已扫描但未在其中找到TLD的完整JAR列表。 在扫描期间跳过不需要的JAR可以缩短启动时间和JSP编译时间。
23-May-2026 20:24:24.830 警告 [main] org.apache.catalina.filters.FilterBase.init 未为[org.apache.catalina.filters.SetCharacterEncodingFilter]类型的筛选器定义属性[forceEncoding]
23-May-2026 20:24:24.843 信息 [main] org.apache.catalina.startup.HostConfig.deployDescriptor 部署描述符[D:\creat\property-management\src\main\webapp\conf\Catalina\localhost\webapp.xml]的部署已在[474]ms内完成
23-May-2026 20:24:24.846 信息 [main] org.apache.coyote.AbstractProtocol.start 开始协议处理句柄["http-nio-8080"]
23-May-2026 20:24:24.859 信息 [main] org.apache.catalina.startup.Catalina.start [540]毫秒后服务器启动
23-May-2026 20:24:39.478 信息 [Thread-1] org.apache.coyote.AbstractProtocol.pause 暂停ProtocolHandler["http-nio-8080"]
23-May-2026 20:24:39.482 信息 [Thread-1] org.apache.catalina.core.StandardService.stopInternal 正在停止服务[Catalina]
23-May-2026 20:24:39.486 信息 [Thread-1] org.apache.coyote.AbstractProtocol.stop 正在停止ProtocolHandler ["http-nio-8080"]
23-May-2026 20:24:39.488 信息 [Thread-1] org.apache.coyote.AbstractProtocol.destroy 正在销毁协议处理器 ["http-nio-8080"]
23-May-2026 20:33:52.280 信息 [main] org.apache.catalina.startup.VersionLoggerListener.log Server.服务器版本: Apache Tomcat/10.1.52
23-May-2026 20:33:52.284 信息 [main] org.apache.catalina.startup.VersionLoggerListener.log 服务器构建:        Jan 23 2026 19:29:07 UTC
23-May-2026 20:33:52.284 信息 [main] org.apache.catalina.startup.VersionLoggerListener.log 服务器版本号:      10.1.52.0
23-May-2026 20:33:52.284 信息 [main] org.apache.catalina.startup.VersionLoggerListener.log 操作系统名称:      Windows 11
23-May-2026 20:33:52.285 信息 [main] org.apache.catalina.startup.VersionLoggerListener.log OS.版本:           10.0
23-May-2026 20:33:52.285 信息 [main] org.apache.catalina.startup.VersionLoggerListener.log 架构:              amd64
23-May-2026 20:33:52.285 信息 [main] org.apache.catalina.startup.VersionLoggerListener.log Java 环境变量:     C:\Program Files\Java\jdk-21
23-May-2026 20:33:52.285 信息 [main] org.apache.catalina.startup.VersionLoggerListener.log Java虚拟机版本:    21.0.6+8-LTS-188
23-May-2026 20:33:52.285 信息 [main] org.apache.catalina.startup.VersionLoggerListener.log JVM.供应商:        Oracle Corporation
23-May-2026 20:33:52.285 信息 [main] org.apache.catalina.startup.VersionLoggerListener.log CATALINA_BASE:     D:\creat\property-management\src\main\webapp
23-May-2026 20:33:52.285 信息 [main] org.apache.catalina.startup.VersionLoggerListener.log CATALINA_HOME:     D:\apache-tomcat-10.1.52
23-May-2026 20:33:52.291 信息 [main] org.apache.catalina.startup.VersionLoggerListener.log 命令行参数：       --add-opens=java.base/java.lang=ALL-UNNAMED
23-May-2026 20:33:52.292 信息 [main] org.apache.catalina.startup.VersionLoggerListener.log 命令行参数：       --add-opens=java.base/java.io=ALL-UNNAMED
23-May-2026 20:33:52.292 信息 [main] org.apache.catalina.startup.VersionLoggerListener.log 命令行参数：       --add-opens=java.base/java.util=ALL-UNNAMED
23-May-2026 20:33:52.292 信息 [main] org.apache.catalina.startup.VersionLoggerListener.log 命令行参数：       --add-opens=java.base/java.util.concurrent=ALL-UNNAMED
23-May-2026 20:33:52.292 信息 [main] org.apache.catalina.startup.VersionLoggerListener.log 命令行参数：       --add-opens=java.rmi/sun.rmi.transport=ALL-UNNAMED
23-May-2026 20:33:52.292 信息 [main] org.apache.catalina.startup.VersionLoggerListener.log 命令行参数：       -Dcatalina.home=D:\apache-tomcat-10.1.52
23-May-2026 20:33:52.292 信息 [main] org.apache.catalina.startup.VersionLoggerListener.log 命令行参数：       -Dcatalina.base=D:\creat\property-management\src\main\webapp
23-May-2026 20:33:52.292 信息 [main] org.apache.catalina.startup.VersionLoggerListener.log 命令行参数：       -Djava.io.tmpdir=D:\creat\property-management\src\main\webapp\temp
23-May-2026 20:33:52.293 信息 [main] org.apache.catalina.startup.VersionLoggerListener.log 命令行参数：       -Djava.util.logging.config.file=D:\creat\property-management\src\main\webapp\conf\logging.properties
23-May-2026 20:33:52.293 信息 [main] org.apache.catalina.startup.VersionLoggerListener.log 命令行参数：       -Djava.util.logging.manager=org.apache.juli.ClassLoaderLogManager
23-May-2026 20:33:52.293 信息 [main] org.apache.catalina.startup.VersionLoggerListener.log 命令行参数：       -javaagent:C:\Program Files\JetBrains\IntelliJ IDEA Community Edition 2024.3\lib\idea_rt.jar=3317:C:\Program Files\JetBrains\IntelliJ IDEA Community Edition 2024.3\bin
23-May-2026 20:33:52.293 信息 [main] org.apache.catalina.startup.VersionLoggerListener.log 命令行参数：       -Dfile.encoding=UTF-8
23-May-2026 20:33:52.293 信息 [main] org.apache.catalina.startup.VersionLoggerListener.log 命令行参数：       -Dsun.stdout.encoding=UTF-8
23-May-2026 20:33:52.294 信息 [main] org.apache.catalina.startup.VersionLoggerListener.log 命令行参数：       -Dsun.stderr.encoding=UTF-8
23-May-2026 20:33:52.300 信息 [main] org.apache.catalina.core.AprLifecycleListener.lifecycleEvent 在java.library.path:[C:\Program Files\Java\jdk-21\bin;C:\WINDOWS\Sun\Java\bin;C:\WINDOWS\system32;C:\WINDOWS;C:\Program Files (x86)\VMware\VMware Workstation\bin\;$env:PATH;C:\MinGW\bin;C:\Program Files\NVIDIA Corporation\NVIDIA App\NvDLISR;C:\Program Files\dotnet\;C:\Program Files\nodejs\;C:\Program Files\Git LFS;C:\Windows\System32;C:\Windows;C:\Windows\System32\WindowsPowerShell\v1.0;C:\Program Files (x86)\Microsoft SQL Server\170\Tools\Binn\;C:\Program Files\Microsoft SQL Server\170\Tools\Binn\;C:\Program Files\Microsoft SQL Server\Client SDK\ODBC\180\Tools\Binn\;C:\Program Files\Microsoft SQL Server\170\DTS\Binn\;D:\rational rose\common;C:\tools\deepseek;C:\Program Files\GitHub CLI\;C:\Users\links\AppData\Local\Microsoft\WindowsApps;C:\Users\links\.dotnet\tools;D:\cursor\resources\app\bin;D:\Microsoft VS Code\bin;C:\MinGW\bin;C:\Users\links\AppData\Roaming\npm;C:\Users\links\AppData\Roaming\npm\bin;C:\Program Files\Git\cmd;C:\Program Files\Git\bin;C:\Program Files\Java\jdk-17\bin;C:\Users\links\AppData\Local\Python\bin;.]上找不到基于APR的Apache Tomcat本机库，该库允许在生产环境中获得最佳性能
23-May-2026 20:33:52.469 信息 [main] org.apache.coyote.AbstractProtocol.init 初始化协议处理器 ["http-nio-8080"]
23-May-2026 20:33:52.482 信息 [main] org.apache.catalina.startup.Catalina.load 服务器在[338]毫秒内初始化
23-May-2026 20:33:52.521 信息 [main] org.apache.catalina.core.StandardService.startInternal 正在启动服务[Catalina]
23-May-2026 20:33:52.521 信息 [main] org.apache.catalina.core.StandardEngine.startInternal 正在启动 Servlet 引擎：[Apache Tomcat/10.1.52]
23-May-2026 20:33:52.528 信息 [main] org.apache.catalina.startup.HostConfig.deployDescriptor 正在部署部署描述符[D:\creat\property-management\src\main\webapp\conf\Catalina\localhost\webapp.xml]。
23-May-2026 20:33:52.978 信息 [main] org.apache.jasper.servlet.TldScanner.scanJars 至少有一个JAR被扫描用于TLD但尚未包含TLD。 为此记录器启用调试日志记录，以获取已扫描但未在其中找到TLD的完整JAR列表。 在扫描期间跳过不需要的JAR可以缩短启动时间和JSP编译时间。
23-May-2026 20:33:53.007 警告 [main] org.apache.catalina.filters.FilterBase.init 未为[org.apache.catalina.filters.SetCharacterEncodingFilter]类型的筛选器定义属性[forceEncoding]
23-May-2026 20:33:53.021 信息 [main] org.apache.catalina.startup.HostConfig.deployDescriptor 部署描述符[D:\creat\property-management\src\main\webapp\conf\Catalina\localhost\webapp.xml]的部署已在[492]ms内完成
23-May-2026 20:33:53.024 信息 [main] org.apache.coyote.AbstractProtocol.start 开始协议处理句柄["http-nio-8080"]
23-May-2026 20:33:53.038 信息 [main] org.apache.catalina.startup.Catalina.start [553]毫秒后服务器启动
23-May-2026 20:42:08.185 信息 [Thread-1] org.apache.coyote.AbstractProtocol.pause 暂停ProtocolHandler["http-nio-8080"]
23-May-2026 20:42:08.188 信息 [Thread-1] org.apache.catalina.core.StandardService.stopInternal 正在停止服务[Catalina]
23-May-2026 20:42:08.193 信息 [Thread-1] org.apache.coyote.AbstractProtocol.stop 正在停止ProtocolHandler ["http-nio-8080"]
23-May-2026 20:42:08.197 信息 [Thread-1] org.apache.coyote.AbstractProtocol.destroy 正在销毁协议处理器 ["http-nio-8080"]
23-May-2026 20:52:51.291 信息 [main] org.apache.catalina.startup.VersionLoggerListener.log Server.服务器版本: Apache Tomcat/10.1.52
23-May-2026 20:52:51.294 信息 [main] org.apache.catalina.startup.VersionLoggerListener.log 服务器构建:        Jan 23 2026 19:29:07 UTC
23-May-2026 20:52:51.294 信息 [main] org.apache.catalina.startup.VersionLoggerListener.log 服务器版本号:      10.1.52.0
23-May-2026 20:52:51.294 信息 [main] org.apache.catalina.startup.VersionLoggerListener.log 操作系统名称:      Windows 11
23-May-2026 20:52:51.294 信息 [main] org.apache.catalina.startup.VersionLoggerListener.log OS.版本:           10.0
23-May-2026 20:52:51.294 信息 [main] org.apache.catalina.startup.VersionLoggerListener.log 架构:              amd64
23-May-2026 20:52:51.294 信息 [main] org.apache.catalina.startup.VersionLoggerListener.log Java 环境变量:     C:\Program Files\Java\jdk-21
23-May-2026 20:52:51.295 信息 [main] org.apache.catalina.startup.VersionLoggerListener.log Java虚拟机版本:    21.0.6+8-LTS-188
23-May-2026 20:52:51.295 信息 [main] org.apache.catalina.startup.VersionLoggerListener.log JVM.供应商:        Oracle Corporation
23-May-2026 20:52:51.295 信息 [main] org.apache.catalina.startup.VersionLoggerListener.log CATALINA_BASE:     D:\creat\property-management\src\main\webapp
23-May-2026 20:52:51.295 信息 [main] org.apache.catalina.startup.VersionLoggerListener.log CATALINA_HOME:     D:\apache-tomcat-10.1.52
23-May-2026 20:52:51.301 信息 [main] org.apache.catalina.startup.VersionLoggerListener.log 命令行参数：       --add-opens=java.base/java.lang=ALL-UNNAMED
23-May-2026 20:52:51.302 信息 [main] org.apache.catalina.startup.VersionLoggerListener.log 命令行参数：       --add-opens=java.base/java.io=ALL-UNNAMED
23-May-2026 20:52:51.302 信息 [main] org.apache.catalina.startup.VersionLoggerListener.log 命令行参数：       --add-opens=java.base/java.util=ALL-UNNAMED
23-May-2026 20:52:51.302 信息 [main] org.apache.catalina.startup.VersionLoggerListener.log 命令行参数：       --add-opens=java.base/java.util.concurrent=ALL-UNNAMED
23-May-2026 20:52:51.302 信息 [main] org.apache.catalina.startup.VersionLoggerListener.log 命令行参数：       --add-opens=java.rmi/sun.rmi.transport=ALL-UNNAMED
23-May-2026 20:52:51.302 信息 [main] org.apache.catalina.startup.VersionLoggerListener.log 命令行参数：       -Dcatalina.home=D:\apache-tomcat-10.1.52
23-May-2026 20:52:51.302 信息 [main] org.apache.catalina.startup.VersionLoggerListener.log 命令行参数：       -Dcatalina.base=D:\creat\property-management\src\main\webapp
23-May-2026 20:52:51.304 信息 [main] org.apache.catalina.startup.VersionLoggerListener.log 命令行参数：       -Djava.io.tmpdir=D:\creat\property-management\src\main\webapp\temp
23-May-2026 20:52:51.304 信息 [main] org.apache.catalina.startup.VersionLoggerListener.log 命令行参数：       -Djava.util.logging.config.file=D:\creat\property-management\src\main\webapp\conf\logging.properties
23-May-2026 20:52:51.304 信息 [main] org.apache.catalina.startup.VersionLoggerListener.log 命令行参数：       -Djava.util.logging.manager=org.apache.juli.ClassLoaderLogManager
23-May-2026 20:52:51.304 信息 [main] org.apache.catalina.startup.VersionLoggerListener.log 命令行参数：       -javaagent:C:\Program Files\JetBrains\IntelliJ IDEA Community Edition 2024.3\lib\idea_rt.jar=10851:C:\Program Files\JetBrains\IntelliJ IDEA Community Edition 2024.3\bin
23-May-2026 20:52:51.304 信息 [main] org.apache.catalina.startup.VersionLoggerListener.log 命令行参数：       -Dfile.encoding=UTF-8
23-May-2026 20:52:51.304 信息 [main] org.apache.catalina.startup.VersionLoggerListener.log 命令行参数：       -Dsun.stdout.encoding=UTF-8
23-May-2026 20:52:51.304 信息 [main] org.apache.catalina.startup.VersionLoggerListener.log 命令行参数：       -Dsun.stderr.encoding=UTF-8
23-May-2026 20:52:51.309 信息 [main] org.apache.catalina.core.AprLifecycleListener.lifecycleEvent 在java.library.path:[C:\Program Files\Java\jdk-21\bin;C:\WINDOWS\Sun\Java\bin;C:\WINDOWS\system32;C:\WINDOWS;C:\Program Files (x86)\VMware\VMware Workstation\bin\;$env:PATH;C:\MinGW\bin;C:\Program Files\NVIDIA Corporation\NVIDIA App\NvDLISR;C:\Program Files\dotnet\;C:\Program Files\nodejs\;C:\Program Files\Git LFS;C:\Windows\System32;C:\Windows;C:\Windows\System32\WindowsPowerShell\v1.0;C:\Program Files (x86)\Microsoft SQL Server\170\Tools\Binn\;C:\Program Files\Microsoft SQL Server\170\Tools\Binn\;C:\Program Files\Microsoft SQL Server\Client SDK\ODBC\180\Tools\Binn\;C:\Program Files\Microsoft SQL Server\170\DTS\Binn\;D:\rational rose\common;C:\tools\deepseek;C:\Program Files\GitHub CLI\;C:\Users\links\AppData\Local\Microsoft\WindowsApps;C:\Users\links\.dotnet\tools;D:\cursor\resources\app\bin;D:\Microsoft VS Code\bin;C:\MinGW\bin;C:\Users\links\AppData\Roaming\npm;C:\Users\links\AppData\Roaming\npm\bin;C:\Program Files\Git\cmd;C:\Program Files\Git\bin;C:\Program Files\Java\jdk-17\bin;C:\Users\links\AppData\Local\Python\bin;.]上找不到基于APR的Apache Tomcat本机库，该库允许在生产环境中获得最佳性能
23-May-2026 20:52:51.466 信息 [main] org.apache.coyote.AbstractProtocol.init 初始化协议处理器 ["http-nio-8080"]
23-May-2026 20:52:51.479 信息 [main] org.apache.catalina.startup.Catalina.load 服务器在[303]毫秒内初始化
23-May-2026 20:52:51.519 信息 [main] org.apache.catalina.core.StandardService.startInternal 正在启动服务[Catalina]
23-May-2026 20:52:51.520 信息 [main] org.apache.catalina.core.StandardEngine.startInternal 正在启动 Servlet 引擎：[Apache Tomcat/10.1.52]
23-May-2026 20:52:51.527 信息 [main] org.apache.catalina.startup.HostConfig.deployDescriptor 正在部署部署描述符[D:\creat\property-management\src\main\webapp\conf\Catalina\localhost\webapp.xml]。
23-May-2026 20:52:51.975 信息 [main] org.apache.jasper.servlet.TldScanner.scanJars 至少有一个JAR被扫描用于TLD但尚未包含TLD。 为此记录器启用调试日志记录，以获取已扫描但未在其中找到TLD的完整JAR列表。 在扫描期间跳过不需要的JAR可以缩短启动时间和JSP编译时间。
23-May-2026 20:52:52.001 警告 [main] org.apache.catalina.filters.FilterBase.init 未为[org.apache.catalina.filters.SetCharacterEncodingFilter]类型的筛选器定义属性[forceEncoding]
23-May-2026 20:52:52.012 信息 [main] org.apache.catalina.startup.HostConfig.deployDescriptor 部署描述符[D:\creat\property-management\src\main\webapp\conf\Catalina\localhost\webapp.xml]的部署已在[484]ms内完成
23-May-2026 20:52:52.015 信息 [main] org.apache.coyote.AbstractProtocol.start 开始协议处理句柄["http-nio-8080"]
23-May-2026 20:52:52.028 信息 [main] org.apache.catalina.startup.Catalina.start [549]毫秒后服务器启动
23-May-2026 20:53:53.372 信息 [Thread-1] org.apache.coyote.AbstractProtocol.pause 暂停ProtocolHandler["http-nio-8080"]
23-May-2026 20:53:53.376 信息 [Thread-1] org.apache.catalina.core.StandardService.stopInternal 正在停止服务[Catalina]
23-May-2026 20:53:53.378 警告 [Thread-1] org.apache.catalina.loader.WebappClassLoaderBase.clearReferencesJdbc Web应用程序 [webapp] 注册了JDBC驱动程序 [com.microsoft.sqlserver.jdbc.SQLServerDriver]，但在Web应用程序停止时无法注销它。 为防止内存泄漏，JDBC驱动程序已被强制取消注册。
23-May-2026 20:53:53.379 严重 [Thread-1] org.apache.catalina.loader.WebappClassLoaderBase.checkThreadLocalMapForLeaks web应用程序[webapp]创建了一个ThreadLocal，其键类型为[java.lang.ThreadLocal]（值为[java.lang.ThreadLocal@35cf8657]），值类型为[com.microsoft.sqlserver.jdbc.SQLServerConnection43]（值为[ConnectionID:9 ClientConnectionId: 0bf041a3-e87e-4319-9fb3-f0a320982c47），但在停止web应用程序时未能将其删除。线程将随着时间的推移而更新，以尝试避免可能的内存泄漏
23-May-2026 20:53:53.379 严重 [Thread-1] org.apache.catalina.loader.WebappClassLoaderBase.checkThreadLocalMapForLeaks web应用程序[webapp]创建了一个ThreadLocal，其键类型为[java.lang.ThreadLocal]（值为[java.lang.ThreadLocal@35cf8657]），值类型为[com.microsoft.sqlserver.jdbc.SQLServerConnection43]（值为[ConnectionID:19 ClientConnectionId: 16a3b443-8451-4287-b3e8-b00555fb39db），但在停止web应用程序时未能将其删除。线程将随着时间的推移而更新，以尝试避免可能的内存泄漏
23-May-2026 20:53:53.379 严重 [Thread-1] org.apache.catalina.loader.WebappClassLoaderBase.checkThreadLocalMapForLeaks web应用程序[webapp]创建了一个ThreadLocal，其键类型为[java.lang.ThreadLocal]（值为[java.lang.ThreadLocal@35cf8657]），值类型为[com.microsoft.sqlserver.jdbc.SQLServerConnection43]（值为[ConnectionID:15 ClientConnectionId: 66a5ba11-8e55-4f7c-b187-fc5eb2d9a07c），但在停止web应用程序时未能将其删除。线程将随着时间的推移而更新，以尝试避免可能的内存泄漏
23-May-2026 20:53:53.379 严重 [Thread-1] org.apache.catalina.loader.WebappClassLoaderBase.checkThreadLocalMapForLeaks web应用程序[webapp]创建了一个ThreadLocal，其键类型为[java.lang.ThreadLocal]（值为[java.lang.ThreadLocal@35cf8657]），值类型为[com.microsoft.sqlserver.jdbc.SQLServerConnection43]（值为[ConnectionID:14 ClientConnectionId: aa12faf6-613a-4ab7-801d-ddab4967607f），但在停止web应用程序时未能将其删除。线程将随着时间的推移而更新，以尝试避免可能的内存泄漏
23-May-2026 20:53:53.380 严重 [Thread-1] org.apache.catalina.loader.WebappClassLoaderBase.checkThreadLocalMapForLeaks web应用程序[webapp]创建了一个ThreadLocal，其键类型为[java.lang.ThreadLocal]（值为[java.lang.ThreadLocal@35cf8657]），值类型为[com.microsoft.sqlserver.jdbc.SQLServerConnection43]（值为[ConnectionID:12 ClientConnectionId: b49662cc-3bbe-40d6-b331-2487b1226760），但在停止web应用程序时未能将其删除。线程将随着时间的推移而更新，以尝试避免可能的内存泄漏
23-May-2026 20:53:53.380 严重 [Thread-1] org.apache.catalina.loader.WebappClassLoaderBase.checkThreadLocalMapForLeaks web应用程序[webapp]创建了一个ThreadLocal，其键类型为[java.lang.ThreadLocal]（值为[java.lang.ThreadLocal@35cf8657]），值类型为[com.microsoft.sqlserver.jdbc.SQLServerConnection43]（值为[ConnectionID:16 ClientConnectionId: bbcba6f0-a3a6-4bf3-b6de-c0b21827b808），但在停止web应用程序时未能将其删除。线程将随着时间的推移而更新，以尝试避免可能的内存泄漏
23-May-2026 20:53:53.380 严重 [Thread-1] org.apache.catalina.loader.WebappClassLoaderBase.checkThreadLocalMapForLeaks web应用程序[webapp]创建了一个ThreadLocal，其键类型为[java.lang.ThreadLocal]（值为[java.lang.ThreadLocal@35cf8657]），值类型为[com.microsoft.sqlserver.jdbc.SQLServerConnection43]（值为[ConnectionID:13 ClientConnectionId: 4808266c-01e4-4c55-a1e8-f3e3b7c804bc），但在停止web应用程序时未能将其删除。线程将随着时间的推移而更新，以尝试避免可能的内存泄漏
23-May-2026 20:53:53.380 严重 [Thread-1] org.apache.catalina.loader.WebappClassLoaderBase.checkThreadLocalMapForLeaks web应用程序[webapp]创建了一个ThreadLocal，其键类型为[java.lang.ThreadLocal]（值为[java.lang.ThreadLocal@35cf8657]），值类型为[com.microsoft.sqlserver.jdbc.SQLServerConnection43]（值为[ConnectionID:4 ClientConnectionId: 355aed9c-2f16-4f2a-a8e5-8d1fe4dda542），但在停止web应用程序时未能将其删除。线程将随着时间的推移而更新，以尝试避免可能的内存泄漏
23-May-2026 20:53:53.380 严重 [Thread-1] org.apache.catalina.loader.WebappClassLoaderBase.checkThreadLocalMapForLeaks web应用程序[webapp]创建了一个ThreadLocal，其键类型为[java.lang.ThreadLocal]（值为[java.lang.ThreadLocal@35cf8657]），值类型为[com.microsoft.sqlserver.jdbc.SQLServerConnection43]（值为[ConnectionID:17 ClientConnectionId: 6cdf8665-4470-43ef-b4d6-356a92fecdb0），但在停止web应用程序时未能将其删除。线程将随着时间的推移而更新，以尝试避免可能的内存泄漏
23-May-2026 20:53:53.380 严重 [Thread-1] org.apache.catalina.loader.WebappClassLoaderBase.checkThreadLocalMapForLeaks web应用程序[webapp]创建了一个ThreadLocal，其键类型为[java.lang.ThreadLocal]（值为[java.lang.ThreadLocal@35cf8657]），值类型为[com.microsoft.sqlserver.jdbc.SQLServerConnection43]（值为[ConnectionID:18 ClientConnectionId: f4519178-37a2-4f5e-acd9-d2c46b390a64），但在停止web应用程序时未能将其删除。线程将随着时间的推移而更新，以尝试避免可能的内存泄漏
23-May-2026 20:53:53.381 信息 [Thread-1] org.apache.coyote.AbstractProtocol.stop 正在停止ProtocolHandler ["http-nio-8080"]
23-May-2026 20:53:53.385 信息 [Thread-1] org.apache.coyote.AbstractProtocol.destroy 正在销毁协议处理器 ["http-nio-8080"]
23-May-2026 20:57:50.204 信息 [main] org.apache.catalina.startup.VersionLoggerListener.log Server.服务器版本: Apache Tomcat/10.1.52
23-May-2026 20:57:50.207 信息 [main] org.apache.catalina.startup.VersionLoggerListener.log 服务器构建:        Jan 23 2026 19:29:07 UTC
23-May-2026 20:57:50.207 信息 [main] org.apache.catalina.startup.VersionLoggerListener.log 服务器版本号:      10.1.52.0
23-May-2026 20:57:50.208 信息 [main] org.apache.catalina.startup.VersionLoggerListener.log 操作系统名称:      Windows 11
23-May-2026 20:57:50.208 信息 [main] org.apache.catalina.startup.VersionLoggerListener.log OS.版本:           10.0
23-May-2026 20:57:50.208 信息 [main] org.apache.catalina.startup.VersionLoggerListener.log 架构:              amd64
23-May-2026 20:57:50.208 信息 [main] org.apache.catalina.startup.VersionLoggerListener.log Java 环境变量:     C:\Program Files\Java\jdk-21
23-May-2026 20:57:50.208 信息 [main] org.apache.catalina.startup.VersionLoggerListener.log Java虚拟机版本:    21.0.6+8-LTS-188
23-May-2026 20:57:50.208 信息 [main] org.apache.catalina.startup.VersionLoggerListener.log JVM.供应商:        Oracle Corporation
23-May-2026 20:57:50.208 信息 [main] org.apache.catalina.startup.VersionLoggerListener.log CATALINA_BASE:     D:\creat\property-management\src\main\webapp
23-May-2026 20:57:50.209 信息 [main] org.apache.catalina.startup.VersionLoggerListener.log CATALINA_HOME:     D:\apache-tomcat-10.1.52
23-May-2026 20:57:50.219 信息 [main] org.apache.catalina.startup.VersionLoggerListener.log 命令行参数：       --add-opens=java.base/java.lang=ALL-UNNAMED
23-May-2026 20:57:50.219 信息 [main] org.apache.catalina.startup.VersionLoggerListener.log 命令行参数：       --add-opens=java.base/java.io=ALL-UNNAMED
23-May-2026 20:57:50.219 信息 [main] org.apache.catalina.startup.VersionLoggerListener.log 命令行参数：       --add-opens=java.base/java.util=ALL-UNNAMED
23-May-2026 20:57:50.220 信息 [main] org.apache.catalina.startup.VersionLoggerListener.log 命令行参数：       --add-opens=java.base/java.util.concurrent=ALL-UNNAMED
23-May-2026 20:57:50.220 信息 [main] org.apache.catalina.startup.VersionLoggerListener.log 命令行参数：       --add-opens=java.rmi/sun.rmi.transport=ALL-UNNAMED
23-May-2026 20:57:50.220 信息 [main] org.apache.catalina.startup.VersionLoggerListener.log 命令行参数：       -Dcatalina.home=D:\apache-tomcat-10.1.52
23-May-2026 20:57:50.220 信息 [main] org.apache.catalina.startup.VersionLoggerListener.log 命令行参数：       -Dcatalina.base=D:\creat\property-management\src\main\webapp
23-May-2026 20:57:50.220 信息 [main] org.apache.catalina.startup.VersionLoggerListener.log 命令行参数：       -Djava.io.tmpdir=D:\creat\property-management\src\main\webapp\temp
23-May-2026 20:57:50.221 信息 [main] org.apache.catalina.startup.VersionLoggerListener.log 命令行参数：       -Djava.util.logging.config.file=D:\creat\property-management\src\main\webapp\conf\logging.properties
23-May-2026 20:57:50.221 信息 [main] org.apache.catalina.startup.VersionLoggerListener.log 命令行参数：       -Djava.util.logging.manager=org.apache.juli.ClassLoaderLogManager
23-May-2026 20:57:50.221 信息 [main] org.apache.catalina.startup.VersionLoggerListener.log 命令行参数：       -javaagent:C:\Program Files\JetBrains\IntelliJ IDEA Community Edition 2024.3\lib\idea_rt.jar=12232:C:\Program Files\JetBrains\IntelliJ IDEA Community Edition 2024.3\bin
23-May-2026 20:57:50.221 信息 [main] org.apache.catalina.startup.VersionLoggerListener.log 命令行参数：       -Dfile.encoding=UTF-8
23-May-2026 20:57:50.221 信息 [main] org.apache.catalina.startup.VersionLoggerListener.log 命令行参数：       -Dsun.stdout.encoding=UTF-8
23-May-2026 20:57:50.221 信息 [main] org.apache.catalina.startup.VersionLoggerListener.log 命令行参数：       -Dsun.stderr.encoding=UTF-8
23-May-2026 20:57:50.230 信息 [main] org.apache.catalina.core.AprLifecycleListener.lifecycleEvent 在java.library.path:[C:\Program Files\Java\jdk-21\bin;C:\WINDOWS\Sun\Java\bin;C:\WINDOWS\system32;C:\WINDOWS;C:\Program Files (x86)\VMware\VMware Workstation\bin\;$env:PATH;C:\MinGW\bin;C:\Program Files\NVIDIA Corporation\NVIDIA App\NvDLISR;C:\Program Files\dotnet\;C:\Program Files\nodejs\;C:\Program Files\Git LFS;C:\Windows\System32;C:\Windows;C:\Windows\System32\WindowsPowerShell\v1.0;C:\Program Files (x86)\Microsoft SQL Server\170\Tools\Binn\;C:\Program Files\Microsoft SQL Server\170\Tools\Binn\;C:\Program Files\Microsoft SQL Server\Client SDK\ODBC\180\Tools\Binn\;C:\Program Files\Microsoft SQL Server\170\DTS\Binn\;D:\rational rose\common;C:\tools\deepseek;C:\Program Files\GitHub CLI\;C:\Users\links\AppData\Local\Microsoft\WindowsApps;C:\Users\links\.dotnet\tools;D:\cursor\resources\app\bin;D:\Microsoft VS Code\bin;C:\MinGW\bin;C:\Users\links\AppData\Roaming\npm;C:\Users\links\AppData\Roaming\npm\bin;C:\Program Files\Git\cmd;C:\Program Files\Git\bin;C:\Program Files\Java\jdk-17\bin;C:\Users\links\AppData\Local\Python\bin;.]上找不到基于APR的Apache Tomcat本机库，该库允许在生产环境中获得最佳性能
23-May-2026 20:57:50.388 信息 [main] org.apache.coyote.AbstractProtocol.init 初始化协议处理器 ["http-nio-8080"]
23-May-2026 20:57:50.397 信息 [main] org.apache.catalina.startup.Catalina.load 服务器在[325]毫秒内初始化
23-May-2026 20:57:50.444 信息 [main] org.apache.catalina.core.StandardService.startInternal 正在启动服务[Catalina]
23-May-2026 20:57:50.444 信息 [main] org.apache.catalina.core.StandardEngine.startInternal 正在启动 Servlet 引擎：[Apache Tomcat/10.1.52]
23-May-2026 20:57:50.451 信息 [main] org.apache.catalina.startup.HostConfig.deployDescriptor 正在部署部署描述符[D:\creat\property-management\src\main\webapp\conf\Catalina\localhost\webapp.xml]。
23-May-2026 20:57:50.879 信息 [main] org.apache.jasper.servlet.TldScanner.scanJars 至少有一个JAR被扫描用于TLD但尚未包含TLD。 为此记录器启用调试日志记录，以获取已扫描但未在其中找到TLD的完整JAR列表。 在扫描期间跳过不需要的JAR可以缩短启动时间和JSP编译时间。
23-May-2026 20:57:50.907 警告 [main] org.apache.catalina.filters.FilterBase.init 未为[org.apache.catalina.filters.SetCharacterEncodingFilter]类型的筛选器定义属性[forceEncoding]
23-May-2026 20:57:50.918 信息 [main] org.apache.catalina.startup.HostConfig.deployDescriptor 部署描述符[D:\creat\property-management\src\main\webapp\conf\Catalina\localhost\webapp.xml]的部署已在[465]ms内完成
23-May-2026 20:57:50.921 信息 [main] org.apache.coyote.AbstractProtocol.start 开始协议处理句柄["http-nio-8080"]
23-May-2026 20:57:50.934 信息 [main] org.apache.catalina.startup.Catalina.start [535]毫秒后服务器启动
23-May-2026 20:59:56.332 信息 [Thread-1] org.apache.coyote.AbstractProtocol.pause 暂停ProtocolHandler["http-nio-8080"]
23-May-2026 20:59:56.335 信息 [Thread-1] org.apache.catalina.core.StandardService.stopInternal 正在停止服务[Catalina]
23-May-2026 20:59:56.338 警告 [Thread-1] org.apache.catalina.loader.WebappClassLoaderBase.clearReferencesJdbc Web应用程序 [webapp] 注册了JDBC驱动程序 [com.microsoft.sqlserver.jdbc.SQLServerDriver]，但在Web应用程序停止时无法注销它。 为防止内存泄漏，JDBC驱动程序已被强制取消注册。
23-May-2026 20:59:56.338 严重 [Thread-1] org.apache.catalina.loader.WebappClassLoaderBase.checkThreadLocalMapForLeaks web应用程序[webapp]创建了一个ThreadLocal，其键类型为[java.lang.ThreadLocal]（值为[java.lang.ThreadLocal@51270d71]），值类型为[com.microsoft.sqlserver.jdbc.SQLServerConnection43]（值为[ConnectionID:34 ClientConnectionId: 996d748c-1a4e-409f-9851-c364a8c34459），但在停止web应用程序时未能将其删除。线程将随着时间的推移而更新，以尝试避免可能的内存泄漏
23-May-2026 20:59:56.339 严重 [Thread-1] org.apache.catalina.loader.WebappClassLoaderBase.checkThreadLocalMapForLeaks web应用程序[webapp]创建了一个ThreadLocal，其键类型为[java.lang.ThreadLocal]（值为[java.lang.ThreadLocal@51270d71]），值类型为[com.microsoft.sqlserver.jdbc.SQLServerConnection43]（值为[ConnectionID:43 ClientConnectionId: c76c40d3-23a3-4df3-9834-182c5fcb5f4f），但在停止web应用程序时未能将其删除。线程将随着时间的推移而更新，以尝试避免可能的内存泄漏
23-May-2026 20:59:56.339 严重 [Thread-1] org.apache.catalina.loader.WebappClassLoaderBase.checkThreadLocalMapForLeaks web应用程序[webapp]创建了一个ThreadLocal，其键类型为[java.lang.ThreadLocal]（值为[java.lang.ThreadLocal@51270d71]），值类型为[com.microsoft.sqlserver.jdbc.SQLServerConnection43]（值为[ConnectionID:36 ClientConnectionId: 2bcb17b9-ffce-4057-a9d9-c877175e6f91），但在停止web应用程序时未能将其删除。线程将随着时间的推移而更新，以尝试避免可能的内存泄漏
23-May-2026 20:59:56.339 严重 [Thread-1] org.apache.catalina.loader.WebappClassLoaderBase.checkThreadLocalMapForLeaks web应用程序[webapp]创建了一个ThreadLocal，其键类型为[java.lang.ThreadLocal]（值为[java.lang.ThreadLocal@51270d71]），值类型为[com.microsoft.sqlserver.jdbc.SQLServerConnection43]（值为[ConnectionID:38 ClientConnectionId: 96500110-57b0-400b-ae55-e8a0c66c9f86），但在停止web应用程序时未能将其删除。线程将随着时间的推移而更新，以尝试避免可能的内存泄漏
23-May-2026 20:59:56.339 严重 [Thread-1] org.apache.catalina.loader.WebappClassLoaderBase.checkThreadLocalMapForLeaks web应用程序[webapp]创建了一个ThreadLocal，其键类型为[java.lang.ThreadLocal]（值为[java.lang.ThreadLocal@51270d71]），值类型为[com.microsoft.sqlserver.jdbc.SQLServerConnection43]（值为[ConnectionID:39 ClientConnectionId: d1d313a1-1897-4fca-a6b1-7acd4b1d950f），但在停止web应用程序时未能将其删除。线程将随着时间的推移而更新，以尝试避免可能的内存泄漏
23-May-2026 20:59:56.339 严重 [Thread-1] org.apache.catalina.loader.WebappClassLoaderBase.checkThreadLocalMapForLeaks web应用程序[webapp]创建了一个ThreadLocal，其键类型为[java.lang.ThreadLocal]（值为[java.lang.ThreadLocal@51270d71]），值类型为[com.microsoft.sqlserver.jdbc.SQLServerConnection43]（值为[ConnectionID:40 ClientConnectionId: 8c292ec0-f565-41b9-95d9-5c17512676dc），但在停止web应用程序时未能将其删除。线程将随着时间的推移而更新，以尝试避免可能的内存泄漏
23-May-2026 20:59:56.339 严重 [Thread-1] org.apache.catalina.loader.WebappClassLoaderBase.checkThreadLocalMapForLeaks web应用程序[webapp]创建了一个ThreadLocal，其键类型为[java.lang.ThreadLocal]（值为[java.lang.ThreadLocal@51270d71]），值类型为[com.microsoft.sqlserver.jdbc.SQLServerConnection43]（值为[ConnectionID:42 ClientConnectionId: e6dbfd82-986e-43b5-8021-b7bf86c3e5c9），但在停止web应用程序时未能将其删除。线程将随着时间的推移而更新，以尝试避免可能的内存泄漏
23-May-2026 20:59:56.339 严重 [Thread-1] org.apache.catalina.loader.WebappClassLoaderBase.checkThreadLocalMapForLeaks web应用程序[webapp]创建了一个ThreadLocal，其键类型为[java.lang.ThreadLocal]（值为[java.lang.ThreadLocal@51270d71]），值类型为[com.microsoft.sqlserver.jdbc.SQLServerConnection43]（值为[ConnectionID:31 ClientConnectionId: 78a81370-1b0d-4f9b-b990-682742484f03），但在停止web应用程序时未能将其删除。线程将随着时间的推移而更新，以尝试避免可能的内存泄漏
23-May-2026 20:59:56.340 严重 [Thread-1] org.apache.catalina.loader.WebappClassLoaderBase.checkThreadLocalMapForLeaks web应用程序[webapp]创建了一个ThreadLocal，其键类型为[java.lang.ThreadLocal]（值为[java.lang.ThreadLocal@51270d71]），值类型为[com.microsoft.sqlserver.jdbc.SQLServerConnection43]（值为[ConnectionID:32 ClientConnectionId: b1382867-97cd-4ddd-a9eb-e0127bec0d0f），但在停止web应用程序时未能将其删除。线程将随着时间的推移而更新，以尝试避免可能的内存泄漏
23-May-2026 20:59:56.340 严重 [Thread-1] org.apache.catalina.loader.WebappClassLoaderBase.checkThreadLocalMapForLeaks web应用程序[webapp]创建了一个ThreadLocal，其键类型为[java.lang.ThreadLocal]（值为[java.lang.ThreadLocal@51270d71]），值类型为[com.microsoft.sqlserver.jdbc.SQLServerConnection43]（值为[ConnectionID:33 ClientConnectionId: 3fab0bd3-b87e-4ca6-9497-c74ac17d4d49），但在停止web应用程序时未能将其删除。线程将随着时间的推移而更新，以尝试避免可能的内存泄漏
23-May-2026 20:59:56.341 信息 [Thread-1] org.apache.coyote.AbstractProtocol.stop 正在停止ProtocolHandler ["http-nio-8080"]
23-May-2026 20:59:56.344 信息 [Thread-1] org.apache.coyote.AbstractProtocol.destroy 正在销毁协议处理器 ["http-nio-8080"]
23-May-2026 21:14:58.713 信息 [main] org.apache.catalina.startup.VersionLoggerListener.log Server.服务器版本: Apache Tomcat/10.1.52
23-May-2026 21:14:58.715 信息 [main] org.apache.catalina.startup.VersionLoggerListener.log 服务器构建:        Jan 23 2026 19:29:07 UTC
23-May-2026 21:14:58.717 信息 [main] org.apache.catalina.startup.VersionLoggerListener.log 服务器版本号:      10.1.52.0
23-May-2026 21:14:58.717 信息 [main] org.apache.catalina.startup.VersionLoggerListener.log 操作系统名称:      Windows 11
23-May-2026 21:14:58.717 信息 [main] org.apache.catalina.startup.VersionLoggerListener.log OS.版本:           10.0
23-May-2026 21:14:58.717 信息 [main] org.apache.catalina.startup.VersionLoggerListener.log 架构:              amd64
23-May-2026 21:14:58.717 信息 [main] org.apache.catalina.startup.VersionLoggerListener.log Java 环境变量:     C:\Program Files\Java\jdk-21
23-May-2026 21:14:58.717 信息 [main] org.apache.catalina.startup.VersionLoggerListener.log Java虚拟机版本:    21.0.6+8-LTS-188
23-May-2026 21:14:58.717 信息 [main] org.apache.catalina.startup.VersionLoggerListener.log JVM.供应商:        Oracle Corporation
23-May-2026 21:14:58.718 信息 [main] org.apache.catalina.startup.VersionLoggerListener.log CATALINA_BASE:     D:\creat\property-management\src\main\webapp
23-May-2026 21:14:58.718 信息 [main] org.apache.catalina.startup.VersionLoggerListener.log CATALINA_HOME:     D:\apache-tomcat-10.1.52
23-May-2026 21:14:58.723 信息 [main] org.apache.catalina.startup.VersionLoggerListener.log 命令行参数：       --add-opens=java.base/java.lang=ALL-UNNAMED
23-May-2026 21:14:58.723 信息 [main] org.apache.catalina.startup.VersionLoggerListener.log 命令行参数：       --add-opens=java.base/java.io=ALL-UNNAMED
23-May-2026 21:14:58.723 信息 [main] org.apache.catalina.startup.VersionLoggerListener.log 命令行参数：       --add-opens=java.base/java.util=ALL-UNNAMED
23-May-2026 21:14:58.723 信息 [main] org.apache.catalina.startup.VersionLoggerListener.log 命令行参数：       --add-opens=java.base/java.util.concurrent=ALL-UNNAMED
23-May-2026 21:14:58.723 信息 [main] org.apache.catalina.startup.VersionLoggerListener.log 命令行参数：       --add-opens=java.rmi/sun.rmi.transport=ALL-UNNAMED
23-May-2026 21:14:58.723 信息 [main] org.apache.catalina.startup.VersionLoggerListener.log 命令行参数：       -Dcatalina.home=D:\apache-tomcat-10.1.52
23-May-2026 21:14:58.724 信息 [main] org.apache.catalina.startup.VersionLoggerListener.log 命令行参数：       -Dcatalina.base=D:\creat\property-management\src\main\webapp
23-May-2026 21:14:58.724 信息 [main] org.apache.catalina.startup.VersionLoggerListener.log 命令行参数：       -Djava.io.tmpdir=D:\creat\property-management\src\main\webapp\temp
23-May-2026 21:14:58.724 信息 [main] org.apache.catalina.startup.VersionLoggerListener.log 命令行参数：       -Djava.util.logging.config.file=D:\creat\property-management\src\main\webapp\conf\logging.properties
23-May-2026 21:14:58.724 信息 [main] org.apache.catalina.startup.VersionLoggerListener.log 命令行参数：       -Djava.util.logging.manager=org.apache.juli.ClassLoaderLogManager
23-May-2026 21:14:58.726 信息 [main] org.apache.catalina.startup.VersionLoggerListener.log 命令行参数：       -javaagent:C:\Program Files\JetBrains\IntelliJ IDEA Community Edition 2024.3\lib\idea_rt.jar=7583:C:\Program Files\JetBrains\IntelliJ IDEA Community Edition 2024.3\bin
23-May-2026 21:14:58.726 信息 [main] org.apache.catalina.startup.VersionLoggerListener.log 命令行参数：       -Dfile.encoding=UTF-8
23-May-2026 21:14:58.726 信息 [main] org.apache.catalina.startup.VersionLoggerListener.log 命令行参数：       -Dsun.stdout.encoding=UTF-8
23-May-2026 21:14:58.726 信息 [main] org.apache.catalina.startup.VersionLoggerListener.log 命令行参数：       -Dsun.stderr.encoding=UTF-8
23-May-2026 21:14:58.731 信息 [main] org.apache.catalina.core.AprLifecycleListener.lifecycleEvent 在java.library.path:[C:\Program Files\Java\jdk-21\bin;C:\WINDOWS\Sun\Java\bin;C:\WINDOWS\system32;C:\WINDOWS;C:\Program Files (x86)\VMware\VMware Workstation\bin\;$env:PATH;C:\MinGW\bin;C:\Program Files\NVIDIA Corporation\NVIDIA App\NvDLISR;C:\Program Files\dotnet\;C:\Program Files\nodejs\;C:\Program Files\Git LFS;C:\Windows\System32;C:\Windows;C:\Windows\System32\WindowsPowerShell\v1.0;C:\Program Files (x86)\Microsoft SQL Server\170\Tools\Binn\;C:\Program Files\Microsoft SQL Server\170\Tools\Binn\;C:\Program Files\Microsoft SQL Server\Client SDK\ODBC\180\Tools\Binn\;C:\Program Files\Microsoft SQL Server\170\DTS\Binn\;D:\rational rose\common;C:\tools\deepseek;C:\Program Files\GitHub CLI\;C:\Users\links\AppData\Local\Microsoft\WindowsApps;C:\Users\links\.dotnet\tools;D:\cursor\resources\app\bin;D:\Microsoft VS Code\bin;C:\MinGW\bin;C:\Users\links\AppData\Roaming\npm;C:\Users\links\AppData\Roaming\npm\bin;C:\Program Files\Git\cmd;C:\Program Files\Git\bin;C:\Program Files\Java\jdk-17\bin;C:\Users\links\AppData\Local\Python\bin;.]上找不到基于APR的Apache Tomcat本机库，该库允许在生产环境中获得最佳性能
23-May-2026 21:14:58.888 信息 [main] org.apache.coyote.AbstractProtocol.init 初始化协议处理器 ["http-nio-8080"]
23-May-2026 21:14:58.897 信息 [main] org.apache.catalina.startup.Catalina.load 服务器在[304]毫秒内初始化
23-May-2026 21:14:58.940 信息 [main] org.apache.catalina.core.StandardService.startInternal 正在启动服务[Catalina]
23-May-2026 21:14:58.940 信息 [main] org.apache.catalina.core.StandardEngine.startInternal 正在启动 Servlet 引擎：[Apache Tomcat/10.1.52]
23-May-2026 21:14:58.947 信息 [main] org.apache.catalina.startup.HostConfig.deployDescriptor 正在部署部署描述符[D:\creat\property-management\src\main\webapp\conf\Catalina\localhost\webapp.xml]。
23-May-2026 21:14:59.377 信息 [main] org.apache.jasper.servlet.TldScanner.scanJars 至少有一个JAR被扫描用于TLD但尚未包含TLD。 为此记录器启用调试日志记录，以获取已扫描但未在其中找到TLD的完整JAR列表。 在扫描期间跳过不需要的JAR可以缩短启动时间和JSP编译时间。
23-May-2026 21:14:59.404 警告 [main] org.apache.catalina.filters.FilterBase.init 未为[org.apache.catalina.filters.SetCharacterEncodingFilter]类型的筛选器定义属性[forceEncoding]
23-May-2026 21:14:59.416 信息 [main] org.apache.catalina.startup.HostConfig.deployDescriptor 部署描述符[D:\creat\property-management\src\main\webapp\conf\Catalina\localhost\webapp.xml]的部署已在[467]ms内完成
23-May-2026 21:14:59.418 信息 [main] org.apache.coyote.AbstractProtocol.start 开始协议处理句柄["http-nio-8080"]
23-May-2026 21:14:59.431 信息 [main] org.apache.catalina.startup.Catalina.start [532]毫秒后服务器启动
23-May-2026 21:26:05.895 信息 [Thread-1] org.apache.coyote.AbstractProtocol.pause 暂停ProtocolHandler["http-nio-8080"]
23-May-2026 21:26:05.898 信息 [Thread-1] org.apache.catalina.core.StandardService.stopInternal 正在停止服务[Catalina]
23-May-2026 21:26:05.900 警告 [Thread-1] org.apache.catalina.loader.WebappClassLoaderBase.clearReferencesJdbc Web应用程序 [webapp] 注册了JDBC驱动程序 [com.microsoft.sqlserver.jdbc.SQLServerDriver]，但在Web应用程序停止时无法注销它。 为防止内存泄漏，JDBC驱动程序已被强制取消注册。
23-May-2026 21:26:05.901 严重 [Thread-1] org.apache.catalina.loader.WebappClassLoaderBase.checkThreadLocalMapForLeaks web应用程序[webapp]创建了一个ThreadLocal，其键类型为[java.lang.ThreadLocal]（值为[java.lang.ThreadLocal@6cc0a31d]），值类型为[com.microsoft.sqlserver.jdbc.SQLServerConnection43]（值为[ConnectionID:28 ClientConnectionId: 1153b03a-9c41-42fa-b9ad-6628a99f8c47），但在停止web应用程序时未能将其删除。线程将随着时间的推移而更新，以尝试避免可能的内存泄漏
23-May-2026 21:26:05.902 严重 [Thread-1] org.apache.catalina.loader.WebappClassLoaderBase.checkThreadLocalMapForLeaks web应用程序[webapp]创建了一个ThreadLocal，其键类型为[java.lang.ThreadLocal]（值为[java.lang.ThreadLocal@6cc0a31d]），值类型为[com.microsoft.sqlserver.jdbc.SQLServerConnection43]（值为[ConnectionID:31 ClientConnectionId: e6641160-d624-49c0-9046-cd1911eef4f4），但在停止web应用程序时未能将其删除。线程将随着时间的推移而更新，以尝试避免可能的内存泄漏
23-May-2026 21:26:05.902 严重 [Thread-1] org.apache.catalina.loader.WebappClassLoaderBase.checkThreadLocalMapForLeaks web应用程序[webapp]创建了一个ThreadLocal，其键类型为[java.lang.ThreadLocal]（值为[java.lang.ThreadLocal@6cc0a31d]），值类型为[com.microsoft.sqlserver.jdbc.SQLServerConnection43]（值为[ConnectionID:34 ClientConnectionId: c747af20-a2d9-49cc-b1a0-b1b50a744324），但在停止web应用程序时未能将其删除。线程将随着时间的推移而更新，以尝试避免可能的内存泄漏
23-May-2026 21:26:05.902 严重 [Thread-1] org.apache.catalina.loader.WebappClassLoaderBase.checkThreadLocalMapForLeaks web应用程序[webapp]创建了一个ThreadLocal，其键类型为[java.lang.ThreadLocal]（值为[java.lang.ThreadLocal@6cc0a31d]），值类型为[com.microsoft.sqlserver.jdbc.SQLServerConnection43]（值为[ConnectionID:32 ClientConnectionId: d6b0466c-8511-4c28-9b73-ff01a7a2dff3），但在停止web应用程序时未能将其删除。线程将随着时间的推移而更新，以尝试避免可能的内存泄漏
23-May-2026 21:26:05.902 严重 [Thread-1] org.apache.catalina.loader.WebappClassLoaderBase.checkThreadLocalMapForLeaks web应用程序[webapp]创建了一个ThreadLocal，其键类型为[java.lang.ThreadLocal]（值为[java.lang.ThreadLocal@6cc0a31d]），值类型为[com.microsoft.sqlserver.jdbc.SQLServerConnection43]（值为[ConnectionID:17 ClientConnectionId: 76b52bc6-e514-49bd-8e96-6478cbf690c8），但在停止web应用程序时未能将其删除。线程将随着时间的推移而更新，以尝试避免可能的内存泄漏
23-May-2026 21:26:05.902 严重 [Thread-1] org.apache.catalina.loader.WebappClassLoaderBase.checkThreadLocalMapForLeaks web应用程序[webapp]创建了一个ThreadLocal，其键类型为[java.lang.ThreadLocal]（值为[java.lang.ThreadLocal@6cc0a31d]），值类型为[com.microsoft.sqlserver.jdbc.SQLServerConnection43]（值为[ConnectionID:19 ClientConnectionId: 8b0999ae-d270-4d3b-8278-8192cf944abd），但在停止web应用程序时未能将其删除。线程将随着时间的推移而更新，以尝试避免可能的内存泄漏
23-May-2026 21:26:05.902 严重 [Thread-1] org.apache.catalina.loader.WebappClassLoaderBase.checkThreadLocalMapForLeaks web应用程序[webapp]创建了一个ThreadLocal，其键类型为[java.lang.ThreadLocal]（值为[java.lang.ThreadLocal@6cc0a31d]），值类型为[com.microsoft.sqlserver.jdbc.SQLServerConnection43]（值为[ConnectionID:21 ClientConnectionId: 25d726b7-1ad0-4c61-8319-5046e71689e8），但在停止web应用程序时未能将其删除。线程将随着时间的推移而更新，以尝试避免可能的内存泄漏
23-May-2026 21:26:05.902 严重 [Thread-1] org.apache.catalina.loader.WebappClassLoaderBase.checkThreadLocalMapForLeaks web应用程序[webapp]创建了一个ThreadLocal，其键类型为[java.lang.ThreadLocal]（值为[java.lang.ThreadLocal@6cc0a31d]），值类型为[com.microsoft.sqlserver.jdbc.SQLServerConnection43]（值为[ConnectionID:23 ClientConnectionId: c8d6e362-b28f-4804-b342-d1bd4fb54c45），但在停止web应用程序时未能将其删除。线程将随着时间的推移而更新，以尝试避免可能的内存泄漏
23-May-2026 21:26:05.903 严重 [Thread-1] org.apache.catalina.loader.WebappClassLoaderBase.checkThreadLocalMapForLeaks web应用程序[webapp]创建了一个ThreadLocal，其键类型为[java.lang.ThreadLocal]（值为[java.lang.ThreadLocal@6cc0a31d]），值类型为[com.microsoft.sqlserver.jdbc.SQLServerConnection43]（值为[ConnectionID:7 ClientConnectionId: b4c32016-519f-4e7d-9d72-2c753d967793），但在停止web应用程序时未能将其删除。线程将随着时间的推移而更新，以尝试避免可能的内存泄漏
23-May-2026 21:26:05.905 严重 [Thread-1] org.apache.catalina.loader.WebappClassLoaderBase.checkThreadLocalMapForLeaks web应用程序[webapp]创建了一个ThreadLocal，其键类型为[java.lang.ThreadLocal]（值为[java.lang.ThreadLocal@6cc0a31d]），值类型为[com.microsoft.sqlserver.jdbc.SQLServerConnection43]（值为[ConnectionID:25 ClientConnectionId: 66f8056b-88a7-4636-98be-eac4035354e4），但在停止web应用程序时未能将其删除。线程将随着时间的推移而更新，以尝试避免可能的内存泄漏
23-May-2026 21:26:05.906 信息 [Thread-1] org.apache.coyote.AbstractProtocol.stop 正在停止ProtocolHandler ["http-nio-8080"]
23-May-2026 21:26:05.910 信息 [Thread-1] org.apache.coyote.AbstractProtocol.destroy 正在销毁协议处理器 ["http-nio-8080"]
23-May-2026 21:26:07.736 信息 [main] org.apache.catalina.startup.VersionLoggerListener.log Server.服务器版本: Apache Tomcat/10.1.52
23-May-2026 21:26:07.740 信息 [main] org.apache.catalina.startup.VersionLoggerListener.log 服务器构建:        Jan 23 2026 19:29:07 UTC
23-May-2026 21:26:07.740 信息 [main] org.apache.catalina.startup.VersionLoggerListener.log 服务器版本号:      10.1.52.0
23-May-2026 21:26:07.740 信息 [main] org.apache.catalina.startup.VersionLoggerListener.log 操作系统名称:      Windows 11
23-May-2026 21:26:07.740 信息 [main] org.apache.catalina.startup.VersionLoggerListener.log OS.版本:           10.0
23-May-2026 21:26:07.740 信息 [main] org.apache.catalina.startup.VersionLoggerListener.log 架构:              amd64
23-May-2026 21:26:07.740 信息 [main] org.apache.catalina.startup.VersionLoggerListener.log Java 环境变量:     C:\Program Files\Java\jdk-21
23-May-2026 21:26:07.741 信息 [main] org.apache.catalina.startup.VersionLoggerListener.log Java虚拟机版本:    21.0.6+8-LTS-188
23-May-2026 21:26:07.741 信息 [main] org.apache.catalina.startup.VersionLoggerListener.log JVM.供应商:        Oracle Corporation
23-May-2026 21:26:07.741 信息 [main] org.apache.catalina.startup.VersionLoggerListener.log CATALINA_BASE:     D:\creat\property-management\src\main\webapp
23-May-2026 21:26:07.741 信息 [main] org.apache.catalina.startup.VersionLoggerListener.log CATALINA_HOME:     D:\apache-tomcat-10.1.52
23-May-2026 21:26:07.748 信息 [main] org.apache.catalina.startup.VersionLoggerListener.log 命令行参数：       --add-opens=java.base/java.lang=ALL-UNNAMED
23-May-2026 21:26:07.748 信息 [main] org.apache.catalina.startup.VersionLoggerListener.log 命令行参数：       --add-opens=java.base/java.io=ALL-UNNAMED
23-May-2026 21:26:07.749 信息 [main] org.apache.catalina.startup.VersionLoggerListener.log 命令行参数：       --add-opens=java.base/java.util=ALL-UNNAMED
23-May-2026 21:26:07.749 信息 [main] org.apache.catalina.startup.VersionLoggerListener.log 命令行参数：       --add-opens=java.base/java.util.concurrent=ALL-UNNAMED
23-May-2026 21:26:07.749 信息 [main] org.apache.catalina.startup.VersionLoggerListener.log 命令行参数：       --add-opens=java.rmi/sun.rmi.transport=ALL-UNNAMED
23-May-2026 21:26:07.749 信息 [main] org.apache.catalina.startup.VersionLoggerListener.log 命令行参数：       -Dcatalina.home=D:\apache-tomcat-10.1.52
23-May-2026 21:26:07.749 信息 [main] org.apache.catalina.startup.VersionLoggerListener.log 命令行参数：       -Dcatalina.base=D:\creat\property-management\src\main\webapp
23-May-2026 21:26:07.749 信息 [main] org.apache.catalina.startup.VersionLoggerListener.log 命令行参数：       -Djava.io.tmpdir=D:\creat\property-management\src\main\webapp\temp
23-May-2026 21:26:07.749 信息 [main] org.apache.catalina.startup.VersionLoggerListener.log 命令行参数：       -Djava.util.logging.config.file=D:\creat\property-management\src\main\webapp\conf\logging.properties
23-May-2026 21:26:07.750 信息 [main] org.apache.catalina.startup.VersionLoggerListener.log 命令行参数：       -Djava.util.logging.manager=org.apache.juli.ClassLoaderLogManager
23-May-2026 21:26:07.750 信息 [main] org.apache.catalina.startup.VersionLoggerListener.log 命令行参数：       -javaagent:C:\Program Files\JetBrains\IntelliJ IDEA Community Edition 2024.3\lib\idea_rt.jar=1046:C:\Program Files\JetBrains\IntelliJ IDEA Community Edition 2024.3\bin
23-May-2026 21:26:07.750 信息 [main] org.apache.catalina.startup.VersionLoggerListener.log 命令行参数：       -Dfile.encoding=UTF-8
23-May-2026 21:26:07.750 信息 [main] org.apache.catalina.startup.VersionLoggerListener.log 命令行参数：       -Dsun.stdout.encoding=UTF-8
23-May-2026 21:26:07.750 信息 [main] org.apache.catalina.startup.VersionLoggerListener.log 命令行参数：       -Dsun.stderr.encoding=UTF-8
23-May-2026 21:26:07.756 信息 [main] org.apache.catalina.core.AprLifecycleListener.lifecycleEvent 在java.library.path:[C:\Program Files\Java\jdk-21\bin;C:\WINDOWS\Sun\Java\bin;C:\WINDOWS\system32;C:\WINDOWS;C:\Program Files (x86)\VMware\VMware Workstation\bin\;$env:PATH;C:\MinGW\bin;C:\Program Files\NVIDIA Corporation\NVIDIA App\NvDLISR;C:\Program Files\dotnet\;C:\Program Files\nodejs\;C:\Program Files\Git LFS;C:\Windows\System32;C:\Windows;C:\Windows\System32\WindowsPowerShell\v1.0;C:\Program Files (x86)\Microsoft SQL Server\170\Tools\Binn\;C:\Program Files\Microsoft SQL Server\170\Tools\Binn\;C:\Program Files\Microsoft SQL Server\Client SDK\ODBC\180\Tools\Binn\;C:\Program Files\Microsoft SQL Server\170\DTS\Binn\;D:\rational rose\common;C:\tools\deepseek;C:\Program Files\GitHub CLI\;C:\Users\links\AppData\Local\Microsoft\WindowsApps;C:\Users\links\.dotnet\tools;D:\cursor\resources\app\bin;D:\Microsoft VS Code\bin;C:\MinGW\bin;C:\Users\links\AppData\Roaming\npm;C:\Users\links\AppData\Roaming\npm\bin;C:\Program Files\Git\cmd;C:\Program Files\Git\bin;C:\Program Files\Java\jdk-17\bin;C:\Users\links\AppData\Local\Python\bin;.]上找不到基于APR的Apache Tomcat本机库，该库允许在生产环境中获得最佳性能
23-May-2026 21:26:07.915 信息 [main] org.apache.coyote.AbstractProtocol.init 初始化协议处理器 ["http-nio-8080"]
23-May-2026 21:26:07.926 信息 [main] org.apache.catalina.startup.Catalina.load 服务器在[302]毫秒内初始化
23-May-2026 21:26:07.961 信息 [main] org.apache.catalina.core.StandardService.startInternal 正在启动服务[Catalina]
23-May-2026 21:26:07.961 信息 [main] org.apache.catalina.core.StandardEngine.startInternal 正在启动 Servlet 引擎：[Apache Tomcat/10.1.52]
23-May-2026 21:26:07.968 信息 [main] org.apache.catalina.startup.HostConfig.deployDescriptor 正在部署部署描述符[D:\creat\property-management\src\main\webapp\conf\Catalina\localhost\webapp.xml]。
23-May-2026 21:26:08.411 信息 [main] org.apache.jasper.servlet.TldScanner.scanJars 至少有一个JAR被扫描用于TLD但尚未包含TLD。 为此记录器启用调试日志记录，以获取已扫描但未在其中找到TLD的完整JAR列表。 在扫描期间跳过不需要的JAR可以缩短启动时间和JSP编译时间。
23-May-2026 21:26:08.446 警告 [main] org.apache.catalina.filters.FilterBase.init 未为[org.apache.catalina.filters.SetCharacterEncodingFilter]类型的筛选器定义属性[forceEncoding]
23-May-2026 21:26:08.458 信息 [main] org.apache.catalina.startup.HostConfig.deployDescriptor 部署描述符[D:\creat\property-management\src\main\webapp\conf\Catalina\localhost\webapp.xml]的部署已在[488]ms内完成
23-May-2026 21:26:08.461 信息 [main] org.apache.coyote.AbstractProtocol.start 开始协议处理句柄["http-nio-8080"]
23-May-2026 21:26:08.474 信息 [main] org.apache.catalina.startup.Catalina.start [546]毫秒后服务器启动
23-May-2026 21:28:28.097 信息 [Thread-1] org.apache.coyote.AbstractProtocol.pause 暂停ProtocolHandler["http-nio-8080"]
23-May-2026 21:28:28.100 信息 [Thread-1] org.apache.catalina.core.StandardService.stopInternal 正在停止服务[Catalina]
23-May-2026 21:28:28.102 警告 [Thread-1] org.apache.catalina.loader.WebappClassLoaderBase.clearReferencesJdbc Web应用程序 [webapp] 注册了JDBC驱动程序 [com.microsoft.sqlserver.jdbc.SQLServerDriver]，但在Web应用程序停止时无法注销它。 为防止内存泄漏，JDBC驱动程序已被强制取消注册。
23-May-2026 21:28:28.103 严重 [Thread-1] org.apache.catalina.loader.WebappClassLoaderBase.checkThreadLocalMapForLeaks web应用程序[webapp]创建了一个ThreadLocal，其键类型为[java.lang.ThreadLocal]（值为[java.lang.ThreadLocal@3c46da82]），值类型为[com.microsoft.sqlserver.jdbc.SQLServerConnection43]（值为[ConnectionID:74 ClientConnectionId: bfd925a9-357f-42bd-addd-d19b8443b4a4），但在停止web应用程序时未能将其删除。线程将随着时间的推移而更新，以尝试避免可能的内存泄漏
23-May-2026 21:28:28.103 严重 [Thread-1] org.apache.catalina.loader.WebappClassLoaderBase.checkThreadLocalMapForLeaks web应用程序[webapp]创建了一个ThreadLocal，其键类型为[java.lang.ThreadLocal]（值为[java.lang.ThreadLocal@3c46da82]），值类型为[com.microsoft.sqlserver.jdbc.SQLServerConnection43]（值为[ConnectionID:77 ClientConnectionId: 3f6a154d-aecc-4502-8d67-154ccda234b8），但在停止web应用程序时未能将其删除。线程将随着时间的推移而更新，以尝试避免可能的内存泄漏
23-May-2026 21:28:28.103 严重 [Thread-1] org.apache.catalina.loader.WebappClassLoaderBase.checkThreadLocalMapForLeaks web应用程序[webapp]创建了一个ThreadLocal，其键类型为[java.lang.ThreadLocal]（值为[java.lang.ThreadLocal@3c46da82]），值类型为[com.microsoft.sqlserver.jdbc.SQLServerConnection43]（值为[ConnectionID:63 ClientConnectionId: 8500063f-d243-48a8-b75d-fdd31dabef15），但在停止web应用程序时未能将其删除。线程将随着时间的推移而更新，以尝试避免可能的内存泄漏
23-May-2026 21:28:28.103 严重 [Thread-1] org.apache.catalina.loader.WebappClassLoaderBase.checkThreadLocalMapForLeaks web应用程序[webapp]创建了一个ThreadLocal，其键类型为[java.lang.ThreadLocal]（值为[java.lang.ThreadLocal@3c46da82]），值类型为[com.microsoft.sqlserver.jdbc.SQLServerConnection43]（值为[ConnectionID:78 ClientConnectionId: 40bccc76-cb5a-4399-be1d-2a15ad46d86a），但在停止web应用程序时未能将其删除。线程将随着时间的推移而更新，以尝试避免可能的内存泄漏
23-May-2026 21:28:28.103 严重 [Thread-1] org.apache.catalina.loader.WebappClassLoaderBase.checkThreadLocalMapForLeaks web应用程序[webapp]创建了一个ThreadLocal，其键类型为[java.lang.ThreadLocal]（值为[java.lang.ThreadLocal@3c46da82]），值类型为[com.microsoft.sqlserver.jdbc.SQLServerConnection43]（值为[ConnectionID:66 ClientConnectionId: fff44091-f85b-41b1-a58d-570fa0370e4b），但在停止web应用程序时未能将其删除。线程将随着时间的推移而更新，以尝试避免可能的内存泄漏
23-May-2026 21:28:28.104 严重 [Thread-1] org.apache.catalina.loader.WebappClassLoaderBase.checkThreadLocalMapForLeaks web应用程序[webapp]创建了一个ThreadLocal，其键类型为[java.lang.ThreadLocal]（值为[java.lang.ThreadLocal@3c46da82]），值类型为[com.microsoft.sqlserver.jdbc.SQLServerConnection43]（值为[ConnectionID:79 ClientConnectionId: c617564f-5a29-410c-9d6d-5eb9ed00cad5），但在停止web应用程序时未能将其删除。线程将随着时间的推移而更新，以尝试避免可能的内存泄漏
23-May-2026 21:28:28.104 严重 [Thread-1] org.apache.catalina.loader.WebappClassLoaderBase.checkThreadLocalMapForLeaks web应用程序[webapp]创建了一个ThreadLocal，其键类型为[java.lang.ThreadLocal]（值为[java.lang.ThreadLocal@3c46da82]），值类型为[com.microsoft.sqlserver.jdbc.SQLServerConnection43]（值为[ConnectionID:80 ClientConnectionId: bd9ca8ef-e7ef-4ba2-ae81-02ea929848ff），但在停止web应用程序时未能将其删除。线程将随着时间的推移而更新，以尝试避免可能的内存泄漏
23-May-2026 21:28:28.104 严重 [Thread-1] org.apache.catalina.loader.WebappClassLoaderBase.checkThreadLocalMapForLeaks web应用程序[webapp]创建了一个ThreadLocal，其键类型为[java.lang.ThreadLocal]（值为[java.lang.ThreadLocal@3c46da82]），值类型为[com.microsoft.sqlserver.jdbc.SQLServerConnection43]（值为[ConnectionID:81 ClientConnectionId: e7493825-04aa-4aa0-9ace-401346d7128f），但在停止web应用程序时未能将其删除。线程将随着时间的推移而更新，以尝试避免可能的内存泄漏
23-May-2026 21:28:28.104 严重 [Thread-1] org.apache.catalina.loader.WebappClassLoaderBase.checkThreadLocalMapForLeaks web应用程序[webapp]创建了一个ThreadLocal，其键类型为[java.lang.ThreadLocal]（值为[java.lang.ThreadLocal@3c46da82]），值类型为[com.microsoft.sqlserver.jdbc.SQLServerConnection43]（值为[ConnectionID:71 ClientConnectionId: 648fb598-db97-4ba1-883a-07fa54dd40ac），但在停止web应用程序时未能将其删除。线程将随着时间的推移而更新，以尝试避免可能的内存泄漏
23-May-2026 21:28:28.104 严重 [Thread-1] org.apache.catalina.loader.WebappClassLoaderBase.checkThreadLocalMapForLeaks web应用程序[webapp]创建了一个ThreadLocal，其键类型为[java.lang.ThreadLocal]（值为[java.lang.ThreadLocal@3c46da82]），值类型为[com.microsoft.sqlserver.jdbc.SQLServerConnection43]（值为[ConnectionID:72 ClientConnectionId: 55897e58-0f4b-4d83-be3f-1bbdc6951417），但在停止web应用程序时未能将其删除。线程将随着时间的推移而更新，以尝试避免可能的内存泄漏
23-May-2026 21:28:28.106 信息 [Thread-1] org.apache.coyote.AbstractProtocol.stop 正在停止ProtocolHandler ["http-nio-8080"]
23-May-2026 21:28:28.109 信息 [Thread-1] org.apache.coyote.AbstractProtocol.destroy 正在销毁协议处理器 ["http-nio-8080"]
23-May-2026 21:32:46.711 信息 [main] org.apache.catalina.startup.VersionLoggerListener.log Server.服务器版本: Apache Tomcat/10.1.52
23-May-2026 21:32:46.714 信息 [main] org.apache.catalina.startup.VersionLoggerListener.log 服务器构建:        Jan 23 2026 19:29:07 UTC
23-May-2026 21:32:46.714 信息 [main] org.apache.catalina.startup.VersionLoggerListener.log 服务器版本号:      10.1.52.0
23-May-2026 21:32:46.715 信息 [main] org.apache.catalina.startup.VersionLoggerListener.log 操作系统名称:      Windows 11
23-May-2026 21:32:46.715 信息 [main] org.apache.catalina.startup.VersionLoggerListener.log OS.版本:           10.0
23-May-2026 21:32:46.715 信息 [main] org.apache.catalina.startup.VersionLoggerListener.log 架构:              amd64
23-May-2026 21:32:46.715 信息 [main] org.apache.catalina.startup.VersionLoggerListener.log Java 环境变量:     C:\Program Files\Java\jdk-21
23-May-2026 21:32:46.715 信息 [main] org.apache.catalina.startup.VersionLoggerListener.log Java虚拟机版本:    21.0.6+8-LTS-188
23-May-2026 21:32:46.715 信息 [main] org.apache.catalina.startup.VersionLoggerListener.log JVM.供应商:        Oracle Corporation
23-May-2026 21:32:46.716 信息 [main] org.apache.catalina.startup.VersionLoggerListener.log CATALINA_BASE:     D:\creat\property-management\src\main\webapp
23-May-2026 21:32:46.716 信息 [main] org.apache.catalina.startup.VersionLoggerListener.log CATALINA_HOME:     D:\apache-tomcat-10.1.52
23-May-2026 21:32:46.722 信息 [main] org.apache.catalina.startup.VersionLoggerListener.log 命令行参数：       --add-opens=java.base/java.lang=ALL-UNNAMED
23-May-2026 21:32:46.722 信息 [main] org.apache.catalina.startup.VersionLoggerListener.log 命令行参数：       --add-opens=java.base/java.io=ALL-UNNAMED
23-May-2026 21:32:46.722 信息 [main] org.apache.catalina.startup.VersionLoggerListener.log 命令行参数：       --add-opens=java.base/java.util=ALL-UNNAMED
23-May-2026 21:32:46.722 信息 [main] org.apache.catalina.startup.VersionLoggerListener.log 命令行参数：       --add-opens=java.base/java.util.concurrent=ALL-UNNAMED
23-May-2026 21:32:46.722 信息 [main] org.apache.catalina.startup.VersionLoggerListener.log 命令行参数：       --add-opens=java.rmi/sun.rmi.transport=ALL-UNNAMED
23-May-2026 21:32:46.723 信息 [main] org.apache.catalina.startup.VersionLoggerListener.log 命令行参数：       -Dcatalina.home=D:\apache-tomcat-10.1.52
23-May-2026 21:32:46.723 信息 [main] org.apache.catalina.startup.VersionLoggerListener.log 命令行参数：       -Dcatalina.base=D:\creat\property-management\src\main\webapp
23-May-2026 21:32:46.723 信息 [main] org.apache.catalina.startup.VersionLoggerListener.log 命令行参数：       -Djava.io.tmpdir=D:\creat\property-management\src\main\webapp\temp
23-May-2026 21:32:46.723 信息 [main] org.apache.catalina.startup.VersionLoggerListener.log 命令行参数：       -Djava.util.logging.config.file=D:\creat\property-management\src\main\webapp\conf\logging.properties
23-May-2026 21:32:46.723 信息 [main] org.apache.catalina.startup.VersionLoggerListener.log 命令行参数：       -Djava.util.logging.manager=org.apache.juli.ClassLoaderLogManager
23-May-2026 21:32:46.723 信息 [main] org.apache.catalina.startup.VersionLoggerListener.log 命令行参数：       -javaagent:C:\Program Files\JetBrains\IntelliJ IDEA Community Edition 2024.3\lib\idea_rt.jar=8929:C:\Program Files\JetBrains\IntelliJ IDEA Community Edition 2024.3\bin
23-May-2026 21:32:46.723 信息 [main] org.apache.catalina.startup.VersionLoggerListener.log 命令行参数：       -Dfile.encoding=UTF-8
23-May-2026 21:32:46.724 信息 [main] org.apache.catalina.startup.VersionLoggerListener.log 命令行参数：       -Dsun.stdout.encoding=UTF-8
23-May-2026 21:32:46.724 信息 [main] org.apache.catalina.startup.VersionLoggerListener.log 命令行参数：       -Dsun.stderr.encoding=UTF-8
23-May-2026 21:32:46.729 信息 [main] org.apache.catalina.core.AprLifecycleListener.lifecycleEvent 在java.library.path:[C:\Program Files\Java\jdk-21\bin;C:\WINDOWS\Sun\Java\bin;C:\WINDOWS\system32;C:\WINDOWS;C:\Program Files (x86)\VMware\VMware Workstation\bin\;$env:PATH;C:\MinGW\bin;C:\Program Files\NVIDIA Corporation\NVIDIA App\NvDLISR;C:\Program Files\dotnet\;C:\Program Files\nodejs\;C:\Program Files\Git LFS;C:\Windows\System32;C:\Windows;C:\Windows\System32\WindowsPowerShell\v1.0;C:\Program Files (x86)\Microsoft SQL Server\170\Tools\Binn\;C:\Program Files\Microsoft SQL Server\170\Tools\Binn\;C:\Program Files\Microsoft SQL Server\Client SDK\ODBC\180\Tools\Binn\;C:\Program Files\Microsoft SQL Server\170\DTS\Binn\;D:\rational rose\common;C:\tools\deepseek;C:\Program Files\GitHub CLI\;C:\Users\links\AppData\Local\Microsoft\WindowsApps;C:\Users\links\.dotnet\tools;D:\cursor\resources\app\bin;D:\Microsoft VS Code\bin;C:\MinGW\bin;C:\Users\links\AppData\Roaming\npm;C:\Users\links\AppData\Roaming\npm\bin;C:\Program Files\Git\cmd;C:\Program Files\Git\bin;C:\Program Files\Java\jdk-17\bin;C:\Users\links\AppData\Local\Python\bin;.]上找不到基于APR的Apache Tomcat本机库，该库允许在生产环境中获得最佳性能
23-May-2026 21:32:46.868 信息 [main] org.apache.coyote.AbstractProtocol.init 初始化协议处理器 ["http-nio-8080"]
23-May-2026 21:32:46.878 信息 [main] org.apache.catalina.startup.Catalina.load 服务器在[278]毫秒内初始化
23-May-2026 21:32:46.920 信息 [main] org.apache.catalina.core.StandardService.startInternal 正在启动服务[Catalina]
23-May-2026 21:32:46.920 信息 [main] org.apache.catalina.core.StandardEngine.startInternal 正在启动 Servlet 引擎：[Apache Tomcat/10.1.52]
23-May-2026 21:32:46.932 信息 [main] org.apache.catalina.startup.HostConfig.deployDescriptor 正在部署部署描述符[D:\creat\property-management\src\main\webapp\conf\Catalina\localhost\webapp.xml]。
23-May-2026 21:32:47.370 信息 [main] org.apache.jasper.servlet.TldScanner.scanJars 至少有一个JAR被扫描用于TLD但尚未包含TLD。 为此记录器启用调试日志记录，以获取已扫描但未在其中找到TLD的完整JAR列表。 在扫描期间跳过不需要的JAR可以缩短启动时间和JSP编译时间。
23-May-2026 21:32:47.398 警告 [main] org.apache.catalina.filters.FilterBase.init 未为[org.apache.catalina.filters.SetCharacterEncodingFilter]类型的筛选器定义属性[forceEncoding]
23-May-2026 21:32:47.408 信息 [main] org.apache.catalina.startup.HostConfig.deployDescriptor 部署描述符[D:\creat\property-management\src\main\webapp\conf\Catalina\localhost\webapp.xml]的部署已在[476]ms内完成
23-May-2026 21:32:47.411 信息 [main] org.apache.coyote.AbstractProtocol.start 开始协议处理句柄["http-nio-8080"]
23-May-2026 21:32:47.424 信息 [main] org.apache.catalina.startup.Catalina.start [544]毫秒后服务器启动
23-May-2026 21:50:51.147 信息 [Thread-1] org.apache.coyote.AbstractProtocol.pause 暂停ProtocolHandler["http-nio-8080"]
23-May-2026 21:50:51.152 信息 [Thread-1] org.apache.catalina.core.StandardService.stopInternal 正在停止服务[Catalina]
23-May-2026 21:50:51.155 警告 [Thread-1] org.apache.catalina.loader.WebappClassLoaderBase.clearReferencesJdbc Web应用程序 [webapp] 注册了JDBC驱动程序 [com.microsoft.sqlserver.jdbc.SQLServerDriver]，但在Web应用程序停止时无法注销它。 为防止内存泄漏，JDBC驱动程序已被强制取消注册。
23-May-2026 21:50:51.156 严重 [Thread-1] org.apache.catalina.loader.WebappClassLoaderBase.checkThreadLocalMapForLeaks web应用程序[webapp]创建了一个ThreadLocal，其键类型为[java.lang.ThreadLocal]（值为[java.lang.ThreadLocal@70399410]），值类型为[com.microsoft.sqlserver.jdbc.SQLServerConnection43]（值为[ConnectionID:28 ClientConnectionId: e9fcfb3e-cfa4-44fa-9a4a-a20a4d33df6d），但在停止web应用程序时未能将其删除。线程将随着时间的推移而更新，以尝试避免可能的内存泄漏
23-May-2026 21:50:51.156 严重 [Thread-1] org.apache.catalina.loader.WebappClassLoaderBase.checkThreadLocalMapForLeaks web应用程序[webapp]创建了一个ThreadLocal，其键类型为[java.lang.ThreadLocal]（值为[java.lang.ThreadLocal@70399410]），值类型为[com.microsoft.sqlserver.jdbc.SQLServerConnection43]（值为[ConnectionID:32 ClientConnectionId: 101ecfdc-2fa0-461a-95d9-c72f67e4d02f），但在停止web应用程序时未能将其删除。线程将随着时间的推移而更新，以尝试避免可能的内存泄漏
23-May-2026 21:50:51.156 严重 [Thread-1] org.apache.catalina.loader.WebappClassLoaderBase.checkThreadLocalMapForLeaks web应用程序[webapp]创建了一个ThreadLocal，其键类型为[java.lang.ThreadLocal]（值为[java.lang.ThreadLocal@70399410]），值类型为[com.microsoft.sqlserver.jdbc.SQLServerConnection43]（值为[ConnectionID:30 ClientConnectionId: 45fde307-5c27-45e4-98cf-eb9ebad26931），但在停止web应用程序时未能将其删除。线程将随着时间的推移而更新，以尝试避免可能的内存泄漏
23-May-2026 21:50:51.156 严重 [Thread-1] org.apache.catalina.loader.WebappClassLoaderBase.checkThreadLocalMapForLeaks web应用程序[webapp]创建了一个ThreadLocal，其键类型为[java.lang.ThreadLocal]（值为[java.lang.ThreadLocal@70399410]），值类型为[com.microsoft.sqlserver.jdbc.SQLServerConnection43]（值为[ConnectionID:34 ClientConnectionId: f35bd8a5-dc49-4174-b603-f19d33375fba），但在停止web应用程序时未能将其删除。线程将随着时间的推移而更新，以尝试避免可能的内存泄漏
23-May-2026 21:50:51.157 严重 [Thread-1] org.apache.catalina.loader.WebappClassLoaderBase.checkThreadLocalMapForLeaks web应用程序[webapp]创建了一个ThreadLocal，其键类型为[java.lang.ThreadLocal]（值为[java.lang.ThreadLocal@70399410]），值类型为[com.microsoft.sqlserver.jdbc.SQLServerConnection43]（值为[ConnectionID:36 ClientConnectionId: 03974fe8-23b6-48b3-893c-cbfb8e9f1b02），但在停止web应用程序时未能将其删除。线程将随着时间的推移而更新，以尝试避免可能的内存泄漏
23-May-2026 21:50:51.157 严重 [Thread-1] org.apache.catalina.loader.WebappClassLoaderBase.checkThreadLocalMapForLeaks web应用程序[webapp]创建了一个ThreadLocal，其键类型为[java.lang.ThreadLocal]（值为[java.lang.ThreadLocal@70399410]），值类型为[com.microsoft.sqlserver.jdbc.SQLServerConnection43]（值为[ConnectionID:18 ClientConnectionId: d26f9557-5172-4741-9f95-3a1d7425be45），但在停止web应用程序时未能将其删除。线程将随着时间的推移而更新，以尝试避免可能的内存泄漏
23-May-2026 21:50:51.157 严重 [Thread-1] org.apache.catalina.loader.WebappClassLoaderBase.checkThreadLocalMapForLeaks web应用程序[webapp]创建了一个ThreadLocal，其键类型为[java.lang.ThreadLocal]（值为[java.lang.ThreadLocal@70399410]），值类型为[com.microsoft.sqlserver.jdbc.SQLServerConnection43]（值为[ConnectionID:19 ClientConnectionId: a2fde801-572a-41df-a32c-560a2a53161d），但在停止web应用程序时未能将其删除。线程将随着时间的推移而更新，以尝试避免可能的内存泄漏
23-May-2026 21:50:51.157 严重 [Thread-1] org.apache.catalina.loader.WebappClassLoaderBase.checkThreadLocalMapForLeaks web应用程序[webapp]创建了一个ThreadLocal，其键类型为[java.lang.ThreadLocal]（值为[java.lang.ThreadLocal@70399410]），值类型为[com.microsoft.sqlserver.jdbc.SQLServerConnection43]（值为[ConnectionID:21 ClientConnectionId: 1f53dd73-0058-4c1f-884d-e1aa84881c80），但在停止web应用程序时未能将其删除。线程将随着时间的推移而更新，以尝试避免可能的内存泄漏
23-May-2026 21:50:51.157 严重 [Thread-1] org.apache.catalina.loader.WebappClassLoaderBase.checkThreadLocalMapForLeaks web应用程序[webapp]创建了一个ThreadLocal，其键类型为[java.lang.ThreadLocal]（值为[java.lang.ThreadLocal@70399410]），值类型为[com.microsoft.sqlserver.jdbc.SQLServerConnection43]（值为[ConnectionID:24 ClientConnectionId: ce6ac992-1086-4a17-9d95-c4f95b8e57aa），但在停止web应用程序时未能将其删除。线程将随着时间的推移而更新，以尝试避免可能的内存泄漏
23-May-2026 21:50:51.159 严重 [Thread-1] org.apache.catalina.loader.WebappClassLoaderBase.checkThreadLocalMapForLeaks web应用程序[webapp]创建了一个ThreadLocal，其键类型为[java.lang.ThreadLocal]（值为[java.lang.ThreadLocal@70399410]），值类型为[com.microsoft.sqlserver.jdbc.SQLServerConnection43]（值为[ConnectionID:26 ClientConnectionId: 099565e4-f7f1-45e6-a979-a354f20faebc），但在停止web应用程序时未能将其删除。线程将随着时间的推移而更新，以尝试避免可能的内存泄漏
23-May-2026 21:50:51.160 信息 [Thread-1] org.apache.coyote.AbstractProtocol.stop 正在停止ProtocolHandler ["http-nio-8080"]
23-May-2026 21:50:51.163 信息 [Thread-1] org.apache.coyote.AbstractProtocol.destroy 正在销毁协议处理器 ["http-nio-8080"]
23-May-2026 21:50:52.160 信息 [main] org.apache.catalina.startup.VersionLoggerListener.log Server.服务器版本: Apache Tomcat/10.1.52
23-May-2026 21:50:52.163 信息 [main] org.apache.catalina.startup.VersionLoggerListener.log 服务器构建:        Jan 23 2026 19:29:07 UTC
23-May-2026 21:50:52.163 信息 [main] org.apache.catalina.startup.VersionLoggerListener.log 服务器版本号:      10.1.52.0
23-May-2026 21:50:52.164 信息 [main] org.apache.catalina.startup.VersionLoggerListener.log 操作系统名称:      Windows 11
23-May-2026 21:50:52.164 信息 [main] org.apache.catalina.startup.VersionLoggerListener.log OS.版本:           10.0
23-May-2026 21:50:52.164 信息 [main] org.apache.catalina.startup.VersionLoggerListener.log 架构:              amd64
23-May-2026 21:50:52.164 信息 [main] org.apache.catalina.startup.VersionLoggerListener.log Java 环境变量:     C:\Program Files\Java\jdk-21
23-May-2026 21:50:52.165 信息 [main] org.apache.catalina.startup.VersionLoggerListener.log Java虚拟机版本:    21.0.6+8-LTS-188
23-May-2026 21:50:52.165 信息 [main] org.apache.catalina.startup.VersionLoggerListener.log JVM.供应商:        Oracle Corporation
23-May-2026 21:50:52.165 信息 [main] org.apache.catalina.startup.VersionLoggerListener.log CATALINA_BASE:     D:\creat\property-management\src\main\webapp
23-May-2026 21:50:52.165 信息 [main] org.apache.catalina.startup.VersionLoggerListener.log CATALINA_HOME:     D:\apache-tomcat-10.1.52
23-May-2026 21:50:52.171 信息 [main] org.apache.catalina.startup.VersionLoggerListener.log 命令行参数：       --add-opens=java.base/java.lang=ALL-UNNAMED
23-May-2026 21:50:52.171 信息 [main] org.apache.catalina.startup.VersionLoggerListener.log 命令行参数：       --add-opens=java.base/java.io=ALL-UNNAMED
23-May-2026 21:50:52.171 信息 [main] org.apache.catalina.startup.VersionLoggerListener.log 命令行参数：       --add-opens=java.base/java.util=ALL-UNNAMED
23-May-2026 21:50:52.171 信息 [main] org.apache.catalina.startup.VersionLoggerListener.log 命令行参数：       --add-opens=java.base/java.util.concurrent=ALL-UNNAMED
23-May-2026 21:50:52.171 信息 [main] org.apache.catalina.startup.VersionLoggerListener.log 命令行参数：       --add-opens=java.rmi/sun.rmi.transport=ALL-UNNAMED
23-May-2026 21:50:52.172 信息 [main] org.apache.catalina.startup.VersionLoggerListener.log 命令行参数：       -Dcatalina.home=D:\apache-tomcat-10.1.52
23-May-2026 21:50:52.172 信息 [main] org.apache.catalina.startup.VersionLoggerListener.log 命令行参数：       -Dcatalina.base=D:\creat\property-management\src\main\webapp
23-May-2026 21:50:52.172 信息 [main] org.apache.catalina.startup.VersionLoggerListener.log 命令行参数：       -Djava.io.tmpdir=D:\creat\property-management\src\main\webapp\temp
23-May-2026 21:50:52.172 信息 [main] org.apache.catalina.startup.VersionLoggerListener.log 命令行参数：       -Djava.util.logging.config.file=D:\creat\property-management\src\main\webapp\conf\logging.properties
23-May-2026 21:50:52.172 信息 [main] org.apache.catalina.startup.VersionLoggerListener.log 命令行参数：       -Djava.util.logging.manager=org.apache.juli.ClassLoaderLogManager
23-May-2026 21:50:52.172 信息 [main] org.apache.catalina.startup.VersionLoggerListener.log 命令行参数：       -javaagent:C:\Program Files\JetBrains\IntelliJ IDEA Community Edition 2024.3\lib\idea_rt.jar=10021:C:\Program Files\JetBrains\IntelliJ IDEA Community Edition 2024.3\bin
23-May-2026 21:50:52.172 信息 [main] org.apache.catalina.startup.VersionLoggerListener.log 命令行参数：       -Dfile.encoding=UTF-8
23-May-2026 21:50:52.172 信息 [main] org.apache.catalina.startup.VersionLoggerListener.log 命令行参数：       -Dsun.stdout.encoding=UTF-8
23-May-2026 21:50:52.172 信息 [main] org.apache.catalina.startup.VersionLoggerListener.log 命令行参数：       -Dsun.stderr.encoding=UTF-8
23-May-2026 21:50:52.178 信息 [main] org.apache.catalina.core.AprLifecycleListener.lifecycleEvent 在java.library.path:[C:\Program Files\Java\jdk-21\bin;C:\WINDOWS\Sun\Java\bin;C:\WINDOWS\system32;C:\WINDOWS;C:\Program Files (x86)\VMware\VMware Workstation\bin\;$env:PATH;C:\MinGW\bin;C:\Program Files\NVIDIA Corporation\NVIDIA App\NvDLISR;C:\Program Files\dotnet\;C:\Program Files\nodejs\;C:\Program Files\Git LFS;C:\Windows\System32;C:\Windows;C:\Windows\System32\WindowsPowerShell\v1.0;C:\Program Files (x86)\Microsoft SQL Server\170\Tools\Binn\;C:\Program Files\Microsoft SQL Server\170\Tools\Binn\;C:\Program Files\Microsoft SQL Server\Client SDK\ODBC\180\Tools\Binn\;C:\Program Files\Microsoft SQL Server\170\DTS\Binn\;D:\rational rose\common;C:\tools\deepseek;C:\Program Files\GitHub CLI\;C:\Users\links\AppData\Local\Microsoft\WindowsApps;C:\Users\links\.dotnet\tools;D:\cursor\resources\app\bin;D:\Microsoft VS Code\bin;C:\MinGW\bin;C:\Users\links\AppData\Roaming\npm;C:\Users\links\AppData\Roaming\npm\bin;C:\Program Files\Git\cmd;C:\Program Files\Git\bin;C:\Program Files\Java\jdk-17\bin;C:\Users\links\AppData\Local\Python\bin;.]上找不到基于APR的Apache Tomcat本机库，该库允许在生产环境中获得最佳性能
23-May-2026 21:50:52.331 信息 [main] org.apache.coyote.AbstractProtocol.init 初始化协议处理器 ["http-nio-8080"]
23-May-2026 21:50:52.340 信息 [main] org.apache.catalina.startup.Catalina.load 服务器在[294]毫秒内初始化
23-May-2026 21:50:52.388 信息 [main] org.apache.catalina.core.StandardService.startInternal 正在启动服务[Catalina]
23-May-2026 21:50:52.388 信息 [main] org.apache.catalina.core.StandardEngine.startInternal 正在启动 Servlet 引擎：[Apache Tomcat/10.1.52]
23-May-2026 21:50:52.398 信息 [main] org.apache.catalina.startup.HostConfig.deployDescriptor 正在部署部署描述符[D:\creat\property-management\src\main\webapp\conf\Catalina\localhost\webapp.xml]。
23-May-2026 21:50:52.825 信息 [main] org.apache.jasper.servlet.TldScanner.scanJars 至少有一个JAR被扫描用于TLD但尚未包含TLD。 为此记录器启用调试日志记录，以获取已扫描但未在其中找到TLD的完整JAR列表。 在扫描期间跳过不需要的JAR可以缩短启动时间和JSP编译时间。
23-May-2026 21:50:52.850 警告 [main] org.apache.catalina.filters.FilterBase.init 未为[org.apache.catalina.filters.SetCharacterEncodingFilter]类型的筛选器定义属性[forceEncoding]
23-May-2026 21:50:52.863 信息 [main] org.apache.catalina.startup.HostConfig.deployDescriptor 部署描述符[D:\creat\property-management\src\main\webapp\conf\Catalina\localhost\webapp.xml]的部署已在[462]ms内完成
23-May-2026 21:50:52.866 信息 [main] org.apache.coyote.AbstractProtocol.start 开始协议处理句柄["http-nio-8080"]
23-May-2026 21:50:52.877 信息 [main] org.apache.catalina.startup.Catalina.start [536]毫秒后服务器启动
23-May-2026 22:02:33.608 信息 [Thread-1] org.apache.coyote.AbstractProtocol.pause 暂停ProtocolHandler["http-nio-8080"]
23-May-2026 22:02:33.611 信息 [Thread-1] org.apache.catalina.core.StandardService.stopInternal 正在停止服务[Catalina]
23-May-2026 22:02:33.613 警告 [Thread-1] org.apache.catalina.loader.WebappClassLoaderBase.clearReferencesJdbc Web应用程序 [webapp] 注册了JDBC驱动程序 [com.microsoft.sqlserver.jdbc.SQLServerDriver]，但在Web应用程序停止时无法注销它。 为防止内存泄漏，JDBC驱动程序已被强制取消注册。
23-May-2026 22:02:33.615 严重 [Thread-1] org.apache.catalina.loader.WebappClassLoaderBase.checkThreadLocalMapForLeaks web应用程序[webapp]创建了一个ThreadLocal，其键类型为[java.lang.ThreadLocal]（值为[java.lang.ThreadLocal@46067e46]），值类型为[com.microsoft.sqlserver.jdbc.SQLServerConnection43]（值为[ConnectionID:76 ClientConnectionId: 61311fb0-e16d-425a-84a6-3885c4e7157f），但在停止web应用程序时未能将其删除。线程将随着时间的推移而更新，以尝试避免可能的内存泄漏
23-May-2026 22:02:33.615 严重 [Thread-1] org.apache.catalina.loader.WebappClassLoaderBase.checkThreadLocalMapForLeaks web应用程序[webapp]创建了一个ThreadLocal，其键类型为[java.lang.ThreadLocal]（值为[java.lang.ThreadLocal@46067e46]），值类型为[com.microsoft.sqlserver.jdbc.SQLServerConnection43]（值为[ConnectionID:79 ClientConnectionId: 3aa88ea8-3f7f-491d-82e1-2a4024c22201），但在停止web应用程序时未能将其删除。线程将随着时间的推移而更新，以尝试避免可能的内存泄漏
23-May-2026 22:02:33.615 严重 [Thread-1] org.apache.catalina.loader.WebappClassLoaderBase.checkThreadLocalMapForLeaks web应用程序[webapp]创建了一个ThreadLocal，其键类型为[java.lang.ThreadLocal]（值为[java.lang.ThreadLocal@46067e46]），值类型为[com.microsoft.sqlserver.jdbc.SQLServerConnection43]（值为[ConnectionID:82 ClientConnectionId: dc571504-98ec-43b0-a7df-a3b4588f5e2c），但在停止web应用程序时未能将其删除。线程将随着时间的推移而更新，以尝试避免可能的内存泄漏
23-May-2026 22:02:33.616 严重 [Thread-1] org.apache.catalina.loader.WebappClassLoaderBase.checkThreadLocalMapForLeaks web应用程序[webapp]创建了一个ThreadLocal，其键类型为[java.lang.ThreadLocal]（值为[java.lang.ThreadLocal@46067e46]），值类型为[com.microsoft.sqlserver.jdbc.SQLServerConnection43]（值为[ConnectionID:89 ClientConnectionId: e768c5f4-b1b9-4a53-afaf-b7418f807246），但在停止web应用程序时未能将其删除。线程将随着时间的推移而更新，以尝试避免可能的内存泄漏
23-May-2026 22:02:33.616 严重 [Thread-1] org.apache.catalina.loader.WebappClassLoaderBase.checkThreadLocalMapForLeaks web应用程序[webapp]创建了一个ThreadLocal，其键类型为[java.lang.ThreadLocal]（值为[java.lang.ThreadLocal@46067e46]），值类型为[com.microsoft.sqlserver.jdbc.SQLServerConnection43]（值为[ConnectionID:87 ClientConnectionId: ca258cc8-2118-47cf-8238-ea6ef5c49406），但在停止web应用程序时未能将其删除。线程将随着时间的推移而更新，以尝试避免可能的内存泄漏
23-May-2026 22:02:33.616 严重 [Thread-1] org.apache.catalina.loader.WebappClassLoaderBase.checkThreadLocalMapForLeaks web应用程序[webapp]创建了一个ThreadLocal，其键类型为[java.lang.ThreadLocal]（值为[java.lang.ThreadLocal@46067e46]），值类型为[com.microsoft.sqlserver.jdbc.SQLServerConnection43]（值为[ConnectionID:77 ClientConnectionId: 9d3bc817-fb21-4526-8045-0e4e069fa10b），但在停止web应用程序时未能将其删除。线程将随着时间的推移而更新，以尝试避免可能的内存泄漏
23-May-2026 22:02:33.616 严重 [Thread-1] org.apache.catalina.loader.WebappClassLoaderBase.checkThreadLocalMapForLeaks web应用程序[webapp]创建了一个ThreadLocal，其键类型为[java.lang.ThreadLocal]（值为[java.lang.ThreadLocal@46067e46]），值类型为[com.microsoft.sqlserver.jdbc.SQLServerConnection43]（值为[ConnectionID:85 ClientConnectionId: 33be8366-3c74-43f4-a488-26b0e0faf89d），但在停止web应用程序时未能将其删除。线程将随着时间的推移而更新，以尝试避免可能的内存泄漏
23-May-2026 22:02:33.616 严重 [Thread-1] org.apache.catalina.loader.WebappClassLoaderBase.checkThreadLocalMapForLeaks web应用程序[webapp]创建了一个ThreadLocal，其键类型为[java.lang.ThreadLocal]（值为[java.lang.ThreadLocal@46067e46]），值类型为[com.microsoft.sqlserver.jdbc.SQLServerConnection43]（值为[ConnectionID:59 ClientConnectionId: 06077957-71d8-4d7d-bbe3-8e36ff81ffd8），但在停止web应用程序时未能将其删除。线程将随着时间的推移而更新，以尝试避免可能的内存泄漏
23-May-2026 22:02:33.616 严重 [Thread-1] org.apache.catalina.loader.WebappClassLoaderBase.checkThreadLocalMapForLeaks web应用程序[webapp]创建了一个ThreadLocal，其键类型为[java.lang.ThreadLocal]（值为[java.lang.ThreadLocal@46067e46]），值类型为[com.microsoft.sqlserver.jdbc.SQLServerConnection43]（值为[ConnectionID:75 ClientConnectionId: a97a4beb-ee96-4674-bd74-fae85d227640），但在停止web应用程序时未能将其删除。线程将随着时间的推移而更新，以尝试避免可能的内存泄漏
23-May-2026 22:02:33.619 严重 [Thread-1] org.apache.catalina.loader.WebappClassLoaderBase.checkThreadLocalMapForLeaks web应用程序[webapp]创建了一个ThreadLocal，其键类型为[java.lang.ThreadLocal]（值为[java.lang.ThreadLocal@46067e46]），值类型为[com.microsoft.sqlserver.jdbc.SQLServerConnection43]（值为[ConnectionID:60 ClientConnectionId: c91a2d9e-8b8f-4023-bf3b-1e28df8b5eb2），但在停止web应用程序时未能将其删除。线程将随着时间的推移而更新，以尝试避免可能的内存泄漏
23-May-2026 22:02:33.620 信息 [Thread-1] org.apache.coyote.AbstractProtocol.stop 正在停止ProtocolHandler ["http-nio-8080"]
23-May-2026 22:02:33.624 信息 [Thread-1] org.apache.coyote.AbstractProtocol.destroy 正在销毁协议处理器 ["http-nio-8080"]
23-May-2026 22:02:35.138 信息 [main] org.apache.catalina.startup.VersionLoggerListener.log Server.服务器版本: Apache Tomcat/10.1.52
23-May-2026 22:02:35.140 信息 [main] org.apache.catalina.startup.VersionLoggerListener.log 服务器构建:        Jan 23 2026 19:29:07 UTC
23-May-2026 22:02:35.140 信息 [main] org.apache.catalina.startup.VersionLoggerListener.log 服务器版本号:      10.1.52.0
23-May-2026 22:02:35.141 信息 [main] org.apache.catalina.startup.VersionLoggerListener.log 操作系统名称:      Windows 11
23-May-2026 22:02:35.141 信息 [main] org.apache.catalina.startup.VersionLoggerListener.log OS.版本:           10.0
23-May-2026 22:02:35.141 信息 [main] org.apache.catalina.startup.VersionLoggerListener.log 架构:              amd64
23-May-2026 22:02:35.141 信息 [main] org.apache.catalina.startup.VersionLoggerListener.log Java 环境变量:     C:\Program Files\Java\jdk-21
23-May-2026 22:02:35.141 信息 [main] org.apache.catalina.startup.VersionLoggerListener.log Java虚拟机版本:    21.0.6+8-LTS-188
23-May-2026 22:02:35.141 信息 [main] org.apache.catalina.startup.VersionLoggerListener.log JVM.供应商:        Oracle Corporation
23-May-2026 22:02:35.142 信息 [main] org.apache.catalina.startup.VersionLoggerListener.log CATALINA_BASE:     D:\creat\property-management\src\main\webapp
23-May-2026 22:02:35.142 信息 [main] org.apache.catalina.startup.VersionLoggerListener.log CATALINA_HOME:     D:\apache-tomcat-10.1.52
23-May-2026 22:02:35.147 信息 [main] org.apache.catalina.startup.VersionLoggerListener.log 命令行参数：       --add-opens=java.base/java.lang=ALL-UNNAMED
23-May-2026 22:02:35.147 信息 [main] org.apache.catalina.startup.VersionLoggerListener.log 命令行参数：       --add-opens=java.base/java.io=ALL-UNNAMED
23-May-2026 22:02:35.148 信息 [main] org.apache.catalina.startup.VersionLoggerListener.log 命令行参数：       --add-opens=java.base/java.util=ALL-UNNAMED
23-May-2026 22:02:35.148 信息 [main] org.apache.catalina.startup.VersionLoggerListener.log 命令行参数：       --add-opens=java.base/java.util.concurrent=ALL-UNNAMED
23-May-2026 22:02:35.148 信息 [main] org.apache.catalina.startup.VersionLoggerListener.log 命令行参数：       --add-opens=java.rmi/sun.rmi.transport=ALL-UNNAMED
23-May-2026 22:02:35.148 信息 [main] org.apache.catalina.startup.VersionLoggerListener.log 命令行参数：       -Dcatalina.home=D:\apache-tomcat-10.1.52
23-May-2026 22:02:35.148 信息 [main] org.apache.catalina.startup.VersionLoggerListener.log 命令行参数：       -Dcatalina.base=D:\creat\property-management\src\main\webapp
23-May-2026 22:02:35.148 信息 [main] org.apache.catalina.startup.VersionLoggerListener.log 命令行参数：       -Djava.io.tmpdir=D:\creat\property-management\src\main\webapp\temp
23-May-2026 22:02:35.148 信息 [main] org.apache.catalina.startup.VersionLoggerListener.log 命令行参数：       -Djava.util.logging.config.file=D:\creat\property-management\src\main\webapp\conf\logging.properties
23-May-2026 22:02:35.148 信息 [main] org.apache.catalina.startup.VersionLoggerListener.log 命令行参数：       -Djava.util.logging.manager=org.apache.juli.ClassLoaderLogManager
23-May-2026 22:02:35.148 信息 [main] org.apache.catalina.startup.VersionLoggerListener.log 命令行参数：       -javaagent:C:\Program Files\JetBrains\IntelliJ IDEA Community Edition 2024.3\lib\idea_rt.jar=13659:C:\Program Files\JetBrains\IntelliJ IDEA Community Edition 2024.3\bin
23-May-2026 22:02:35.149 信息 [main] org.apache.catalina.startup.VersionLoggerListener.log 命令行参数：       -Dfile.encoding=UTF-8
23-May-2026 22:02:35.149 信息 [main] org.apache.catalina.startup.VersionLoggerListener.log 命令行参数：       -Dsun.stdout.encoding=UTF-8
23-May-2026 22:02:35.149 信息 [main] org.apache.catalina.startup.VersionLoggerListener.log 命令行参数：       -Dsun.stderr.encoding=UTF-8
23-May-2026 22:02:35.155 信息 [main] org.apache.catalina.core.AprLifecycleListener.lifecycleEvent 在java.library.path:[C:\Program Files\Java\jdk-21\bin;C:\WINDOWS\Sun\Java\bin;C:\WINDOWS\system32;C:\WINDOWS;C:\Program Files (x86)\VMware\VMware Workstation\bin\;$env:PATH;C:\MinGW\bin;C:\Program Files\NVIDIA Corporation\NVIDIA App\NvDLISR;C:\Program Files\dotnet\;C:\Program Files\nodejs\;C:\Program Files\Git LFS;C:\Windows\System32;C:\Windows;C:\Windows\System32\WindowsPowerShell\v1.0;C:\Program Files (x86)\Microsoft SQL Server\170\Tools\Binn\;C:\Program Files\Microsoft SQL Server\170\Tools\Binn\;C:\Program Files\Microsoft SQL Server\Client SDK\ODBC\180\Tools\Binn\;C:\Program Files\Microsoft SQL Server\170\DTS\Binn\;D:\rational rose\common;C:\tools\deepseek;C:\Program Files\GitHub CLI\;C:\Users\links\AppData\Local\Microsoft\WindowsApps;C:\Users\links\.dotnet\tools;D:\cursor\resources\app\bin;D:\Microsoft VS Code\bin;C:\MinGW\bin;C:\Users\links\AppData\Roaming\npm;C:\Users\links\AppData\Roaming\npm\bin;C:\Program Files\Git\cmd;C:\Program Files\Git\bin;C:\Program Files\Java\jdk-17\bin;C:\Users\links\AppData\Local\Python\bin;.]上找不到基于APR的Apache Tomcat本机库，该库允许在生产环境中获得最佳性能
23-May-2026 22:02:35.297 信息 [main] org.apache.coyote.AbstractProtocol.init 初始化协议处理器 ["http-nio-8080"]
23-May-2026 22:02:35.306 信息 [main] org.apache.catalina.startup.Catalina.load 服务器在[282]毫秒内初始化
23-May-2026 22:02:35.347 信息 [main] org.apache.catalina.core.StandardService.startInternal 正在启动服务[Catalina]
23-May-2026 22:02:35.348 信息 [main] org.apache.catalina.core.StandardEngine.startInternal 正在启动 Servlet 引擎：[Apache Tomcat/10.1.52]
23-May-2026 22:02:35.354 信息 [main] org.apache.catalina.startup.HostConfig.deployDescriptor 正在部署部署描述符[D:\creat\property-management\src\main\webapp\conf\Catalina\localhost\webapp.xml]。
23-May-2026 22:02:35.777 信息 [main] org.apache.jasper.servlet.TldScanner.scanJars 至少有一个JAR被扫描用于TLD但尚未包含TLD。 为此记录器启用调试日志记录，以获取已扫描但未在其中找到TLD的完整JAR列表。 在扫描期间跳过不需要的JAR可以缩短启动时间和JSP编译时间。
23-May-2026 22:02:35.802 警告 [main] org.apache.catalina.filters.FilterBase.init 未为[org.apache.catalina.filters.SetCharacterEncodingFilter]类型的筛选器定义属性[forceEncoding]
23-May-2026 22:02:35.816 信息 [main] org.apache.catalina.startup.HostConfig.deployDescriptor 部署描述符[D:\creat\property-management\src\main\webapp\conf\Catalina\localhost\webapp.xml]的部署已在[460]ms内完成
23-May-2026 22:02:35.819 信息 [main] org.apache.coyote.AbstractProtocol.start 开始协议处理句柄["http-nio-8080"]
23-May-2026 22:02:35.830 信息 [main] org.apache.catalina.startup.Catalina.start [522]毫秒后服务器启动
23-May-2026 22:03:47.472 信息 [Thread-1] org.apache.coyote.AbstractProtocol.pause 暂停ProtocolHandler["http-nio-8080"]
23-May-2026 22:03:47.474 信息 [Thread-1] org.apache.catalina.core.StandardService.stopInternal 正在停止服务[Catalina]
23-May-2026 22:03:47.478 警告 [Thread-1] org.apache.catalina.loader.WebappClassLoaderBase.clearReferencesJdbc Web应用程序 [webapp] 注册了JDBC驱动程序 [com.microsoft.sqlserver.jdbc.SQLServerDriver]，但在Web应用程序停止时无法注销它。 为防止内存泄漏，JDBC驱动程序已被强制取消注册。
23-May-2026 22:03:47.479 严重 [Thread-1] org.apache.catalina.loader.WebappClassLoaderBase.checkThreadLocalMapForLeaks web应用程序[webapp]创建了一个ThreadLocal，其键类型为[java.lang.ThreadLocal]（值为[java.lang.ThreadLocal@22b4ffa1]），值类型为[com.microsoft.sqlserver.jdbc.SQLServerConnection43]（值为[ConnectionID:10 ClientConnectionId: c65290e3-ff55-44e0-ba33-431fc213f788），但在停止web应用程序时未能将其删除。线程将随着时间的推移而更新，以尝试避免可能的内存泄漏
23-May-2026 22:03:47.479 严重 [Thread-1] org.apache.catalina.loader.WebappClassLoaderBase.checkThreadLocalMapForLeaks web应用程序[webapp]创建了一个ThreadLocal，其键类型为[java.lang.ThreadLocal]（值为[java.lang.ThreadLocal@22b4ffa1]），值类型为[com.microsoft.sqlserver.jdbc.SQLServerConnection43]（值为[ConnectionID:14 ClientConnectionId: 98b7e388-96fe-40f0-9f81-bc4e3f5f7854），但在停止web应用程序时未能将其删除。线程将随着时间的推移而更新，以尝试避免可能的内存泄漏
23-May-2026 22:03:47.480 严重 [Thread-1] org.apache.catalina.loader.WebappClassLoaderBase.checkThreadLocalMapForLeaks web应用程序[webapp]创建了一个ThreadLocal，其键类型为[java.lang.ThreadLocal]（值为[java.lang.ThreadLocal@22b4ffa1]），值类型为[com.microsoft.sqlserver.jdbc.SQLServerConnection43]（值为[ConnectionID:8 ClientConnectionId: c016c365-3330-41c4-9630-480d9aad3f15），但在停止web应用程序时未能将其删除。线程将随着时间的推移而更新，以尝试避免可能的内存泄漏
23-May-2026 22:03:47.480 严重 [Thread-1] org.apache.catalina.loader.WebappClassLoaderBase.checkThreadLocalMapForLeaks web应用程序[webapp]创建了一个ThreadLocal，其键类型为[java.lang.ThreadLocal]（值为[java.lang.ThreadLocal@22b4ffa1]），值类型为[com.microsoft.sqlserver.jdbc.SQLServerConnection43]（值为[ConnectionID:9 ClientConnectionId: c7f7a058-8601-4af8-8435-d811825b1b84），但在停止web应用程序时未能将其删除。线程将随着时间的推移而更新，以尝试避免可能的内存泄漏
23-May-2026 22:03:47.480 严重 [Thread-1] org.apache.catalina.loader.WebappClassLoaderBase.checkThreadLocalMapForLeaks web应用程序[webapp]创建了一个ThreadLocal，其键类型为[java.lang.ThreadLocal]（值为[java.lang.ThreadLocal@22b4ffa1]），值类型为[com.microsoft.sqlserver.jdbc.SQLServerConnection43]（值为[ConnectionID:15 ClientConnectionId: 9bfa997d-7f79-49c3-af8e-e825f3c9ffa0），但在停止web应用程序时未能将其删除。线程将随着时间的推移而更新，以尝试避免可能的内存泄漏
23-May-2026 22:03:47.480 严重 [Thread-1] org.apache.catalina.loader.WebappClassLoaderBase.checkThreadLocalMapForLeaks web应用程序[webapp]创建了一个ThreadLocal，其键类型为[java.lang.ThreadLocal]（值为[java.lang.ThreadLocal@22b4ffa1]），值类型为[com.microsoft.sqlserver.jdbc.SQLServerConnection43]（值为[ConnectionID:1 ClientConnectionId: ebb5bf2b-5e6c-4b90-bf4d-fb48cf16c179），但在停止web应用程序时未能将其删除。线程将随着时间的推移而更新，以尝试避免可能的内存泄漏
23-May-2026 22:03:47.480 严重 [Thread-1] org.apache.catalina.loader.WebappClassLoaderBase.checkThreadLocalMapForLeaks web应用程序[webapp]创建了一个ThreadLocal，其键类型为[java.lang.ThreadLocal]（值为[java.lang.ThreadLocal@22b4ffa1]），值类型为[com.microsoft.sqlserver.jdbc.SQLServerConnection43]（值为[ConnectionID:11 ClientConnectionId: 801db942-d1aa-4d3c-be96-bd3e12b5f682），但在停止web应用程序时未能将其删除。线程将随着时间的推移而更新，以尝试避免可能的内存泄漏
23-May-2026 22:03:47.480 严重 [Thread-1] org.apache.catalina.loader.WebappClassLoaderBase.checkThreadLocalMapForLeaks web应用程序[webapp]创建了一个ThreadLocal，其键类型为[java.lang.ThreadLocal]（值为[java.lang.ThreadLocal@22b4ffa1]），值类型为[com.microsoft.sqlserver.jdbc.SQLServerConnection43]（值为[ConnectionID:12 ClientConnectionId: 2d41d529-fdae-4495-ae46-508017999f29），但在停止web应用程序时未能将其删除。线程将随着时间的推移而更新，以尝试避免可能的内存泄漏
23-May-2026 22:03:47.480 严重 [Thread-1] org.apache.catalina.loader.WebappClassLoaderBase.checkThreadLocalMapForLeaks web应用程序[webapp]创建了一个ThreadLocal，其键类型为[java.lang.ThreadLocal]（值为[java.lang.ThreadLocal@22b4ffa1]），值类型为[com.microsoft.sqlserver.jdbc.SQLServerConnection43]（值为[ConnectionID:4 ClientConnectionId: db47b498-3c7d-4963-b150-9007a629fe77），但在停止web应用程序时未能将其删除。线程将随着时间的推移而更新，以尝试避免可能的内存泄漏
23-May-2026 22:03:47.483 严重 [Thread-1] org.apache.catalina.loader.WebappClassLoaderBase.checkThreadLocalMapForLeaks web应用程序[webapp]创建了一个ThreadLocal，其键类型为[java.lang.ThreadLocal]（值为[java.lang.ThreadLocal@22b4ffa1]），值类型为[com.microsoft.sqlserver.jdbc.SQLServerConnection43]（值为[ConnectionID:5 ClientConnectionId: 10caa620-ecc2-418f-bc84-1a8616c78558），但在停止web应用程序时未能将其删除。线程将随着时间的推移而更新，以尝试避免可能的内存泄漏
23-May-2026 22:03:47.485 信息 [Thread-1] org.apache.coyote.AbstractProtocol.stop 正在停止ProtocolHandler ["http-nio-8080"]
23-May-2026 22:03:47.488 信息 [Thread-1] org.apache.coyote.AbstractProtocol.destroy 正在销毁协议处理器 ["http-nio-8080"]
23-May-2026 22:07:40.503 信息 [main] org.apache.catalina.startup.VersionLoggerListener.log Server.服务器版本: Apache Tomcat/10.1.52
23-May-2026 22:07:40.507 信息 [main] org.apache.catalina.startup.VersionLoggerListener.log 服务器构建:        Jan 23 2026 19:29:07 UTC
23-May-2026 22:07:40.507 信息 [main] org.apache.catalina.startup.VersionLoggerListener.log 服务器版本号:      10.1.52.0
23-May-2026 22:07:40.507 信息 [main] org.apache.catalina.startup.VersionLoggerListener.log 操作系统名称:      Windows 11
23-May-2026 22:07:40.508 信息 [main] org.apache.catalina.startup.VersionLoggerListener.log OS.版本:           10.0
23-May-2026 22:07:40.508 信息 [main] org.apache.catalina.startup.VersionLoggerListener.log 架构:              amd64
23-May-2026 22:07:40.508 信息 [main] org.apache.catalina.startup.VersionLoggerListener.log Java 环境变量:     C:\Program Files\Java\jdk-21
23-May-2026 22:07:40.508 信息 [main] org.apache.catalina.startup.VersionLoggerListener.log Java虚拟机版本:    21.0.6+8-LTS-188
23-May-2026 22:07:40.508 信息 [main] org.apache.catalina.startup.VersionLoggerListener.log JVM.供应商:        Oracle Corporation
23-May-2026 22:07:40.510 信息 [main] org.apache.catalina.startup.VersionLoggerListener.log CATALINA_BASE:     D:\creat\property-management\src\main\webapp
23-May-2026 22:07:40.510 信息 [main] org.apache.catalina.startup.VersionLoggerListener.log CATALINA_HOME:     D:\apache-tomcat-10.1.52
23-May-2026 22:07:40.514 信息 [main] org.apache.catalina.startup.VersionLoggerListener.log 命令行参数：       --add-opens=java.base/java.lang=ALL-UNNAMED
23-May-2026 22:07:40.514 信息 [main] org.apache.catalina.startup.VersionLoggerListener.log 命令行参数：       --add-opens=java.base/java.io=ALL-UNNAMED
23-May-2026 22:07:40.514 信息 [main] org.apache.catalina.startup.VersionLoggerListener.log 命令行参数：       --add-opens=java.base/java.util=ALL-UNNAMED
23-May-2026 22:07:40.514 信息 [main] org.apache.catalina.startup.VersionLoggerListener.log 命令行参数：       --add-opens=java.base/java.util.concurrent=ALL-UNNAMED
23-May-2026 22:07:40.514 信息 [main] org.apache.catalina.startup.VersionLoggerListener.log 命令行参数：       --add-opens=java.rmi/sun.rmi.transport=ALL-UNNAMED
23-May-2026 22:07:40.515 信息 [main] org.apache.catalina.startup.VersionLoggerListener.log 命令行参数：       -Dcatalina.home=D:\apache-tomcat-10.1.52
23-May-2026 22:07:40.515 信息 [main] org.apache.catalina.startup.VersionLoggerListener.log 命令行参数：       -Dcatalina.base=D:\creat\property-management\src\main\webapp
23-May-2026 22:07:40.515 信息 [main] org.apache.catalina.startup.VersionLoggerListener.log 命令行参数：       -Djava.io.tmpdir=D:\creat\property-management\src\main\webapp\temp
23-May-2026 22:07:40.515 信息 [main] org.apache.catalina.startup.VersionLoggerListener.log 命令行参数：       -Djava.util.logging.config.file=D:\creat\property-management\src\main\webapp\conf\logging.properties
23-May-2026 22:07:40.515 信息 [main] org.apache.catalina.startup.VersionLoggerListener.log 命令行参数：       -Djava.util.logging.manager=org.apache.juli.ClassLoaderLogManager
23-May-2026 22:07:40.515 信息 [main] org.apache.catalina.startup.VersionLoggerListener.log 命令行参数：       -javaagent:C:\Program Files\JetBrains\IntelliJ IDEA Community Edition 2024.3\lib\idea_rt.jar=10863:C:\Program Files\JetBrains\IntelliJ IDEA Community Edition 2024.3\bin
23-May-2026 22:07:40.515 信息 [main] org.apache.catalina.startup.VersionLoggerListener.log 命令行参数：       -Dfile.encoding=UTF-8
23-May-2026 22:07:40.515 信息 [main] org.apache.catalina.startup.VersionLoggerListener.log 命令行参数：       -Dsun.stdout.encoding=UTF-8
23-May-2026 22:07:40.516 信息 [main] org.apache.catalina.startup.VersionLoggerListener.log 命令行参数：       -Dsun.stderr.encoding=UTF-8
23-May-2026 22:07:40.522 信息 [main] org.apache.catalina.core.AprLifecycleListener.lifecycleEvent 在java.library.path:[C:\Program Files\Java\jdk-21\bin;C:\WINDOWS\Sun\Java\bin;C:\WINDOWS\system32;C:\WINDOWS;C:\Program Files (x86)\VMware\VMware Workstation\bin\;$env:PATH;C:\MinGW\bin;C:\Program Files\NVIDIA Corporation\NVIDIA App\NvDLISR;C:\Program Files\dotnet\;C:\Program Files\nodejs\;C:\Program Files\Git LFS;C:\Windows\System32;C:\Windows;C:\Windows\System32\WindowsPowerShell\v1.0;C:\Program Files (x86)\Microsoft SQL Server\170\Tools\Binn\;C:\Program Files\Microsoft SQL Server\170\Tools\Binn\;C:\Program Files\Microsoft SQL Server\Client SDK\ODBC\180\Tools\Binn\;C:\Program Files\Microsoft SQL Server\170\DTS\Binn\;D:\rational rose\common;C:\tools\deepseek;C:\Program Files\GitHub CLI\;C:\Users\links\AppData\Local\Microsoft\WindowsApps;C:\Users\links\.dotnet\tools;D:\cursor\resources\app\bin;D:\Microsoft VS Code\bin;C:\MinGW\bin;C:\Users\links\AppData\Roaming\npm;C:\Users\links\AppData\Roaming\npm\bin;C:\Program Files\Git\cmd;C:\Program Files\Git\bin;C:\Program Files\Java\jdk-17\bin;C:\Users\links\AppData\Local\Python\bin;.]上找不到基于APR的Apache Tomcat本机库，该库允许在生产环境中获得最佳性能
23-May-2026 22:07:40.671 信息 [main] org.apache.coyote.AbstractProtocol.init 初始化协议处理器 ["http-nio-8080"]
23-May-2026 22:07:40.681 信息 [main] org.apache.catalina.startup.Catalina.load 服务器在[298]毫秒内初始化
23-May-2026 22:07:40.724 信息 [main] org.apache.catalina.core.StandardService.startInternal 正在启动服务[Catalina]
23-May-2026 22:07:40.724 信息 [main] org.apache.catalina.core.StandardEngine.startInternal 正在启动 Servlet 引擎：[Apache Tomcat/10.1.52]
23-May-2026 22:07:40.735 信息 [main] org.apache.catalina.startup.HostConfig.deployDescriptor 正在部署部署描述符[D:\creat\property-management\src\main\webapp\conf\Catalina\localhost\webapp.xml]。
23-May-2026 22:07:41.195 信息 [main] org.apache.jasper.servlet.TldScanner.scanJars 至少有一个JAR被扫描用于TLD但尚未包含TLD。 为此记录器启用调试日志记录，以获取已扫描但未在其中找到TLD的完整JAR列表。 在扫描期间跳过不需要的JAR可以缩短启动时间和JSP编译时间。
23-May-2026 22:07:41.225 警告 [main] org.apache.catalina.filters.FilterBase.init 未为[org.apache.catalina.filters.SetCharacterEncodingFilter]类型的筛选器定义属性[forceEncoding]
23-May-2026 22:07:41.237 信息 [main] org.apache.catalina.startup.HostConfig.deployDescriptor 部署描述符[D:\creat\property-management\src\main\webapp\conf\Catalina\localhost\webapp.xml]的部署已在[500]ms内完成
23-May-2026 22:07:41.240 信息 [main] org.apache.coyote.AbstractProtocol.start 开始协议处理句柄["http-nio-8080"]
23-May-2026 22:07:41.254 信息 [main] org.apache.catalina.startup.Catalina.start [571]毫秒后服务器启动
23-May-2026 22:10:35.283 信息 [Thread-1] org.apache.coyote.AbstractProtocol.pause 暂停ProtocolHandler["http-nio-8080"]
23-May-2026 22:10:35.285 信息 [Thread-1] org.apache.catalina.core.StandardService.stopInternal 正在停止服务[Catalina]
23-May-2026 22:10:35.287 警告 [Thread-1] org.apache.catalina.loader.WebappClassLoaderBase.clearReferencesJdbc Web应用程序 [webapp] 注册了JDBC驱动程序 [com.microsoft.sqlserver.jdbc.SQLServerDriver]，但在Web应用程序停止时无法注销它。 为防止内存泄漏，JDBC驱动程序已被强制取消注册。
23-May-2026 22:10:35.288 严重 [Thread-1] org.apache.catalina.loader.WebappClassLoaderBase.checkThreadLocalMapForLeaks web应用程序[webapp]创建了一个ThreadLocal，其键类型为[java.lang.ThreadLocal]（值为[java.lang.ThreadLocal@5058c7b3]），值类型为[com.microsoft.sqlserver.jdbc.SQLServerConnection43]（值为[ConnectionID:40 ClientConnectionId: f2a37c65-79c7-4109-8595-646f68094d53），但在停止web应用程序时未能将其删除。线程将随着时间的推移而更新，以尝试避免可能的内存泄漏
23-May-2026 22:10:35.288 严重 [Thread-1] org.apache.catalina.loader.WebappClassLoaderBase.checkThreadLocalMapForLeaks web应用程序[webapp]创建了一个ThreadLocal，其键类型为[java.lang.ThreadLocal]（值为[java.lang.ThreadLocal@5058c7b3]），值类型为[com.microsoft.sqlserver.jdbc.SQLServerConnection43]（值为[ConnectionID:46 ClientConnectionId: 439e6be6-9074-4458-b21c-a558a3d99123），但在停止web应用程序时未能将其删除。线程将随着时间的推移而更新，以尝试避免可能的内存泄漏
23-May-2026 22:10:35.288 严重 [Thread-1] org.apache.catalina.loader.WebappClassLoaderBase.checkThreadLocalMapForLeaks web应用程序[webapp]创建了一个ThreadLocal，其键类型为[java.lang.ThreadLocal]（值为[java.lang.ThreadLocal@5058c7b3]），值类型为[com.microsoft.sqlserver.jdbc.SQLServerConnection43]（值为[ConnectionID:34 ClientConnectionId: 97d7bbd8-f7cf-4640-8ec2-8106b4de223c），但在停止web应用程序时未能将其删除。线程将随着时间的推移而更新，以尝试避免可能的内存泄漏
23-May-2026 22:10:35.289 严重 [Thread-1] org.apache.catalina.loader.WebappClassLoaderBase.checkThreadLocalMapForLeaks web应用程序[webapp]创建了一个ThreadLocal，其键类型为[java.lang.ThreadLocal]（值为[java.lang.ThreadLocal@5058c7b3]），值类型为[com.microsoft.sqlserver.jdbc.SQLServerConnection43]（值为[ConnectionID:43 ClientConnectionId: 632fba01-9139-4478-80a5-546ef76cda09），但在停止web应用程序时未能将其删除。线程将随着时间的推移而更新，以尝试避免可能的内存泄漏
23-May-2026 22:10:35.289 严重 [Thread-1] org.apache.catalina.loader.WebappClassLoaderBase.checkThreadLocalMapForLeaks web应用程序[webapp]创建了一个ThreadLocal，其键类型为[java.lang.ThreadLocal]（值为[java.lang.ThreadLocal@5058c7b3]），值类型为[com.microsoft.sqlserver.jdbc.SQLServerConnection43]（值为[ConnectionID:44 ClientConnectionId: 90e11d6d-16f9-4569-a552-705600cf84d2），但在停止web应用程序时未能将其删除。线程将随着时间的推移而更新，以尝试避免可能的内存泄漏
23-May-2026 22:10:35.289 严重 [Thread-1] org.apache.catalina.loader.WebappClassLoaderBase.checkThreadLocalMapForLeaks web应用程序[webapp]创建了一个ThreadLocal，其键类型为[java.lang.ThreadLocal]（值为[java.lang.ThreadLocal@5058c7b3]），值类型为[com.microsoft.sqlserver.jdbc.SQLServerConnection43]（值为[ConnectionID:45 ClientConnectionId: c8360a10-76ae-4fbc-8959-7c983a83250f），但在停止web应用程序时未能将其删除。线程将随着时间的推移而更新，以尝试避免可能的内存泄漏
23-May-2026 22:10:35.289 严重 [Thread-1] org.apache.catalina.loader.WebappClassLoaderBase.checkThreadLocalMapForLeaks web应用程序[webapp]创建了一个ThreadLocal，其键类型为[java.lang.ThreadLocal]（值为[java.lang.ThreadLocal@5058c7b3]），值类型为[com.microsoft.sqlserver.jdbc.SQLServerConnection43]（值为[ConnectionID:42 ClientConnectionId: b8279854-d2e6-4ee4-b05e-2ec94599def7），但在停止web应用程序时未能将其删除。线程将随着时间的推移而更新，以尝试避免可能的内存泄漏
23-May-2026 22:10:35.289 严重 [Thread-1] org.apache.catalina.loader.WebappClassLoaderBase.checkThreadLocalMapForLeaks web应用程序[webapp]创建了一个ThreadLocal，其键类型为[java.lang.ThreadLocal]（值为[java.lang.ThreadLocal@5058c7b3]），值类型为[com.microsoft.sqlserver.jdbc.SQLServerConnection43]（值为[ConnectionID:47 ClientConnectionId: 9c246d8e-7e2d-437e-b987-566d3be4446c），但在停止web应用程序时未能将其删除。线程将随着时间的推移而更新，以尝试避免可能的内存泄漏
23-May-2026 22:10:35.289 严重 [Thread-1] org.apache.catalina.loader.WebappClassLoaderBase.checkThreadLocalMapForLeaks web应用程序[webapp]创建了一个ThreadLocal，其键类型为[java.lang.ThreadLocal]（值为[java.lang.ThreadLocal@5058c7b3]），值类型为[com.microsoft.sqlserver.jdbc.SQLServerConnection43]（值为[ConnectionID:39 ClientConnectionId: b21ebb31-b238-41a3-aef2-8dc3ea2f2401），但在停止web应用程序时未能将其删除。线程将随着时间的推移而更新，以尝试避免可能的内存泄漏
23-May-2026 22:10:35.293 严重 [Thread-1] org.apache.catalina.loader.WebappClassLoaderBase.checkThreadLocalMapForLeaks web应用程序[webapp]创建了一个ThreadLocal，其键类型为[java.lang.ThreadLocal]（值为[java.lang.ThreadLocal@5058c7b3]），值类型为[com.microsoft.sqlserver.jdbc.SQLServerConnection43]（值为[ConnectionID:41 ClientConnectionId: 84b29a3b-d8ac-4f9a-b023-625e23ce346b），但在停止web应用程序时未能将其删除。线程将随着时间的推移而更新，以尝试避免可能的内存泄漏
23-May-2026 22:10:35.294 信息 [Thread-1] org.apache.coyote.AbstractProtocol.stop 正在停止ProtocolHandler ["http-nio-8080"]
23-May-2026 22:10:35.296 信息 [Thread-1] org.apache.coyote.AbstractProtocol.destroy 正在销毁协议处理器 ["http-nio-8080"]
23-May-2026 22:10:36.898 信息 [main] org.apache.catalina.startup.VersionLoggerListener.log Server.服务器版本: Apache Tomcat/10.1.52
23-May-2026 22:10:36.901 信息 [main] org.apache.catalina.startup.VersionLoggerListener.log 服务器构建:        Jan 23 2026 19:29:07 UTC
23-May-2026 22:10:36.901 信息 [main] org.apache.catalina.startup.VersionLoggerListener.log 服务器版本号:      10.1.52.0
23-May-2026 22:10:36.901 信息 [main] org.apache.catalina.startup.VersionLoggerListener.log 操作系统名称:      Windows 11
23-May-2026 22:10:36.901 信息 [main] org.apache.catalina.startup.VersionLoggerListener.log OS.版本:           10.0
23-May-2026 22:10:36.901 信息 [main] org.apache.catalina.startup.VersionLoggerListener.log 架构:              amd64
23-May-2026 22:10:36.901 信息 [main] org.apache.catalina.startup.VersionLoggerListener.log Java 环境变量:     C:\Program Files\Java\jdk-21
23-May-2026 22:10:36.901 信息 [main] org.apache.catalina.startup.VersionLoggerListener.log Java虚拟机版本:    21.0.6+8-LTS-188
23-May-2026 22:10:36.901 信息 [main] org.apache.catalina.startup.VersionLoggerListener.log JVM.供应商:        Oracle Corporation
23-May-2026 22:10:36.903 信息 [main] org.apache.catalina.startup.VersionLoggerListener.log CATALINA_BASE:     D:\creat\property-management\src\main\webapp
23-May-2026 22:10:36.903 信息 [main] org.apache.catalina.startup.VersionLoggerListener.log CATALINA_HOME:     D:\apache-tomcat-10.1.52
23-May-2026 22:10:36.909 信息 [main] org.apache.catalina.startup.VersionLoggerListener.log 命令行参数：       --add-opens=java.base/java.lang=ALL-UNNAMED
23-May-2026 22:10:36.909 信息 [main] org.apache.catalina.startup.VersionLoggerListener.log 命令行参数：       --add-opens=java.base/java.io=ALL-UNNAMED
23-May-2026 22:10:36.909 信息 [main] org.apache.catalina.startup.VersionLoggerListener.log 命令行参数：       --add-opens=java.base/java.util=ALL-UNNAMED
23-May-2026 22:10:36.909 信息 [main] org.apache.catalina.startup.VersionLoggerListener.log 命令行参数：       --add-opens=java.base/java.util.concurrent=ALL-UNNAMED
23-May-2026 22:10:36.909 信息 [main] org.apache.catalina.startup.VersionLoggerListener.log 命令行参数：       --add-opens=java.rmi/sun.rmi.transport=ALL-UNNAMED
23-May-2026 22:10:36.910 信息 [main] org.apache.catalina.startup.VersionLoggerListener.log 命令行参数：       -Dcatalina.home=D:\apache-tomcat-10.1.52
23-May-2026 22:10:36.910 信息 [main] org.apache.catalina.startup.VersionLoggerListener.log 命令行参数：       -Dcatalina.base=D:\creat\property-management\src\main\webapp
23-May-2026 22:10:36.910 信息 [main] org.apache.catalina.startup.VersionLoggerListener.log 命令行参数：       -Djava.io.tmpdir=D:\creat\property-management\src\main\webapp\temp
23-May-2026 22:10:36.910 信息 [main] org.apache.catalina.startup.VersionLoggerListener.log 命令行参数：       -Djava.util.logging.config.file=D:\creat\property-management\src\main\webapp\conf\logging.properties
23-May-2026 22:10:36.910 信息 [main] org.apache.catalina.startup.VersionLoggerListener.log 命令行参数：       -Djava.util.logging.manager=org.apache.juli.ClassLoaderLogManager
23-May-2026 22:10:36.911 信息 [main] org.apache.catalina.startup.VersionLoggerListener.log 命令行参数：       -javaagent:C:\Program Files\JetBrains\IntelliJ IDEA Community Edition 2024.3\lib\idea_rt.jar=2691:C:\Program Files\JetBrains\IntelliJ IDEA Community Edition 2024.3\bin
23-May-2026 22:10:36.911 信息 [main] org.apache.catalina.startup.VersionLoggerListener.log 命令行参数：       -Dfile.encoding=UTF-8
23-May-2026 22:10:36.911 信息 [main] org.apache.catalina.startup.VersionLoggerListener.log 命令行参数：       -Dsun.stdout.encoding=UTF-8
23-May-2026 22:10:36.911 信息 [main] org.apache.catalina.startup.VersionLoggerListener.log 命令行参数：       -Dsun.stderr.encoding=UTF-8
23-May-2026 22:10:36.917 信息 [main] org.apache.catalina.core.AprLifecycleListener.lifecycleEvent 在java.library.path:[C:\Program Files\Java\jdk-21\bin;C:\WINDOWS\Sun\Java\bin;C:\WINDOWS\system32;C:\WINDOWS;C:\Program Files (x86)\VMware\VMware Workstation\bin\;$env:PATH;C:\MinGW\bin;C:\Program Files\NVIDIA Corporation\NVIDIA App\NvDLISR;C:\Program Files\dotnet\;C:\Program Files\nodejs\;C:\Program Files\Git LFS;C:\Windows\System32;C:\Windows;C:\Windows\System32\WindowsPowerShell\v1.0;C:\Program Files (x86)\Microsoft SQL Server\170\Tools\Binn\;C:\Program Files\Microsoft SQL Server\170\Tools\Binn\;C:\Program Files\Microsoft SQL Server\Client SDK\ODBC\180\Tools\Binn\;C:\Program Files\Microsoft SQL Server\170\DTS\Binn\;D:\rational rose\common;C:\tools\deepseek;C:\Program Files\GitHub CLI\;C:\Users\links\AppData\Local\Microsoft\WindowsApps;C:\Users\links\.dotnet\tools;D:\cursor\resources\app\bin;D:\Microsoft VS Code\bin;C:\MinGW\bin;C:\Users\links\AppData\Roaming\npm;C:\Users\links\AppData\Roaming\npm\bin;C:\Program Files\Git\cmd;C:\Program Files\Git\bin;C:\Program Files\Java\jdk-17\bin;C:\Users\links\AppData\Local\Python\bin;.]上找不到基于APR的Apache Tomcat本机库，该库允许在生产环境中获得最佳性能
23-May-2026 22:10:37.086 信息 [main] org.apache.coyote.AbstractProtocol.init 初始化协议处理器 ["http-nio-8080"]
23-May-2026 22:10:37.101 信息 [main] org.apache.catalina.startup.Catalina.load 服务器在[339]毫秒内初始化
23-May-2026 22:10:37.162 信息 [main] org.apache.catalina.core.StandardService.startInternal 正在启动服务[Catalina]
23-May-2026 22:10:37.163 信息 [main] org.apache.catalina.core.StandardEngine.startInternal 正在启动 Servlet 引擎：[Apache Tomcat/10.1.52]
23-May-2026 22:10:37.171 信息 [main] org.apache.catalina.startup.HostConfig.deployDescriptor 正在部署部署描述符[D:\creat\property-management\src\main\webapp\conf\Catalina\localhost\webapp.xml]。
23-May-2026 22:10:37.651 信息 [main] org.apache.jasper.servlet.TldScanner.scanJars 至少有一个JAR被扫描用于TLD但尚未包含TLD。 为此记录器启用调试日志记录，以获取已扫描但未在其中找到TLD的完整JAR列表。 在扫描期间跳过不需要的JAR可以缩短启动时间和JSP编译时间。
23-May-2026 22:10:37.679 警告 [main] org.apache.catalina.filters.FilterBase.init 未为[org.apache.catalina.filters.SetCharacterEncodingFilter]类型的筛选器定义属性[forceEncoding]
23-May-2026 22:10:37.692 信息 [main] org.apache.catalina.startup.HostConfig.deployDescriptor 部署描述符[D:\creat\property-management\src\main\webapp\conf\Catalina\localhost\webapp.xml]的部署已在[519]ms内完成
23-May-2026 22:10:37.694 信息 [main] org.apache.coyote.AbstractProtocol.start 开始协议处理句柄["http-nio-8080"]
23-May-2026 22:10:37.711 信息 [main] org.apache.catalina.startup.Catalina.start [608]毫秒后服务器启动
23-May-2026 22:14:51.516 信息 [Thread-1] org.apache.coyote.AbstractProtocol.pause 暂停ProtocolHandler["http-nio-8080"]
23-May-2026 22:14:51.524 信息 [Thread-1] org.apache.catalina.core.StandardService.stopInternal 正在停止服务[Catalina]
23-May-2026 22:14:51.526 警告 [Thread-1] org.apache.catalina.loader.WebappClassLoaderBase.clearReferencesJdbc Web应用程序 [webapp] 注册了JDBC驱动程序 [com.microsoft.sqlserver.jdbc.SQLServerDriver]，但在Web应用程序停止时无法注销它。 为防止内存泄漏，JDBC驱动程序已被强制取消注册。
23-May-2026 22:14:51.527 严重 [Thread-1] org.apache.catalina.loader.WebappClassLoaderBase.checkThreadLocalMapForLeaks web应用程序[webapp]创建了一个ThreadLocal，其键类型为[java.lang.ThreadLocal]（值为[java.lang.ThreadLocal@4b9ac5b2]），值类型为[com.microsoft.sqlserver.jdbc.SQLServerConnection43]（值为[ConnectionID:9 ClientConnectionId: 1fdc0f63-afff-4fb1-a5fd-9df3a9217568），但在停止web应用程序时未能将其删除。线程将随着时间的推移而更新，以尝试避免可能的内存泄漏
23-May-2026 22:14:51.527 严重 [Thread-1] org.apache.catalina.loader.WebappClassLoaderBase.checkThreadLocalMapForLeaks web应用程序[webapp]创建了一个ThreadLocal，其键类型为[java.lang.ThreadLocal]（值为[java.lang.ThreadLocal@4b9ac5b2]），值类型为[com.microsoft.sqlserver.jdbc.SQLServerConnection43]（值为[ConnectionID:10 ClientConnectionId: b810adde-503c-4f8d-b5e7-512076558f10），但在停止web应用程序时未能将其删除。线程将随着时间的推移而更新，以尝试避免可能的内存泄漏
23-May-2026 22:14:51.527 严重 [Thread-1] org.apache.catalina.loader.WebappClassLoaderBase.checkThreadLocalMapForLeaks web应用程序[webapp]创建了一个ThreadLocal，其键类型为[java.lang.ThreadLocal]（值为[java.lang.ThreadLocal@4b9ac5b2]），值类型为[com.microsoft.sqlserver.jdbc.SQLServerConnection43]（值为[ConnectionID:2 ClientConnectionId: 2441ad3b-51b2-4320-9a80-2bc835fd0e8b），但在停止web应用程序时未能将其删除。线程将随着时间的推移而更新，以尝试避免可能的内存泄漏
23-May-2026 22:14:51.527 严重 [Thread-1] org.apache.catalina.loader.WebappClassLoaderBase.checkThreadLocalMapForLeaks web应用程序[webapp]创建了一个ThreadLocal，其键类型为[java.lang.ThreadLocal]（值为[java.lang.ThreadLocal@4b9ac5b2]），值类型为[com.microsoft.sqlserver.jdbc.SQLServerConnection43]（值为[ConnectionID:1 ClientConnectionId: 0320cb04-189c-4e8c-bc12-89a80e038852），但在停止web应用程序时未能将其删除。线程将随着时间的推移而更新，以尝试避免可能的内存泄漏
23-May-2026 22:14:51.527 严重 [Thread-1] org.apache.catalina.loader.WebappClassLoaderBase.checkThreadLocalMapForLeaks web应用程序[webapp]创建了一个ThreadLocal，其键类型为[java.lang.ThreadLocal]（值为[java.lang.ThreadLocal@4b9ac5b2]），值类型为[com.microsoft.sqlserver.jdbc.SQLServerConnection43]（值为[ConnectionID:3 ClientConnectionId: f35d67a0-e5b0-4145-a864-bc81ecd40c34），但在停止web应用程序时未能将其删除。线程将随着时间的推移而更新，以尝试避免可能的内存泄漏
23-May-2026 22:14:51.527 严重 [Thread-1] org.apache.catalina.loader.WebappClassLoaderBase.checkThreadLocalMapForLeaks web应用程序[webapp]创建了一个ThreadLocal，其键类型为[java.lang.ThreadLocal]（值为[java.lang.ThreadLocal@4b9ac5b2]），值类型为[com.microsoft.sqlserver.jdbc.SQLServerConnection43]（值为[ConnectionID:4 ClientConnectionId: 472675a4-28dd-407d-acdc-d3ecff280f3a），但在停止web应用程序时未能将其删除。线程将随着时间的推移而更新，以尝试避免可能的内存泄漏
23-May-2026 22:14:51.528 严重 [Thread-1] org.apache.catalina.loader.WebappClassLoaderBase.checkThreadLocalMapForLeaks web应用程序[webapp]创建了一个ThreadLocal，其键类型为[java.lang.ThreadLocal]（值为[java.lang.ThreadLocal@4b9ac5b2]），值类型为[com.microsoft.sqlserver.jdbc.SQLServerConnection43]（值为[ConnectionID:5 ClientConnectionId: 1c473533-867a-4d3b-8687-4c7c9cd68f70），但在停止web应用程序时未能将其删除。线程将随着时间的推移而更新，以尝试避免可能的内存泄漏
23-May-2026 22:14:51.528 严重 [Thread-1] org.apache.catalina.loader.WebappClassLoaderBase.checkThreadLocalMapForLeaks web应用程序[webapp]创建了一个ThreadLocal，其键类型为[java.lang.ThreadLocal]（值为[java.lang.ThreadLocal@4b9ac5b2]），值类型为[com.microsoft.sqlserver.jdbc.SQLServerConnection43]（值为[ConnectionID:6 ClientConnectionId: d6d055d3-cc3c-4c01-8e51-dd2a8f9a7b1b），但在停止web应用程序时未能将其删除。线程将随着时间的推移而更新，以尝试避免可能的内存泄漏
23-May-2026 22:14:51.528 严重 [Thread-1] org.apache.catalina.loader.WebappClassLoaderBase.checkThreadLocalMapForLeaks web应用程序[webapp]创建了一个ThreadLocal，其键类型为[java.lang.ThreadLocal]（值为[java.lang.ThreadLocal@4b9ac5b2]），值类型为[com.microsoft.sqlserver.jdbc.SQLServerConnection43]（值为[ConnectionID:8 ClientConnectionId: fb0e32d1-1859-411c-b957-d28cc0a03069），但在停止web应用程序时未能将其删除。线程将随着时间的推移而更新，以尝试避免可能的内存泄漏
23-May-2026 22:14:51.529 信息 [Thread-1] org.apache.coyote.AbstractProtocol.stop 正在停止ProtocolHandler ["http-nio-8080"]
23-May-2026 22:14:51.533 信息 [Thread-1] org.apache.coyote.AbstractProtocol.destroy 正在销毁协议处理器 ["http-nio-8080"]
23-May-2026 22:14:53.126 信息 [main] org.apache.catalina.startup.VersionLoggerListener.log Server.服务器版本: Apache Tomcat/10.1.52
23-May-2026 22:14:53.130 信息 [main] org.apache.catalina.startup.VersionLoggerListener.log 服务器构建:        Jan 23 2026 19:29:07 UTC
23-May-2026 22:14:53.131 信息 [main] org.apache.catalina.startup.VersionLoggerListener.log 服务器版本号:      10.1.52.0
23-May-2026 22:14:53.131 信息 [main] org.apache.catalina.startup.VersionLoggerListener.log 操作系统名称:      Windows 11
23-May-2026 22:14:53.131 信息 [main] org.apache.catalina.startup.VersionLoggerListener.log OS.版本:           10.0
23-May-2026 22:14:53.131 信息 [main] org.apache.catalina.startup.VersionLoggerListener.log 架构:              amd64
23-May-2026 22:14:53.131 信息 [main] org.apache.catalina.startup.VersionLoggerListener.log Java 环境变量:     C:\Program Files\Java\jdk-21
23-May-2026 22:14:53.131 信息 [main] org.apache.catalina.startup.VersionLoggerListener.log Java虚拟机版本:    21.0.6+8-LTS-188
23-May-2026 22:14:53.131 信息 [main] org.apache.catalina.startup.VersionLoggerListener.log JVM.供应商:        Oracle Corporation
23-May-2026 22:14:53.132 信息 [main] org.apache.catalina.startup.VersionLoggerListener.log CATALINA_BASE:     D:\creat\property-management\src\main\webapp
23-May-2026 22:14:53.132 信息 [main] org.apache.catalina.startup.VersionLoggerListener.log CATALINA_HOME:     D:\apache-tomcat-10.1.52
23-May-2026 22:14:53.138 信息 [main] org.apache.catalina.startup.VersionLoggerListener.log 命令行参数：       --add-opens=java.base/java.lang=ALL-UNNAMED
23-May-2026 22:14:53.138 信息 [main] org.apache.catalina.startup.VersionLoggerListener.log 命令行参数：       --add-opens=java.base/java.io=ALL-UNNAMED
23-May-2026 22:14:53.138 信息 [main] org.apache.catalina.startup.VersionLoggerListener.log 命令行参数：       --add-opens=java.base/java.util=ALL-UNNAMED
23-May-2026 22:14:53.138 信息 [main] org.apache.catalina.startup.VersionLoggerListener.log 命令行参数：       --add-opens=java.base/java.util.concurrent=ALL-UNNAMED
23-May-2026 22:14:53.138 信息 [main] org.apache.catalina.startup.VersionLoggerListener.log 命令行参数：       --add-opens=java.rmi/sun.rmi.transport=ALL-UNNAMED
23-May-2026 22:14:53.138 信息 [main] org.apache.catalina.startup.VersionLoggerListener.log 命令行参数：       -Dcatalina.home=D:\apache-tomcat-10.1.52
23-May-2026 22:14:53.138 信息 [main] org.apache.catalina.startup.VersionLoggerListener.log 命令行参数：       -Dcatalina.base=D:\creat\property-management\src\main\webapp
23-May-2026 22:14:53.139 信息 [main] org.apache.catalina.startup.VersionLoggerListener.log 命令行参数：       -Djava.io.tmpdir=D:\creat\property-management\src\main\webapp\temp
23-May-2026 22:14:53.139 信息 [main] org.apache.catalina.startup.VersionLoggerListener.log 命令行参数：       -Djava.util.logging.config.file=D:\creat\property-management\src\main\webapp\conf\logging.properties
23-May-2026 22:14:53.139 信息 [main] org.apache.catalina.startup.VersionLoggerListener.log 命令行参数：       -Djava.util.logging.manager=org.apache.juli.ClassLoaderLogManager
23-May-2026 22:14:53.139 信息 [main] org.apache.catalina.startup.VersionLoggerListener.log 命令行参数：       -javaagent:C:\Program Files\JetBrains\IntelliJ IDEA Community Edition 2024.3\lib\idea_rt.jar=5957:C:\Program Files\JetBrains\IntelliJ IDEA Community Edition 2024.3\bin
23-May-2026 22:14:53.140 信息 [main] org.apache.catalina.startup.VersionLoggerListener.log 命令行参数：       -Dfile.encoding=UTF-8
23-May-2026 22:14:53.140 信息 [main] org.apache.catalina.startup.VersionLoggerListener.log 命令行参数：       -Dsun.stdout.encoding=UTF-8
23-May-2026 22:14:53.140 信息 [main] org.apache.catalina.startup.VersionLoggerListener.log 命令行参数：       -Dsun.stderr.encoding=UTF-8
23-May-2026 22:14:53.148 信息 [main] org.apache.catalina.core.AprLifecycleListener.lifecycleEvent 在java.library.path:[C:\Program Files\Java\jdk-21\bin;C:\WINDOWS\Sun\Java\bin;C:\WINDOWS\system32;C:\WINDOWS;C:\Program Files (x86)\VMware\VMware Workstation\bin\;$env:PATH;C:\MinGW\bin;C:\Program Files\NVIDIA Corporation\NVIDIA App\NvDLISR;C:\Program Files\dotnet\;C:\Program Files\nodejs\;C:\Program Files\Git LFS;C:\Windows\System32;C:\Windows;C:\Windows\System32\WindowsPowerShell\v1.0;C:\Program Files (x86)\Microsoft SQL Server\170\Tools\Binn\;C:\Program Files\Microsoft SQL Server\170\Tools\Binn\;C:\Program Files\Microsoft SQL Server\Client SDK\ODBC\180\Tools\Binn\;C:\Program Files\Microsoft SQL Server\170\DTS\Binn\;D:\rational rose\common;C:\tools\deepseek;C:\Program Files\GitHub CLI\;C:\Users\links\AppData\Local\Microsoft\WindowsApps;C:\Users\links\.dotnet\tools;D:\cursor\resources\app\bin;D:\Microsoft VS Code\bin;C:\MinGW\bin;C:\Users\links\AppData\Roaming\npm;C:\Users\links\AppData\Roaming\npm\bin;C:\Program Files\Git\cmd;C:\Program Files\Git\bin;C:\Program Files\Java\jdk-17\bin;C:\Users\links\AppData\Local\Python\bin;.]上找不到基于APR的Apache Tomcat本机库，该库允许在生产环境中获得最佳性能
23-May-2026 22:14:53.313 信息 [main] org.apache.coyote.AbstractProtocol.init 初始化协议处理器 ["http-nio-8080"]
23-May-2026 22:14:53.326 信息 [main] org.apache.catalina.startup.Catalina.load 服务器在[316]毫秒内初始化
23-May-2026 22:14:53.363 信息 [main] org.apache.catalina.core.StandardService.startInternal 正在启动服务[Catalina]
23-May-2026 22:14:53.363 信息 [main] org.apache.catalina.core.StandardEngine.startInternal 正在启动 Servlet 引擎：[Apache Tomcat/10.1.52]
23-May-2026 22:14:53.370 信息 [main] org.apache.catalina.startup.HostConfig.deployDescriptor 正在部署部署描述符[D:\creat\property-management\src\main\webapp\conf\Catalina\localhost\webapp.xml]。
23-May-2026 22:14:53.796 信息 [main] org.apache.jasper.servlet.TldScanner.scanJars 至少有一个JAR被扫描用于TLD但尚未包含TLD。 为此记录器启用调试日志记录，以获取已扫描但未在其中找到TLD的完整JAR列表。 在扫描期间跳过不需要的JAR可以缩短启动时间和JSP编译时间。
23-May-2026 22:14:53.833 警告 [main] org.apache.catalina.filters.FilterBase.init 未为[org.apache.catalina.filters.SetCharacterEncodingFilter]类型的筛选器定义属性[forceEncoding]
23-May-2026 22:14:53.845 信息 [main] org.apache.catalina.startup.HostConfig.deployDescriptor 部署描述符[D:\creat\property-management\src\main\webapp\conf\Catalina\localhost\webapp.xml]的部署已在[473]ms内完成
23-May-2026 22:14:53.848 信息 [main] org.apache.coyote.AbstractProtocol.start 开始协议处理句柄["http-nio-8080"]
23-May-2026 22:14:53.862 信息 [main] org.apache.catalina.startup.Catalina.start [535]毫秒后服务器启动
23-May-2026 22:28:32.620 信息 [Thread-1] org.apache.coyote.AbstractProtocol.pause 暂停ProtocolHandler["http-nio-8080"]
23-May-2026 22:28:32.622 信息 [Thread-1] org.apache.catalina.core.StandardService.stopInternal 正在停止服务[Catalina]
23-May-2026 22:28:32.625 警告 [Thread-1] org.apache.catalina.loader.WebappClassLoaderBase.clearReferencesJdbc Web应用程序 [webapp] 注册了JDBC驱动程序 [com.microsoft.sqlserver.jdbc.SQLServerDriver]，但在Web应用程序停止时无法注销它。 为防止内存泄漏，JDBC驱动程序已被强制取消注册。
23-May-2026 22:28:32.625 严重 [Thread-1] org.apache.catalina.loader.WebappClassLoaderBase.checkThreadLocalMapForLeaks web应用程序[webapp]创建了一个ThreadLocal，其键类型为[java.lang.ThreadLocal]（值为[java.lang.ThreadLocal@5a2c7d61]），值类型为[com.microsoft.sqlserver.jdbc.SQLServerConnection43]（值为[ConnectionID:75 ClientConnectionId: 7d1c63bc-bdd1-4fa3-8344-c6a1b616939a），但在停止web应用程序时未能将其删除。线程将随着时间的推移而更新，以尝试避免可能的内存泄漏
23-May-2026 22:28:32.625 严重 [Thread-1] org.apache.catalina.loader.WebappClassLoaderBase.checkThreadLocalMapForLeaks web应用程序[webapp]创建了一个ThreadLocal，其键类型为[java.lang.ThreadLocal]（值为[java.lang.ThreadLocal@5a2c7d61]），值类型为[com.microsoft.sqlserver.jdbc.SQLServerConnection43]（值为[ConnectionID:64 ClientConnectionId: b9d0256e-654c-434e-95c5-fce907f8f2b6），但在停止web应用程序时未能将其删除。线程将随着时间的推移而更新，以尝试避免可能的内存泄漏
23-May-2026 22:28:32.626 严重 [Thread-1] org.apache.catalina.loader.WebappClassLoaderBase.checkThreadLocalMapForLeaks web应用程序[webapp]创建了一个ThreadLocal，其键类型为[java.lang.ThreadLocal]（值为[java.lang.ThreadLocal@5a2c7d61]），值类型为[com.microsoft.sqlserver.jdbc.SQLServerConnection43]（值为[ConnectionID:68 ClientConnectionId: 40f0996e-b2fc-480a-a0fd-ca3a414b3f63），但在停止web应用程序时未能将其删除。线程将随着时间的推移而更新，以尝试避免可能的内存泄漏
23-May-2026 22:28:32.626 严重 [Thread-1] org.apache.catalina.loader.WebappClassLoaderBase.checkThreadLocalMapForLeaks web应用程序[webapp]创建了一个ThreadLocal，其键类型为[java.lang.ThreadLocal]（值为[java.lang.ThreadLocal@5a2c7d61]），值类型为[com.microsoft.sqlserver.jdbc.SQLServerConnection43]（值为[ConnectionID:65 ClientConnectionId: 4c891474-56a9-4100-b040-9134c6068219），但在停止web应用程序时未能将其删除。线程将随着时间的推移而更新，以尝试避免可能的内存泄漏
23-May-2026 22:28:32.626 严重 [Thread-1] org.apache.catalina.loader.WebappClassLoaderBase.checkThreadLocalMapForLeaks web应用程序[webapp]创建了一个ThreadLocal，其键类型为[java.lang.ThreadLocal]（值为[java.lang.ThreadLocal@5a2c7d61]），值类型为[com.microsoft.sqlserver.jdbc.SQLServerConnection43]（值为[ConnectionID:77 ClientConnectionId: e0184b1c-3716-4c27-b9b4-95ba04b8a823），但在停止web应用程序时未能将其删除。线程将随着时间的推移而更新，以尝试避免可能的内存泄漏
23-May-2026 22:28:32.626 严重 [Thread-1] org.apache.catalina.loader.WebappClassLoaderBase.checkThreadLocalMapForLeaks web应用程序[webapp]创建了一个ThreadLocal，其键类型为[java.lang.ThreadLocal]（值为[java.lang.ThreadLocal@5a2c7d61]），值类型为[com.microsoft.sqlserver.jdbc.SQLServerConnection43]（值为[ConnectionID:76 ClientConnectionId: 1fd2e885-48f6-4b4a-82a6-185889d472d2），但在停止web应用程序时未能将其删除。线程将随着时间的推移而更新，以尝试避免可能的内存泄漏
23-May-2026 22:28:32.626 严重 [Thread-1] org.apache.catalina.loader.WebappClassLoaderBase.checkThreadLocalMapForLeaks web应用程序[webapp]创建了一个ThreadLocal，其键类型为[java.lang.ThreadLocal]（值为[java.lang.ThreadLocal@5a2c7d61]），值类型为[com.microsoft.sqlserver.jdbc.SQLServerConnection43]（值为[ConnectionID:69 ClientConnectionId: 8fce8936-d0fc-4377-b729-0b89aed8e597），但在停止web应用程序时未能将其删除。线程将随着时间的推移而更新，以尝试避免可能的内存泄漏
23-May-2026 22:28:32.627 严重 [Thread-1] org.apache.catalina.loader.WebappClassLoaderBase.checkThreadLocalMapForLeaks web应用程序[webapp]创建了一个ThreadLocal，其键类型为[java.lang.ThreadLocal]（值为[java.lang.ThreadLocal@5a2c7d61]），值类型为[com.microsoft.sqlserver.jdbc.SQLServerConnection43]（值为[ConnectionID:71 ClientConnectionId: caf64055-606c-46a3-92f4-1777b036d5f3），但在停止web应用程序时未能将其删除。线程将随着时间的推移而更新，以尝试避免可能的内存泄漏
23-May-2026 22:28:32.627 严重 [Thread-1] org.apache.catalina.loader.WebappClassLoaderBase.checkThreadLocalMapForLeaks web应用程序[webapp]创建了一个ThreadLocal，其键类型为[java.lang.ThreadLocal]（值为[java.lang.ThreadLocal@5a2c7d61]），值类型为[com.microsoft.sqlserver.jdbc.SQLServerConnection43]（值为[ConnectionID:72 ClientConnectionId: 387a61f4-c1d0-41dd-b420-f047d3a5064a），但在停止web应用程序时未能将其删除。线程将随着时间的推移而更新，以尝试避免可能的内存泄漏
23-May-2026 22:28:32.627 严重 [Thread-1] org.apache.catalina.loader.WebappClassLoaderBase.checkThreadLocalMapForLeaks web应用程序[webapp]创建了一个ThreadLocal，其键类型为[java.lang.ThreadLocal]（值为[java.lang.ThreadLocal@5a2c7d61]），值类型为[com.microsoft.sqlserver.jdbc.SQLServerConnection43]（值为[ConnectionID:74 ClientConnectionId: 66b5dc9e-600b-45ac-9224-5f9aa918f695），但在停止web应用程序时未能将其删除。线程将随着时间的推移而更新，以尝试避免可能的内存泄漏
23-May-2026 22:28:32.629 信息 [Thread-1] org.apache.coyote.AbstractProtocol.stop 正在停止ProtocolHandler ["http-nio-8080"]
23-May-2026 22:28:32.632 信息 [Thread-1] org.apache.coyote.AbstractProtocol.destroy 正在销毁协议处理器 ["http-nio-8080"]
23-May-2026 22:28:33.642 信息 [main] org.apache.catalina.startup.VersionLoggerListener.log Server.服务器版本: Apache Tomcat/10.1.52
23-May-2026 22:28:33.645 信息 [main] org.apache.catalina.startup.VersionLoggerListener.log 服务器构建:        Jan 23 2026 19:29:07 UTC
23-May-2026 22:28:33.645 信息 [main] org.apache.catalina.startup.VersionLoggerListener.log 服务器版本号:      10.1.52.0
23-May-2026 22:28:33.645 信息 [main] org.apache.catalina.startup.VersionLoggerListener.log 操作系统名称:      Windows 11
23-May-2026 22:28:33.646 信息 [main] org.apache.catalina.startup.VersionLoggerListener.log OS.版本:           10.0
23-May-2026 22:28:33.647 信息 [main] org.apache.catalina.startup.VersionLoggerListener.log 架构:              amd64
23-May-2026 22:28:33.647 信息 [main] org.apache.catalina.startup.VersionLoggerListener.log Java 环境变量:     C:\Program Files\Java\jdk-21
23-May-2026 22:28:33.647 信息 [main] org.apache.catalina.startup.VersionLoggerListener.log Java虚拟机版本:    21.0.6+8-LTS-188
23-May-2026 22:28:33.647 信息 [main] org.apache.catalina.startup.VersionLoggerListener.log JVM.供应商:        Oracle Corporation
23-May-2026 22:28:33.647 信息 [main] org.apache.catalina.startup.VersionLoggerListener.log CATALINA_BASE:     D:\creat\property-management\src\main\webapp
23-May-2026 22:28:33.648 信息 [main] org.apache.catalina.startup.VersionLoggerListener.log CATALINA_HOME:     D:\apache-tomcat-10.1.52
23-May-2026 22:28:33.653 信息 [main] org.apache.catalina.startup.VersionLoggerListener.log 命令行参数：       --add-opens=java.base/java.lang=ALL-UNNAMED
23-May-2026 22:28:33.653 信息 [main] org.apache.catalina.startup.VersionLoggerListener.log 命令行参数：       --add-opens=java.base/java.io=ALL-UNNAMED
23-May-2026 22:28:33.653 信息 [main] org.apache.catalina.startup.VersionLoggerListener.log 命令行参数：       --add-opens=java.base/java.util=ALL-UNNAMED
23-May-2026 22:28:33.654 信息 [main] org.apache.catalina.startup.VersionLoggerListener.log 命令行参数：       --add-opens=java.base/java.util.concurrent=ALL-UNNAMED
23-May-2026 22:28:33.654 信息 [main] org.apache.catalina.startup.VersionLoggerListener.log 命令行参数：       --add-opens=java.rmi/sun.rmi.transport=ALL-UNNAMED
23-May-2026 22:28:33.654 信息 [main] org.apache.catalina.startup.VersionLoggerListener.log 命令行参数：       -Dcatalina.home=D:\apache-tomcat-10.1.52
23-May-2026 22:28:33.654 信息 [main] org.apache.catalina.startup.VersionLoggerListener.log 命令行参数：       -Dcatalina.base=D:\creat\property-management\src\main\webapp
23-May-2026 22:28:33.654 信息 [main] org.apache.catalina.startup.VersionLoggerListener.log 命令行参数：       -Djava.io.tmpdir=D:\creat\property-management\src\main\webapp\temp
23-May-2026 22:28:33.654 信息 [main] org.apache.catalina.startup.VersionLoggerListener.log 命令行参数：       -Djava.util.logging.config.file=D:\creat\property-management\src\main\webapp\conf\logging.properties
23-May-2026 22:28:33.654 信息 [main] org.apache.catalina.startup.VersionLoggerListener.log 命令行参数：       -Djava.util.logging.manager=org.apache.juli.ClassLoaderLogManager
23-May-2026 22:28:33.655 信息 [main] org.apache.catalina.startup.VersionLoggerListener.log 命令行参数：       -javaagent:C:\Program Files\JetBrains\IntelliJ IDEA Community Edition 2024.3\lib\idea_rt.jar=7401:C:\Program Files\JetBrains\IntelliJ IDEA Community Edition 2024.3\bin
23-May-2026 22:28:33.655 信息 [main] org.apache.catalina.startup.VersionLoggerListener.log 命令行参数：       -Dfile.encoding=UTF-8
23-May-2026 22:28:33.655 信息 [main] org.apache.catalina.startup.VersionLoggerListener.log 命令行参数：       -Dsun.stdout.encoding=UTF-8
23-May-2026 22:28:33.655 信息 [main] org.apache.catalina.startup.VersionLoggerListener.log 命令行参数：       -Dsun.stderr.encoding=UTF-8
23-May-2026 22:28:33.660 信息 [main] org.apache.catalina.core.AprLifecycleListener.lifecycleEvent 在java.library.path:[C:\Program Files\Java\jdk-21\bin;C:\WINDOWS\Sun\Java\bin;C:\WINDOWS\system32;C:\WINDOWS;C:\Program Files (x86)\VMware\VMware Workstation\bin\;$env:PATH;C:\MinGW\bin;C:\Program Files\NVIDIA Corporation\NVIDIA App\NvDLISR;C:\Program Files\dotnet\;C:\Program Files\nodejs\;C:\Program Files\Git LFS;C:\Windows\System32;C:\Windows;C:\Windows\System32\WindowsPowerShell\v1.0;C:\Program Files (x86)\Microsoft SQL Server\170\Tools\Binn\;C:\Program Files\Microsoft SQL Server\170\Tools\Binn\;C:\Program Files\Microsoft SQL Server\Client SDK\ODBC\180\Tools\Binn\;C:\Program Files\Microsoft SQL Server\170\DTS\Binn\;D:\rational rose\common;C:\tools\deepseek;C:\Program Files\GitHub CLI\;C:\Users\links\AppData\Local\Microsoft\WindowsApps;C:\Users\links\.dotnet\tools;D:\cursor\resources\app\bin;D:\Microsoft VS Code\bin;C:\MinGW\bin;C:\Users\links\AppData\Roaming\npm;C:\Users\links\AppData\Roaming\npm\bin;C:\Program Files\Git\cmd;C:\Program Files\Git\bin;C:\Program Files\Java\jdk-17\bin;C:\Users\links\AppData\Local\Python\bin;.]上找不到基于APR的Apache Tomcat本机库，该库允许在生产环境中获得最佳性能
23-May-2026 22:28:33.823 信息 [main] org.apache.coyote.AbstractProtocol.init 初始化协议处理器 ["http-nio-8080"]
23-May-2026 22:28:33.834 信息 [main] org.apache.catalina.startup.Catalina.load 服务器在[310]毫秒内初始化
23-May-2026 22:28:33.891 信息 [main] org.apache.catalina.core.StandardService.startInternal 正在启动服务[Catalina]
23-May-2026 22:28:33.891 信息 [main] org.apache.catalina.core.StandardEngine.startInternal 正在启动 Servlet 引擎：[Apache Tomcat/10.1.52]
23-May-2026 22:28:33.898 信息 [main] org.apache.catalina.startup.HostConfig.deployDescriptor 正在部署部署描述符[D:\creat\property-management\src\main\webapp\conf\Catalina\localhost\webapp.xml]。
23-May-2026 22:28:34.323 信息 [main] org.apache.jasper.servlet.TldScanner.scanJars 至少有一个JAR被扫描用于TLD但尚未包含TLD。 为此记录器启用调试日志记录，以获取已扫描但未在其中找到TLD的完整JAR列表。 在扫描期间跳过不需要的JAR可以缩短启动时间和JSP编译时间。
23-May-2026 22:28:34.350 警告 [main] org.apache.catalina.filters.FilterBase.init 未为[org.apache.catalina.filters.SetCharacterEncodingFilter]类型的筛选器定义属性[forceEncoding]
23-May-2026 22:28:34.362 信息 [main] org.apache.catalina.startup.HostConfig.deployDescriptor 部署描述符[D:\creat\property-management\src\main\webapp\conf\Catalina\localhost\webapp.xml]的部署已在[462]ms内完成
23-May-2026 22:28:34.365 信息 [main] org.apache.coyote.AbstractProtocol.start 开始协议处理句柄["http-nio-8080"]
23-May-2026 22:28:34.379 信息 [main] org.apache.catalina.startup.Catalina.start [544]毫秒后服务器启动
23-May-2026 22:31:24.320 信息 [Thread-1] org.apache.coyote.AbstractProtocol.pause 暂停ProtocolHandler["http-nio-8080"]
23-May-2026 22:31:24.323 信息 [Thread-1] org.apache.catalina.core.StandardService.stopInternal 正在停止服务[Catalina]
23-May-2026 22:31:24.325 警告 [Thread-1] org.apache.catalina.loader.WebappClassLoaderBase.clearReferencesJdbc Web应用程序 [webapp] 注册了JDBC驱动程序 [com.microsoft.sqlserver.jdbc.SQLServerDriver]，但在Web应用程序停止时无法注销它。 为防止内存泄漏，JDBC驱动程序已被强制取消注册。
23-May-2026 22:31:24.326 严重 [Thread-1] org.apache.catalina.loader.WebappClassLoaderBase.checkThreadLocalMapForLeaks web应用程序[webapp]创建了一个ThreadLocal，其键类型为[java.lang.ThreadLocal]（值为[java.lang.ThreadLocal@7d014277]），值类型为[com.microsoft.sqlserver.jdbc.SQLServerConnection43]（值为[ConnectionID:18 ClientConnectionId: a164cde7-96a3-44c3-9396-6f1e5c86aeec），但在停止web应用程序时未能将其删除。线程将随着时间的推移而更新，以尝试避免可能的内存泄漏
23-May-2026 22:31:24.326 严重 [Thread-1] org.apache.catalina.loader.WebappClassLoaderBase.checkThreadLocalMapForLeaks web应用程序[webapp]创建了一个ThreadLocal，其键类型为[java.lang.ThreadLocal]（值为[java.lang.ThreadLocal@7d014277]），值类型为[com.microsoft.sqlserver.jdbc.SQLServerConnection43]（值为[ConnectionID:20 ClientConnectionId: 9d525f96-90c6-408a-8d41-42213bf98cb2），但在停止web应用程序时未能将其删除。线程将随着时间的推移而更新，以尝试避免可能的内存泄漏
23-May-2026 22:31:24.327 严重 [Thread-1] org.apache.catalina.loader.WebappClassLoaderBase.checkThreadLocalMapForLeaks web应用程序[webapp]创建了一个ThreadLocal，其键类型为[java.lang.ThreadLocal]（值为[java.lang.ThreadLocal@7d014277]），值类型为[com.microsoft.sqlserver.jdbc.SQLServerConnection43]（值为[ConnectionID:9 ClientConnectionId: 2d4a8803-2b36-4387-87f7-12d1268ae614），但在停止web应用程序时未能将其删除。线程将随着时间的推移而更新，以尝试避免可能的内存泄漏
23-May-2026 22:31:24.327 严重 [Thread-1] org.apache.catalina.loader.WebappClassLoaderBase.checkThreadLocalMapForLeaks web应用程序[webapp]创建了一个ThreadLocal，其键类型为[java.lang.ThreadLocal]（值为[java.lang.ThreadLocal@7d014277]），值类型为[com.microsoft.sqlserver.jdbc.SQLServerConnection43]（值为[ConnectionID:10 ClientConnectionId: e9703f9f-0554-4cd1-8dfc-e6deb93ab6a2），但在停止web应用程序时未能将其删除。线程将随着时间的推移而更新，以尝试避免可能的内存泄漏
23-May-2026 22:31:24.327 严重 [Thread-1] org.apache.catalina.loader.WebappClassLoaderBase.checkThreadLocalMapForLeaks web应用程序[webapp]创建了一个ThreadLocal，其键类型为[java.lang.ThreadLocal]（值为[java.lang.ThreadLocal@7d014277]），值类型为[com.microsoft.sqlserver.jdbc.SQLServerConnection43]（值为[ConnectionID:11 ClientConnectionId: fbef7942-0898-437d-ae38-ace7f5db2dbb），但在停止web应用程序时未能将其删除。线程将随着时间的推移而更新，以尝试避免可能的内存泄漏
23-May-2026 22:31:24.327 严重 [Thread-1] org.apache.catalina.loader.WebappClassLoaderBase.checkThreadLocalMapForLeaks web应用程序[webapp]创建了一个ThreadLocal，其键类型为[java.lang.ThreadLocal]（值为[java.lang.ThreadLocal@7d014277]），值类型为[com.microsoft.sqlserver.jdbc.SQLServerConnection43]（值为[ConnectionID:13 ClientConnectionId: 7510bc92-c431-4dd5-a122-f6ca3ae8bbbf），但在停止web应用程序时未能将其删除。线程将随着时间的推移而更新，以尝试避免可能的内存泄漏
23-May-2026 22:31:24.327 严重 [Thread-1] org.apache.catalina.loader.WebappClassLoaderBase.checkThreadLocalMapForLeaks web应用程序[webapp]创建了一个ThreadLocal，其键类型为[java.lang.ThreadLocal]（值为[java.lang.ThreadLocal@7d014277]），值类型为[com.microsoft.sqlserver.jdbc.SQLServerConnection43]（值为[ConnectionID:16 ClientConnectionId: ebf538aa-b238-40fa-86b7-ac2872412c83），但在停止web应用程序时未能将其删除。线程将随着时间的推移而更新，以尝试避免可能的内存泄漏
23-May-2026 22:31:24.327 严重 [Thread-1] org.apache.catalina.loader.WebappClassLoaderBase.checkThreadLocalMapForLeaks web应用程序[webapp]创建了一个ThreadLocal，其键类型为[java.lang.ThreadLocal]（值为[java.lang.ThreadLocal@7d014277]），值类型为[com.microsoft.sqlserver.jdbc.SQLServerConnection43]（值为[ConnectionID:6 ClientConnectionId: 2ce33821-d8b3-45f0-a409-b0c57b30d534），但在停止web应用程序时未能将其删除。线程将随着时间的推移而更新，以尝试避免可能的内存泄漏
23-May-2026 22:31:24.328 信息 [Thread-1] org.apache.coyote.AbstractProtocol.stop 正在停止ProtocolHandler ["http-nio-8080"]
23-May-2026 22:31:24.330 信息 [Thread-1] org.apache.coyote.AbstractProtocol.destroy 正在销毁协议处理器 ["http-nio-8080"]
23-May-2026 22:31:25.370 信息 [main] org.apache.catalina.startup.VersionLoggerListener.log Server.服务器版本: Apache Tomcat/10.1.52
23-May-2026 22:31:25.376 信息 [main] org.apache.catalina.startup.VersionLoggerListener.log 服务器构建:        Jan 23 2026 19:29:07 UTC
23-May-2026 22:31:25.376 信息 [main] org.apache.catalina.startup.VersionLoggerListener.log 服务器版本号:      10.1.52.0
23-May-2026 22:31:25.377 信息 [main] org.apache.catalina.startup.VersionLoggerListener.log 操作系统名称:      Windows 11
23-May-2026 22:31:25.377 信息 [main] org.apache.catalina.startup.VersionLoggerListener.log OS.版本:           10.0
23-May-2026 22:31:25.377 信息 [main] org.apache.catalina.startup.VersionLoggerListener.log 架构:              amd64
23-May-2026 22:31:25.377 信息 [main] org.apache.catalina.startup.VersionLoggerListener.log Java 环境变量:     C:\Program Files\Java\jdk-21
23-May-2026 22:31:25.377 信息 [main] org.apache.catalina.startup.VersionLoggerListener.log Java虚拟机版本:    21.0.6+8-LTS-188
23-May-2026 22:31:25.377 信息 [main] org.apache.catalina.startup.VersionLoggerListener.log JVM.供应商:        Oracle Corporation
23-May-2026 22:31:25.378 信息 [main] org.apache.catalina.startup.VersionLoggerListener.log CATALINA_BASE:     D:\creat\property-management\src\main\webapp
23-May-2026 22:31:25.378 信息 [main] org.apache.catalina.startup.VersionLoggerListener.log CATALINA_HOME:     D:\apache-tomcat-10.1.52
23-May-2026 22:31:25.383 信息 [main] org.apache.catalina.startup.VersionLoggerListener.log 命令行参数：       --add-opens=java.base/java.lang=ALL-UNNAMED
23-May-2026 22:31:25.384 信息 [main] org.apache.catalina.startup.VersionLoggerListener.log 命令行参数：       --add-opens=java.base/java.io=ALL-UNNAMED
23-May-2026 22:31:25.384 信息 [main] org.apache.catalina.startup.VersionLoggerListener.log 命令行参数：       --add-opens=java.base/java.util=ALL-UNNAMED
23-May-2026 22:31:25.384 信息 [main] org.apache.catalina.startup.VersionLoggerListener.log 命令行参数：       --add-opens=java.base/java.util.concurrent=ALL-UNNAMED
23-May-2026 22:31:25.384 信息 [main] org.apache.catalina.startup.VersionLoggerListener.log 命令行参数：       --add-opens=java.rmi/sun.rmi.transport=ALL-UNNAMED
23-May-2026 22:31:25.384 信息 [main] org.apache.catalina.startup.VersionLoggerListener.log 命令行参数：       -Dcatalina.home=D:\apache-tomcat-10.1.52
23-May-2026 22:31:25.384 信息 [main] org.apache.catalina.startup.VersionLoggerListener.log 命令行参数：       -Dcatalina.base=D:\creat\property-management\src\main\webapp
23-May-2026 22:31:25.384 信息 [main] org.apache.catalina.startup.VersionLoggerListener.log 命令行参数：       -Djava.io.tmpdir=D:\creat\property-management\src\main\webapp\temp
23-May-2026 22:31:25.384 信息 [main] org.apache.catalina.startup.VersionLoggerListener.log 命令行参数：       -Djava.util.logging.config.file=D:\creat\property-management\src\main\webapp\conf\logging.properties
23-May-2026 22:31:25.384 信息 [main] org.apache.catalina.startup.VersionLoggerListener.log 命令行参数：       -Djava.util.logging.manager=org.apache.juli.ClassLoaderLogManager
23-May-2026 22:31:25.384 信息 [main] org.apache.catalina.startup.VersionLoggerListener.log 命令行参数：       -javaagent:C:\Program Files\JetBrains\IntelliJ IDEA Community Edition 2024.3\lib\idea_rt.jar=9225:C:\Program Files\JetBrains\IntelliJ IDEA Community Edition 2024.3\bin
23-May-2026 22:31:25.384 信息 [main] org.apache.catalina.startup.VersionLoggerListener.log 命令行参数：       -Dfile.encoding=UTF-8
23-May-2026 22:31:25.385 信息 [main] org.apache.catalina.startup.VersionLoggerListener.log 命令行参数：       -Dsun.stdout.encoding=UTF-8
23-May-2026 22:31:25.385 信息 [main] org.apache.catalina.startup.VersionLoggerListener.log 命令行参数：       -Dsun.stderr.encoding=UTF-8
23-May-2026 22:31:25.391 信息 [main] org.apache.catalina.core.AprLifecycleListener.lifecycleEvent 在java.library.path:[C:\Program Files\Java\jdk-21\bin;C:\WINDOWS\Sun\Java\bin;C:\WINDOWS\system32;C:\WINDOWS;C:\Program Files (x86)\VMware\VMware Workstation\bin\;$env:PATH;C:\MinGW\bin;C:\Program Files\NVIDIA Corporation\NVIDIA App\NvDLISR;C:\Program Files\dotnet\;C:\Program Files\nodejs\;C:\Program Files\Git LFS;C:\Windows\System32;C:\Windows;C:\Windows\System32\WindowsPowerShell\v1.0;C:\Program Files (x86)\Microsoft SQL Server\170\Tools\Binn\;C:\Program Files\Microsoft SQL Server\170\Tools\Binn\;C:\Program Files\Microsoft SQL Server\Client SDK\ODBC\180\Tools\Binn\;C:\Program Files\Microsoft SQL Server\170\DTS\Binn\;D:\rational rose\common;C:\tools\deepseek;C:\Program Files\GitHub CLI\;C:\Users\links\AppData\Local\Microsoft\WindowsApps;C:\Users\links\.dotnet\tools;D:\cursor\resources\app\bin;D:\Microsoft VS Code\bin;C:\MinGW\bin;C:\Users\links\AppData\Roaming\npm;C:\Users\links\AppData\Roaming\npm\bin;C:\Program Files\Git\cmd;C:\Program Files\Git\bin;C:\Program Files\Java\jdk-17\bin;C:\Users\links\AppData\Local\Python\bin;.]上找不到基于APR的Apache Tomcat本机库，该库允许在生产环境中获得最佳性能
23-May-2026 22:31:25.554 信息 [main] org.apache.coyote.AbstractProtocol.init 初始化协议处理器 ["http-nio-8080"]
23-May-2026 22:31:25.570 信息 [main] org.apache.catalina.startup.Catalina.load 服务器在[328]毫秒内初始化
23-May-2026 22:31:25.609 信息 [main] org.apache.catalina.core.StandardService.startInternal 正在启动服务[Catalina]
23-May-2026 22:31:25.610 信息 [main] org.apache.catalina.core.StandardEngine.startInternal 正在启动 Servlet 引擎：[Apache Tomcat/10.1.52]
23-May-2026 22:31:25.616 信息 [main] org.apache.catalina.startup.HostConfig.deployDescriptor 正在部署部署描述符[D:\creat\property-management\src\main\webapp\conf\Catalina\localhost\webapp.xml]。
23-May-2026 22:31:26.051 信息 [main] org.apache.jasper.servlet.TldScanner.scanJars 至少有一个JAR被扫描用于TLD但尚未包含TLD。 为此记录器启用调试日志记录，以获取已扫描但未在其中找到TLD的完整JAR列表。 在扫描期间跳过不需要的JAR可以缩短启动时间和JSP编译时间。
23-May-2026 22:31:26.075 警告 [main] org.apache.catalina.filters.FilterBase.init 未为[org.apache.catalina.filters.SetCharacterEncodingFilter]类型的筛选器定义属性[forceEncoding]
23-May-2026 22:31:26.089 信息 [main] org.apache.catalina.startup.HostConfig.deployDescriptor 部署描述符[D:\creat\property-management\src\main\webapp\conf\Catalina\localhost\webapp.xml]的部署已在[472]ms内完成
23-May-2026 22:31:26.092 信息 [main] org.apache.coyote.AbstractProtocol.start 开始协议处理句柄["http-nio-8080"]
23-May-2026 22:31:26.105 信息 [main] org.apache.catalina.startup.Catalina.start [533]毫秒后服务器启动
23-May-2026 22:35:29.969 信息 [Thread-1] org.apache.coyote.AbstractProtocol.pause 暂停ProtocolHandler["http-nio-8080"]
23-May-2026 22:35:29.973 信息 [Thread-1] org.apache.catalina.core.StandardService.stopInternal 正在停止服务[Catalina]
23-May-2026 22:35:29.975 警告 [Thread-1] org.apache.catalina.loader.WebappClassLoaderBase.clearReferencesJdbc Web应用程序 [webapp] 注册了JDBC驱动程序 [com.microsoft.sqlserver.jdbc.SQLServerDriver]，但在Web应用程序停止时无法注销它。 为防止内存泄漏，JDBC驱动程序已被强制取消注册。
23-May-2026 22:35:29.975 严重 [Thread-1] org.apache.catalina.loader.WebappClassLoaderBase.checkThreadLocalMapForLeaks web应用程序[webapp]创建了一个ThreadLocal，其键类型为[java.lang.ThreadLocal]（值为[java.lang.ThreadLocal@505b2ebb]），值类型为[com.microsoft.sqlserver.jdbc.SQLServerConnection43]（值为[ConnectionID:37 ClientConnectionId: 71f1eb68-d3d9-446d-b7e1-f5437c069a1d），但在停止web应用程序时未能将其删除。线程将随着时间的推移而更新，以尝试避免可能的内存泄漏
23-May-2026 22:35:29.975 严重 [Thread-1] org.apache.catalina.loader.WebappClassLoaderBase.checkThreadLocalMapForLeaks web应用程序[webapp]创建了一个ThreadLocal，其键类型为[java.lang.ThreadLocal]（值为[java.lang.ThreadLocal@505b2ebb]），值类型为[com.microsoft.sqlserver.jdbc.SQLServerConnection43]（值为[ConnectionID:39 ClientConnectionId: af152bf1-dd5c-47c1-9185-429bebea9496），但在停止web应用程序时未能将其删除。线程将随着时间的推移而更新，以尝试避免可能的内存泄漏
23-May-2026 22:35:29.976 严重 [Thread-1] org.apache.catalina.loader.WebappClassLoaderBase.checkThreadLocalMapForLeaks web应用程序[webapp]创建了一个ThreadLocal，其键类型为[java.lang.ThreadLocal]（值为[java.lang.ThreadLocal@505b2ebb]），值类型为[com.microsoft.sqlserver.jdbc.SQLServerConnection43]（值为[ConnectionID:41 ClientConnectionId: 8b015261-37c0-4d17-9de1-3b3beb0fc33b），但在停止web应用程序时未能将其删除。线程将随着时间的推移而更新，以尝试避免可能的内存泄漏
23-May-2026 22:35:29.976 严重 [Thread-1] org.apache.catalina.loader.WebappClassLoaderBase.checkThreadLocalMapForLeaks web应用程序[webapp]创建了一个ThreadLocal，其键类型为[java.lang.ThreadLocal]（值为[java.lang.ThreadLocal@505b2ebb]），值类型为[com.microsoft.sqlserver.jdbc.SQLServerConnection43]（值为[ConnectionID:30 ClientConnectionId: 4172b1f2-e936-4ae1-a374-eab0a67c1146），但在停止web应用程序时未能将其删除。线程将随着时间的推移而更新，以尝试避免可能的内存泄漏
23-May-2026 22:35:29.976 严重 [Thread-1] org.apache.catalina.loader.WebappClassLoaderBase.checkThreadLocalMapForLeaks web应用程序[webapp]创建了一个ThreadLocal，其键类型为[java.lang.ThreadLocal]（值为[java.lang.ThreadLocal@505b2ebb]），值类型为[com.microsoft.sqlserver.jdbc.SQLServerConnection43]（值为[ConnectionID:32 ClientConnectionId: 31149c6f-294f-4a7e-b1ba-ae04fc179b9f），但在停止web应用程序时未能将其删除。线程将随着时间的推移而更新，以尝试避免可能的内存泄漏
23-May-2026 22:35:29.976 严重 [Thread-1] org.apache.catalina.loader.WebappClassLoaderBase.checkThreadLocalMapForLeaks web应用程序[webapp]创建了一个ThreadLocal，其键类型为[java.lang.ThreadLocal]（值为[java.lang.ThreadLocal@505b2ebb]），值类型为[com.microsoft.sqlserver.jdbc.SQLServerConnection43]（值为[ConnectionID:35 ClientConnectionId: 5127b76d-df40-4293-96b1-d501a3b8cd21），但在停止web应用程序时未能将其删除。线程将随着时间的推移而更新，以尝试避免可能的内存泄漏
23-May-2026 22:35:29.976 严重 [Thread-1] org.apache.catalina.loader.WebappClassLoaderBase.checkThreadLocalMapForLeaks web应用程序[webapp]创建了一个ThreadLocal，其键类型为[java.lang.ThreadLocal]（值为[java.lang.ThreadLocal@505b2ebb]），值类型为[com.microsoft.sqlserver.jdbc.SQLServerConnection43]（值为[ConnectionID:15 ClientConnectionId: bd5fd763-c642-41fc-b1f5-f7e361800168），但在停止web应用程序时未能将其删除。线程将随着时间的推移而更新，以尝试避免可能的内存泄漏
23-May-2026 22:35:29.976 严重 [Thread-1] org.apache.catalina.loader.WebappClassLoaderBase.checkThreadLocalMapForLeaks web应用程序[webapp]创建了一个ThreadLocal，其键类型为[java.lang.ThreadLocal]（值为[java.lang.ThreadLocal@505b2ebb]），值类型为[com.microsoft.sqlserver.jdbc.SQLServerConnection43]（值为[ConnectionID:16 ClientConnectionId: 5ad4b1ea-cc05-4973-a360-dd6177d0b89e），但在停止web应用程序时未能将其删除。线程将随着时间的推移而更新，以尝试避免可能的内存泄漏
23-May-2026 22:35:29.976 严重 [Thread-1] org.apache.catalina.loader.WebappClassLoaderBase.checkThreadLocalMapForLeaks web应用程序[webapp]创建了一个ThreadLocal，其键类型为[java.lang.ThreadLocal]（值为[java.lang.ThreadLocal@505b2ebb]），值类型为[com.microsoft.sqlserver.jdbc.SQLServerConnection43]（值为[ConnectionID:18 ClientConnectionId: d1759de6-c761-4467-b9c9-ee6331cf3f3b），但在停止web应用程序时未能将其删除。线程将随着时间的推移而更新，以尝试避免可能的内存泄漏
23-May-2026 22:35:29.977 严重 [Thread-1] org.apache.catalina.loader.WebappClassLoaderBase.checkThreadLocalMapForLeaks web应用程序[webapp]创建了一个ThreadLocal，其键类型为[java.lang.ThreadLocal]（值为[java.lang.ThreadLocal@505b2ebb]），值类型为[com.microsoft.sqlserver.jdbc.SQLServerConnection43]（值为[ConnectionID:36 ClientConnectionId: 69284994-c5ff-4fa3-8344-b27ca322e2e8），但在停止web应用程序时未能将其删除。线程将随着时间的推移而更新，以尝试避免可能的内存泄漏
23-May-2026 22:35:29.978 信息 [Thread-1] org.apache.coyote.AbstractProtocol.stop 正在停止ProtocolHandler ["http-nio-8080"]
23-May-2026 22:35:29.984 信息 [Thread-1] org.apache.coyote.AbstractProtocol.destroy 正在销毁协议处理器 ["http-nio-8080"]
23-May-2026 22:35:31.457 信息 [main] org.apache.catalina.startup.VersionLoggerListener.log Server.服务器版本: Apache Tomcat/10.1.52
23-May-2026 22:35:31.460 信息 [main] org.apache.catalina.startup.VersionLoggerListener.log 服务器构建:        Jan 23 2026 19:29:07 UTC
23-May-2026 22:35:31.460 信息 [main] org.apache.catalina.startup.VersionLoggerListener.log 服务器版本号:      10.1.52.0
23-May-2026 22:35:31.460 信息 [main] org.apache.catalina.startup.VersionLoggerListener.log 操作系统名称:      Windows 11
23-May-2026 22:35:31.461 信息 [main] org.apache.catalina.startup.VersionLoggerListener.log OS.版本:           10.0
23-May-2026 22:35:31.461 信息 [main] org.apache.catalina.startup.VersionLoggerListener.log 架构:              amd64
23-May-2026 22:35:31.461 信息 [main] org.apache.catalina.startup.VersionLoggerListener.log Java 环境变量:     C:\Program Files\Java\jdk-21
23-May-2026 22:35:31.461 信息 [main] org.apache.catalina.startup.VersionLoggerListener.log Java虚拟机版本:    21.0.6+8-LTS-188
23-May-2026 22:35:31.461 信息 [main] org.apache.catalina.startup.VersionLoggerListener.log JVM.供应商:        Oracle Corporation
23-May-2026 22:35:31.461 信息 [main] org.apache.catalina.startup.VersionLoggerListener.log CATALINA_BASE:     D:\creat\property-management\src\main\webapp
23-May-2026 22:35:31.461 信息 [main] org.apache.catalina.startup.VersionLoggerListener.log CATALINA_HOME:     D:\apache-tomcat-10.1.52
23-May-2026 22:35:31.467 信息 [main] org.apache.catalina.startup.VersionLoggerListener.log 命令行参数：       --add-opens=java.base/java.lang=ALL-UNNAMED
23-May-2026 22:35:31.467 信息 [main] org.apache.catalina.startup.VersionLoggerListener.log 命令行参数：       --add-opens=java.base/java.io=ALL-UNNAMED
23-May-2026 22:35:31.467 信息 [main] org.apache.catalina.startup.VersionLoggerListener.log 命令行参数：       --add-opens=java.base/java.util=ALL-UNNAMED
23-May-2026 22:35:31.467 信息 [main] org.apache.catalina.startup.VersionLoggerListener.log 命令行参数：       --add-opens=java.base/java.util.concurrent=ALL-UNNAMED
23-May-2026 22:35:31.468 信息 [main] org.apache.catalina.startup.VersionLoggerListener.log 命令行参数：       --add-opens=java.rmi/sun.rmi.transport=ALL-UNNAMED
23-May-2026 22:35:31.468 信息 [main] org.apache.catalina.startup.VersionLoggerListener.log 命令行参数：       -Dcatalina.home=D:\apache-tomcat-10.1.52
23-May-2026 22:35:31.468 信息 [main] org.apache.catalina.startup.VersionLoggerListener.log 命令行参数：       -Dcatalina.base=D:\creat\property-management\src\main\webapp
23-May-2026 22:35:31.468 信息 [main] org.apache.catalina.startup.VersionLoggerListener.log 命令行参数：       -Djava.io.tmpdir=D:\creat\property-management\src\main\webapp\temp
23-May-2026 22:35:31.468 信息 [main] org.apache.catalina.startup.VersionLoggerListener.log 命令行参数：       -Djava.util.logging.config.file=D:\creat\property-management\src\main\webapp\conf\logging.properties
23-May-2026 22:35:31.469 信息 [main] org.apache.catalina.startup.VersionLoggerListener.log 命令行参数：       -Djava.util.logging.manager=org.apache.juli.ClassLoaderLogManager
23-May-2026 22:35:31.469 信息 [main] org.apache.catalina.startup.VersionLoggerListener.log 命令行参数：       -javaagent:C:\Program Files\JetBrains\IntelliJ IDEA Community Edition 2024.3\lib\idea_rt.jar=7665:C:\Program Files\JetBrains\IntelliJ IDEA Community Edition 2024.3\bin
23-May-2026 22:35:31.469 信息 [main] org.apache.catalina.startup.VersionLoggerListener.log 命令行参数：       -Dfile.encoding=UTF-8
23-May-2026 22:35:31.469 信息 [main] org.apache.catalina.startup.VersionLoggerListener.log 命令行参数：       -Dsun.stdout.encoding=UTF-8
23-May-2026 22:35:31.469 信息 [main] org.apache.catalina.startup.VersionLoggerListener.log 命令行参数：       -Dsun.stderr.encoding=UTF-8
23-May-2026 22:35:31.474 信息 [main] org.apache.catalina.core.AprLifecycleListener.lifecycleEvent 在java.library.path:[C:\Program Files\Java\jdk-21\bin;C:\WINDOWS\Sun\Java\bin;C:\WINDOWS\system32;C:\WINDOWS;C:\Program Files (x86)\VMware\VMware Workstation\bin\;$env:PATH;C:\MinGW\bin;C:\Program Files\NVIDIA Corporation\NVIDIA App\NvDLISR;C:\Program Files\dotnet\;C:\Program Files\nodejs\;C:\Program Files\Git LFS;C:\Windows\System32;C:\Windows;C:\Windows\System32\WindowsPowerShell\v1.0;C:\Program Files (x86)\Microsoft SQL Server\170\Tools\Binn\;C:\Program Files\Microsoft SQL Server\170\Tools\Binn\;C:\Program Files\Microsoft SQL Server\Client SDK\ODBC\180\Tools\Binn\;C:\Program Files\Microsoft SQL Server\170\DTS\Binn\;D:\rational rose\common;C:\tools\deepseek;C:\Program Files\GitHub CLI\;C:\Users\links\AppData\Local\Microsoft\WindowsApps;C:\Users\links\.dotnet\tools;D:\cursor\resources\app\bin;D:\Microsoft VS Code\bin;C:\MinGW\bin;C:\Users\links\AppData\Roaming\npm;C:\Users\links\AppData\Roaming\npm\bin;C:\Program Files\Git\cmd;C:\Program Files\Git\bin;C:\Program Files\Java\jdk-17\bin;C:\Users\links\AppData\Local\Python\bin;.]上找不到基于APR的Apache Tomcat本机库，该库允许在生产环境中获得最佳性能
23-May-2026 22:35:31.616 信息 [main] org.apache.coyote.AbstractProtocol.init 初始化协议处理器 ["http-nio-8080"]
23-May-2026 22:35:31.627 信息 [main] org.apache.catalina.startup.Catalina.load 服务器在[279]毫秒内初始化
23-May-2026 22:35:31.659 信息 [main] org.apache.catalina.core.StandardService.startInternal 正在启动服务[Catalina]
23-May-2026 22:35:31.659 信息 [main] org.apache.catalina.core.StandardEngine.startInternal 正在启动 Servlet 引擎：[Apache Tomcat/10.1.52]
23-May-2026 22:35:31.665 信息 [main] org.apache.catalina.startup.HostConfig.deployDescriptor 正在部署部署描述符[D:\creat\property-management\src\main\webapp\conf\Catalina\localhost\webapp.xml]。
23-May-2026 22:35:32.084 信息 [main] org.apache.jasper.servlet.TldScanner.scanJars 至少有一个JAR被扫描用于TLD但尚未包含TLD。 为此记录器启用调试日志记录，以获取已扫描但未在其中找到TLD的完整JAR列表。 在扫描期间跳过不需要的JAR可以缩短启动时间和JSP编译时间。
23-May-2026 22:35:32.109 警告 [main] org.apache.catalina.filters.FilterBase.init 未为[org.apache.catalina.filters.SetCharacterEncodingFilter]类型的筛选器定义属性[forceEncoding]
23-May-2026 22:35:32.121 信息 [main] org.apache.catalina.startup.HostConfig.deployDescriptor 部署描述符[D:\creat\property-management\src\main\webapp\conf\Catalina\localhost\webapp.xml]的部署已在[454]ms内完成
23-May-2026 22:35:32.123 信息 [main] org.apache.coyote.AbstractProtocol.start 开始协议处理句柄["http-nio-8080"]
23-May-2026 22:35:32.137 信息 [main] org.apache.catalina.startup.Catalina.start [509]毫秒后服务器启动
23-May-2026 22:41:59.317 信息 [Thread-1] org.apache.coyote.AbstractProtocol.pause 暂停ProtocolHandler["http-nio-8080"]
23-May-2026 22:41:59.319 信息 [Thread-1] org.apache.catalina.core.StandardService.stopInternal 正在停止服务[Catalina]
23-May-2026 22:41:59.322 警告 [Thread-1] org.apache.catalina.loader.WebappClassLoaderBase.clearReferencesJdbc Web应用程序 [webapp] 注册了JDBC驱动程序 [com.microsoft.sqlserver.jdbc.SQLServerDriver]，但在Web应用程序停止时无法注销它。 为防止内存泄漏，JDBC驱动程序已被强制取消注册。
23-May-2026 22:41:59.322 严重 [Thread-1] org.apache.catalina.loader.WebappClassLoaderBase.checkThreadLocalMapForLeaks web应用程序[webapp]创建了一个ThreadLocal，其键类型为[java.lang.ThreadLocal]（值为[java.lang.ThreadLocal@1984fa36]），值类型为[com.microsoft.sqlserver.jdbc.SQLServerConnection43]（值为[ConnectionID:22 ClientConnectionId: e2ad0d53-c256-42ad-99ff-44f525c6d73c），但在停止web应用程序时未能将其删除。线程将随着时间的推移而更新，以尝试避免可能的内存泄漏
23-May-2026 22:41:59.322 严重 [Thread-1] org.apache.catalina.loader.WebappClassLoaderBase.checkThreadLocalMapForLeaks web应用程序[webapp]创建了一个ThreadLocal，其键类型为[java.lang.ThreadLocal]（值为[java.lang.ThreadLocal@1984fa36]），值类型为[com.microsoft.sqlserver.jdbc.SQLServerConnection43]（值为[ConnectionID:46 ClientConnectionId: be1163b2-0f5a-4f76-b272-4b4b554f6d9f），但在停止web应用程序时未能将其删除。线程将随着时间的推移而更新，以尝试避免可能的内存泄漏
23-May-2026 22:41:59.323 严重 [Thread-1] org.apache.catalina.loader.WebappClassLoaderBase.checkThreadLocalMapForLeaks web应用程序[webapp]创建了一个ThreadLocal，其键类型为[java.lang.ThreadLocal]（值为[java.lang.ThreadLocal@1984fa36]），值类型为[com.microsoft.sqlserver.jdbc.SQLServerConnection43]（值为[ConnectionID:48 ClientConnectionId: d9165be5-4bfe-444e-b37b-ed44e1794b83），但在停止web应用程序时未能将其删除。线程将随着时间的推移而更新，以尝试避免可能的内存泄漏
23-May-2026 22:41:59.323 严重 [Thread-1] org.apache.catalina.loader.WebappClassLoaderBase.checkThreadLocalMapForLeaks web应用程序[webapp]创建了一个ThreadLocal，其键类型为[java.lang.ThreadLocal]（值为[java.lang.ThreadLocal@1984fa36]），值类型为[com.microsoft.sqlserver.jdbc.SQLServerConnection43]（值为[ConnectionID:47 ClientConnectionId: 1ce31fd1-bc2e-4068-9d8f-53f2ba5843ba），但在停止web应用程序时未能将其删除。线程将随着时间的推移而更新，以尝试避免可能的内存泄漏
23-May-2026 22:41:59.323 严重 [Thread-1] org.apache.catalina.loader.WebappClassLoaderBase.checkThreadLocalMapForLeaks web应用程序[webapp]创建了一个ThreadLocal，其键类型为[java.lang.ThreadLocal]（值为[java.lang.ThreadLocal@1984fa36]），值类型为[com.microsoft.sqlserver.jdbc.SQLServerConnection43]（值为[ConnectionID:35 ClientConnectionId: 0b457cba-5516-4fa4-9ea4-728256b12a3c），但在停止web应用程序时未能将其删除。线程将随着时间的推移而更新，以尝试避免可能的内存泄漏
23-May-2026 22:41:59.323 严重 [Thread-1] org.apache.catalina.loader.WebappClassLoaderBase.checkThreadLocalMapForLeaks web应用程序[webapp]创建了一个ThreadLocal，其键类型为[java.lang.ThreadLocal]（值为[java.lang.ThreadLocal@1984fa36]），值类型为[com.microsoft.sqlserver.jdbc.SQLServerConnection43]（值为[ConnectionID:50 ClientConnectionId: 9a23d80d-f988-41e2-978e-78b51260f785），但在停止web应用程序时未能将其删除。线程将随着时间的推移而更新，以尝试避免可能的内存泄漏
23-May-2026 22:41:59.323 严重 [Thread-1] org.apache.catalina.loader.WebappClassLoaderBase.checkThreadLocalMapForLeaks web应用程序[webapp]创建了一个ThreadLocal，其键类型为[java.lang.ThreadLocal]（值为[java.lang.ThreadLocal@1984fa36]），值类型为[com.microsoft.sqlserver.jdbc.SQLServerConnection43]（值为[ConnectionID:39 ClientConnectionId: 6bc3e982-e7d5-4cea-ac2d-208cf9a8f35e），但在停止web应用程序时未能将其删除。线程将随着时间的推移而更新，以尝试避免可能的内存泄漏
23-May-2026 22:41:59.323 严重 [Thread-1] org.apache.catalina.loader.WebappClassLoaderBase.checkThreadLocalMapForLeaks web应用程序[webapp]创建了一个ThreadLocal，其键类型为[java.lang.ThreadLocal]（值为[java.lang.ThreadLocal@1984fa36]），值类型为[com.microsoft.sqlserver.jdbc.SQLServerConnection43]（值为[ConnectionID:42 ClientConnectionId: 3b30520e-ace7-4937-88eb-2692cd18bbea），但在停止web应用程序时未能将其删除。线程将随着时间的推移而更新，以尝试避免可能的内存泄漏
23-May-2026 22:41:59.324 严重 [Thread-1] org.apache.catalina.loader.WebappClassLoaderBase.checkThreadLocalMapForLeaks web应用程序[webapp]创建了一个ThreadLocal，其键类型为[java.lang.ThreadLocal]（值为[java.lang.ThreadLocal@1984fa36]），值类型为[com.microsoft.sqlserver.jdbc.SQLServerConnection43]（值为[ConnectionID:44 ClientConnectionId: 7917f9c9-154d-46d6-95a0-82591c352a75），但在停止web应用程序时未能将其删除。线程将随着时间的推移而更新，以尝试避免可能的内存泄漏
23-May-2026 22:41:59.324 严重 [Thread-1] org.apache.catalina.loader.WebappClassLoaderBase.checkThreadLocalMapForLeaks web应用程序[webapp]创建了一个ThreadLocal，其键类型为[java.lang.ThreadLocal]（值为[java.lang.ThreadLocal@1984fa36]），值类型为[com.microsoft.sqlserver.jdbc.SQLServerConnection43]（值为[ConnectionID:45 ClientConnectionId: 710bb7b0-cd43-41f0-ae77-fff7539b8f9a），但在停止web应用程序时未能将其删除。线程将随着时间的推移而更新，以尝试避免可能的内存泄漏
23-May-2026 22:41:59.326 信息 [Thread-1] org.apache.coyote.AbstractProtocol.stop 正在停止ProtocolHandler ["http-nio-8080"]
23-May-2026 22:41:59.329 信息 [Thread-1] org.apache.coyote.AbstractProtocol.destroy 正在销毁协议处理器 ["http-nio-8080"]
23-May-2026 22:42:00.875 信息 [main] org.apache.catalina.startup.VersionLoggerListener.log Server.服务器版本: Apache Tomcat/10.1.52
23-May-2026 22:42:00.880 信息 [main] org.apache.catalina.startup.VersionLoggerListener.log 服务器构建:        Jan 23 2026 19:29:07 UTC
23-May-2026 22:42:00.880 信息 [main] org.apache.catalina.startup.VersionLoggerListener.log 服务器版本号:      10.1.52.0
23-May-2026 22:42:00.880 信息 [main] org.apache.catalina.startup.VersionLoggerListener.log 操作系统名称:      Windows 11
23-May-2026 22:42:00.880 信息 [main] org.apache.catalina.startup.VersionLoggerListener.log OS.版本:           10.0
23-May-2026 22:42:00.880 信息 [main] org.apache.catalina.startup.VersionLoggerListener.log 架构:              amd64
23-May-2026 22:42:00.880 信息 [main] org.apache.catalina.startup.VersionLoggerListener.log Java 环境变量:     C:\Program Files\Java\jdk-21
23-May-2026 22:42:00.880 信息 [main] org.apache.catalina.startup.VersionLoggerListener.log Java虚拟机版本:    21.0.6+8-LTS-188
23-May-2026 22:42:00.880 信息 [main] org.apache.catalina.startup.VersionLoggerListener.log JVM.供应商:        Oracle Corporation
23-May-2026 22:42:00.881 信息 [main] org.apache.catalina.startup.VersionLoggerListener.log CATALINA_BASE:     D:\creat\property-management\src\main\webapp
23-May-2026 22:42:00.881 信息 [main] org.apache.catalina.startup.VersionLoggerListener.log CATALINA_HOME:     D:\apache-tomcat-10.1.52
23-May-2026 22:42:00.887 信息 [main] org.apache.catalina.startup.VersionLoggerListener.log 命令行参数：       --add-opens=java.base/java.lang=ALL-UNNAMED
23-May-2026 22:42:00.887 信息 [main] org.apache.catalina.startup.VersionLoggerListener.log 命令行参数：       --add-opens=java.base/java.io=ALL-UNNAMED
23-May-2026 22:42:00.887 信息 [main] org.apache.catalina.startup.VersionLoggerListener.log 命令行参数：       --add-opens=java.base/java.util=ALL-UNNAMED
23-May-2026 22:42:00.887 信息 [main] org.apache.catalina.startup.VersionLoggerListener.log 命令行参数：       --add-opens=java.base/java.util.concurrent=ALL-UNNAMED
23-May-2026 22:42:00.887 信息 [main] org.apache.catalina.startup.VersionLoggerListener.log 命令行参数：       --add-opens=java.rmi/sun.rmi.transport=ALL-UNNAMED
23-May-2026 22:42:00.887 信息 [main] org.apache.catalina.startup.VersionLoggerListener.log 命令行参数：       -Dcatalina.home=D:\apache-tomcat-10.1.52
23-May-2026 22:42:00.887 信息 [main] org.apache.catalina.startup.VersionLoggerListener.log 命令行参数：       -Dcatalina.base=D:\creat\property-management\src\main\webapp
23-May-2026 22:42:00.887 信息 [main] org.apache.catalina.startup.VersionLoggerListener.log 命令行参数：       -Djava.io.tmpdir=D:\creat\property-management\src\main\webapp\temp
23-May-2026 22:42:00.887 信息 [main] org.apache.catalina.startup.VersionLoggerListener.log 命令行参数：       -Djava.util.logging.config.file=D:\creat\property-management\src\main\webapp\conf\logging.properties
23-May-2026 22:42:00.887 信息 [main] org.apache.catalina.startup.VersionLoggerListener.log 命令行参数：       -Djava.util.logging.manager=org.apache.juli.ClassLoaderLogManager
23-May-2026 22:42:00.888 信息 [main] org.apache.catalina.startup.VersionLoggerListener.log 命令行参数：       -javaagent:C:\Program Files\JetBrains\IntelliJ IDEA Community Edition 2024.3\lib\idea_rt.jar=14443:C:\Program Files\JetBrains\IntelliJ IDEA Community Edition 2024.3\bin
23-May-2026 22:42:00.888 信息 [main] org.apache.catalina.startup.VersionLoggerListener.log 命令行参数：       -Dfile.encoding=UTF-8
23-May-2026 22:42:00.888 信息 [main] org.apache.catalina.startup.VersionLoggerListener.log 命令行参数：       -Dsun.stdout.encoding=UTF-8
23-May-2026 22:42:00.888 信息 [main] org.apache.catalina.startup.VersionLoggerListener.log 命令行参数：       -Dsun.stderr.encoding=UTF-8
23-May-2026 22:42:00.893 信息 [main] org.apache.catalina.core.AprLifecycleListener.lifecycleEvent 在java.library.path:[C:\Program Files\Java\jdk-21\bin;C:\WINDOWS\Sun\Java\bin;C:\WINDOWS\system32;C:\WINDOWS;C:\Program Files (x86)\VMware\VMware Workstation\bin\;$env:PATH;C:\MinGW\bin;C:\Program Files\NVIDIA Corporation\NVIDIA App\NvDLISR;C:\Program Files\dotnet\;C:\Program Files\nodejs\;C:\Program Files\Git LFS;C:\Windows\System32;C:\Windows;C:\Windows\System32\WindowsPowerShell\v1.0;C:\Program Files (x86)\Microsoft SQL Server\170\Tools\Binn\;C:\Program Files\Microsoft SQL Server\170\Tools\Binn\;C:\Program Files\Microsoft SQL Server\Client SDK\ODBC\180\Tools\Binn\;C:\Program Files\Microsoft SQL Server\170\DTS\Binn\;D:\rational rose\common;C:\tools\deepseek;C:\Program Files\GitHub CLI\;C:\Users\links\AppData\Local\Microsoft\WindowsApps;C:\Users\links\.dotnet\tools;D:\cursor\resources\app\bin;D:\Microsoft VS Code\bin;C:\MinGW\bin;C:\Users\links\AppData\Roaming\npm;C:\Users\links\AppData\Roaming\npm\bin;C:\Program Files\Git\cmd;C:\Program Files\Git\bin;C:\Program Files\Java\jdk-17\bin;C:\Users\links\AppData\Local\Python\bin;.]上找不到基于APR的Apache Tomcat本机库，该库允许在生产环境中获得最佳性能
23-May-2026 22:42:01.044 信息 [main] org.apache.coyote.AbstractProtocol.init 初始化协议处理器 ["http-nio-8080"]
23-May-2026 22:42:01.053 信息 [main] org.apache.catalina.startup.Catalina.load 服务器在[291]毫秒内初始化
23-May-2026 22:42:01.091 信息 [main] org.apache.catalina.core.StandardService.startInternal 正在启动服务[Catalina]
23-May-2026 22:42:01.091 信息 [main] org.apache.catalina.core.StandardEngine.startInternal 正在启动 Servlet 引擎：[Apache Tomcat/10.1.52]
23-May-2026 22:42:01.098 信息 [main] org.apache.catalina.startup.HostConfig.deployDescriptor 正在部署部署描述符[D:\creat\property-management\src\main\webapp\conf\Catalina\localhost\webapp.xml]。
23-May-2026 22:42:01.521 信息 [main] org.apache.jasper.servlet.TldScanner.scanJars 至少有一个JAR被扫描用于TLD但尚未包含TLD。 为此记录器启用调试日志记录，以获取已扫描但未在其中找到TLD的完整JAR列表。 在扫描期间跳过不需要的JAR可以缩短启动时间和JSP编译时间。
23-May-2026 22:42:01.548 警告 [main] org.apache.catalina.filters.FilterBase.init 未为[org.apache.catalina.filters.SetCharacterEncodingFilter]类型的筛选器定义属性[forceEncoding]
23-May-2026 22:42:01.561 信息 [main] org.apache.catalina.startup.HostConfig.deployDescriptor 部署描述符[D:\creat\property-management\src\main\webapp\conf\Catalina\localhost\webapp.xml]的部署已在[460]ms内完成
23-May-2026 22:42:01.563 信息 [main] org.apache.coyote.AbstractProtocol.start 开始协议处理句柄["http-nio-8080"]
23-May-2026 22:42:01.577 信息 [main] org.apache.catalina.startup.Catalina.start [523]毫秒后服务器启动
23-May-2026 22:44:50.306 信息 [Thread-1] org.apache.coyote.AbstractProtocol.pause 暂停ProtocolHandler["http-nio-8080"]
23-May-2026 22:44:50.308 信息 [Thread-1] org.apache.catalina.core.StandardService.stopInternal 正在停止服务[Catalina]
23-May-2026 22:44:50.310 警告 [Thread-1] org.apache.catalina.loader.WebappClassLoaderBase.clearReferencesJdbc Web应用程序 [webapp] 注册了JDBC驱动程序 [com.microsoft.sqlserver.jdbc.SQLServerDriver]，但在Web应用程序停止时无法注销它。 为防止内存泄漏，JDBC驱动程序已被强制取消注册。
23-May-2026 22:44:50.310 严重 [Thread-1] org.apache.catalina.loader.WebappClassLoaderBase.checkThreadLocalMapForLeaks web应用程序[webapp]创建了一个ThreadLocal，其键类型为[java.lang.ThreadLocal]（值为[java.lang.ThreadLocal@607c336d]），值类型为[com.microsoft.sqlserver.jdbc.SQLServerConnection43]（值为[ConnectionID:28 ClientConnectionId: c34b5e14-6444-444b-9501-42c52edbff7b），但在停止web应用程序时未能将其删除。线程将随着时间的推移而更新，以尝试避免可能的内存泄漏
23-May-2026 22:44:50.311 严重 [Thread-1] org.apache.catalina.loader.WebappClassLoaderBase.checkThreadLocalMapForLeaks web应用程序[webapp]创建了一个ThreadLocal，其键类型为[java.lang.ThreadLocal]（值为[java.lang.ThreadLocal@607c336d]），值类型为[com.microsoft.sqlserver.jdbc.SQLServerConnection43]（值为[ConnectionID:31 ClientConnectionId: 1524be42-3167-47d6-b9d7-e58802782223），但在停止web应用程序时未能将其删除。线程将随着时间的推移而更新，以尝试避免可能的内存泄漏
23-May-2026 22:44:50.311 严重 [Thread-1] org.apache.catalina.loader.WebappClassLoaderBase.checkThreadLocalMapForLeaks web应用程序[webapp]创建了一个ThreadLocal，其键类型为[java.lang.ThreadLocal]（值为[java.lang.ThreadLocal@607c336d]），值类型为[com.microsoft.sqlserver.jdbc.SQLServerConnection43]（值为[ConnectionID:24 ClientConnectionId: 7c851607-4a95-468d-bec4-cbe485d35f71），但在停止web应用程序时未能将其删除。线程将随着时间的推移而更新，以尝试避免可能的内存泄漏
23-May-2026 22:44:50.311 严重 [Thread-1] org.apache.catalina.loader.WebappClassLoaderBase.checkThreadLocalMapForLeaks web应用程序[webapp]创建了一个ThreadLocal，其键类型为[java.lang.ThreadLocal]（值为[java.lang.ThreadLocal@607c336d]），值类型为[com.microsoft.sqlserver.jdbc.SQLServerConnection43]（值为[ConnectionID:34 ClientConnectionId: 0401e1de-3d73-469c-998e-1ba6a7a4f4ae），但在停止web应用程序时未能将其删除。线程将随着时间的推移而更新，以尝试避免可能的内存泄漏
23-May-2026 22:44:50.311 严重 [Thread-1] org.apache.catalina.loader.WebappClassLoaderBase.checkThreadLocalMapForLeaks web应用程序[webapp]创建了一个ThreadLocal，其键类型为[java.lang.ThreadLocal]（值为[java.lang.ThreadLocal@607c336d]），值类型为[com.microsoft.sqlserver.jdbc.SQLServerConnection43]（值为[ConnectionID:36 ClientConnectionId: 223f51ea-d2a9-4117-8deb-057f27ead042），但在停止web应用程序时未能将其删除。线程将随着时间的推移而更新，以尝试避免可能的内存泄漏
23-May-2026 22:44:50.311 严重 [Thread-1] org.apache.catalina.loader.WebappClassLoaderBase.checkThreadLocalMapForLeaks web应用程序[webapp]创建了一个ThreadLocal，其键类型为[java.lang.ThreadLocal]（值为[java.lang.ThreadLocal@607c336d]），值类型为[com.microsoft.sqlserver.jdbc.SQLServerConnection43]（值为[ConnectionID:26 ClientConnectionId: 09102172-92a3-4ab1-9410-c335a118ef78），但在停止web应用程序时未能将其删除。线程将随着时间的推移而更新，以尝试避免可能的内存泄漏
23-May-2026 22:44:50.311 严重 [Thread-1] org.apache.catalina.loader.WebappClassLoaderBase.checkThreadLocalMapForLeaks web应用程序[webapp]创建了一个ThreadLocal，其键类型为[java.lang.ThreadLocal]（值为[java.lang.ThreadLocal@607c336d]），值类型为[com.microsoft.sqlserver.jdbc.SQLServerConnection43]（值为[ConnectionID:27 ClientConnectionId: 08eb0563-b99b-459f-b6a3-3c97a96fd855），但在停止web应用程序时未能将其删除。线程将随着时间的推移而更新，以尝试避免可能的内存泄漏
23-May-2026 22:44:50.311 严重 [Thread-1] org.apache.catalina.loader.WebappClassLoaderBase.checkThreadLocalMapForLeaks web应用程序[webapp]创建了一个ThreadLocal，其键类型为[java.lang.ThreadLocal]（值为[java.lang.ThreadLocal@607c336d]），值类型为[com.microsoft.sqlserver.jdbc.SQLServerConnection43]（值为[ConnectionID:29 ClientConnectionId: 9e57411e-c718-485b-9a9f-8c5e716f93c7），但在停止web应用程序时未能将其删除。线程将随着时间的推移而更新，以尝试避免可能的内存泄漏
23-May-2026 22:44:50.311 严重 [Thread-1] org.apache.catalina.loader.WebappClassLoaderBase.checkThreadLocalMapForLeaks web应用程序[webapp]创建了一个ThreadLocal，其键类型为[java.lang.ThreadLocal]（值为[java.lang.ThreadLocal@607c336d]），值类型为[com.microsoft.sqlserver.jdbc.SQLServerConnection43]（值为[ConnectionID:16 ClientConnectionId: c0ea2e23-86fe-4cea-96e1-507507608362），但在停止web应用程序时未能将其删除。线程将随着时间的推移而更新，以尝试避免可能的内存泄漏
23-May-2026 22:44:50.316 严重 [Thread-1] org.apache.catalina.loader.WebappClassLoaderBase.checkThreadLocalMapForLeaks web应用程序[webapp]创建了一个ThreadLocal，其键类型为[java.lang.ThreadLocal]（值为[java.lang.ThreadLocal@607c336d]），值类型为[com.microsoft.sqlserver.jdbc.SQLServerConnection43]（值为[ConnectionID:18 ClientConnectionId: 962aa293-ddfc-4690-aefc-395bcc270cd7），但在停止web应用程序时未能将其删除。线程将随着时间的推移而更新，以尝试避免可能的内存泄漏
23-May-2026 22:44:50.317 信息 [Thread-1] org.apache.coyote.AbstractProtocol.stop 正在停止ProtocolHandler ["http-nio-8080"]
23-May-2026 22:44:50.319 信息 [Thread-1] org.apache.coyote.AbstractProtocol.destroy 正在销毁协议处理器 ["http-nio-8080"]
