24-May-2026 17:43:02.958 信息 [main] org.apache.catalina.startup.VersionLoggerListener.log Server.服务器版本: Apache Tomcat/10.1.52
24-May-2026 17:43:02.963 信息 [main] org.apache.catalina.startup.VersionLoggerListener.log 服务器构建:        Jan 23 2026 19:29:07 UTC
24-May-2026 17:43:02.963 信息 [main] org.apache.catalina.startup.VersionLoggerListener.log 服务器版本号:      10.1.52.0
24-May-2026 17:43:02.963 信息 [main] org.apache.catalina.startup.VersionLoggerListener.log 操作系统名称:      Windows 11
24-May-2026 17:43:02.964 信息 [main] org.apache.catalina.startup.VersionLoggerListener.log OS.版本:           10.0
24-May-2026 17:43:02.964 信息 [main] org.apache.catalina.startup.VersionLoggerListener.log 架构:              amd64
24-May-2026 17:43:02.964 信息 [main] org.apache.catalina.startup.VersionLoggerListener.log Java 环境变量:     C:\Program Files\Java\jdk-21
24-May-2026 17:43:02.964 信息 [main] org.apache.catalina.startup.VersionLoggerListener.log Java虚拟机版本:    21.0.6+8-LTS-188
24-May-2026 17:43:02.964 信息 [main] org.apache.catalina.startup.VersionLoggerListener.log JVM.供应商:        Oracle Corporation
24-May-2026 17:43:02.964 信息 [main] org.apache.catalina.startup.VersionLoggerListener.log CATALINA_BASE:     D:\creat\property-management\src\main\webapp
24-May-2026 17:43:02.964 信息 [main] org.apache.catalina.startup.VersionLoggerListener.log CATALINA_HOME:     D:\apache-tomcat-10.1.52
24-May-2026 17:43:02.971 信息 [main] org.apache.catalina.startup.VersionLoggerListener.log 命令行参数：       --add-opens=java.base/java.lang=ALL-UNNAMED
24-May-2026 17:43:02.971 信息 [main] org.apache.catalina.startup.VersionLoggerListener.log 命令行参数：       --add-opens=java.base/java.io=ALL-UNNAMED
24-May-2026 17:43:02.971 信息 [main] org.apache.catalina.startup.VersionLoggerListener.log 命令行参数：       --add-opens=java.base/java.util=ALL-UNNAMED
24-May-2026 17:43:02.971 信息 [main] org.apache.catalina.startup.VersionLoggerListener.log 命令行参数：       --add-opens=java.base/java.util.concurrent=ALL-UNNAMED
24-May-2026 17:43:02.971 信息 [main] org.apache.catalina.startup.VersionLoggerListener.log 命令行参数：       --add-opens=java.rmi/sun.rmi.transport=ALL-UNNAMED
24-May-2026 17:43:02.971 信息 [main] org.apache.catalina.startup.VersionLoggerListener.log 命令行参数：       -Dcatalina.home=D:\apache-tomcat-10.1.52
24-May-2026 17:43:02.971 信息 [main] org.apache.catalina.startup.VersionLoggerListener.log 命令行参数：       -Dcatalina.base=D:\creat\property-management\src\main\webapp
24-May-2026 17:43:02.971 信息 [main] org.apache.catalina.startup.VersionLoggerListener.log 命令行参数：       -Djava.io.tmpdir=D:\creat\property-management\src\main\webapp\temp
24-May-2026 17:43:02.972 信息 [main] org.apache.catalina.startup.VersionLoggerListener.log 命令行参数：       -Djava.util.logging.config.file=D:\creat\property-management\src\main\webapp\conf\logging.properties
24-May-2026 17:43:02.972 信息 [main] org.apache.catalina.startup.VersionLoggerListener.log 命令行参数：       -Djava.util.logging.manager=org.apache.juli.ClassLoaderLogManager
24-May-2026 17:43:02.972 信息 [main] org.apache.catalina.startup.VersionLoggerListener.log 命令行参数：       -javaagent:C:\Program Files\JetBrains\IntelliJ IDEA Community Edition 2024.3\lib\idea_rt.jar=12871:C:\Program Files\JetBrains\IntelliJ IDEA Community Edition 2024.3\bin
24-May-2026 17:43:02.972 信息 [main] org.apache.catalina.startup.VersionLoggerListener.log 命令行参数：       -Dfile.encoding=UTF-8
24-May-2026 17:43:02.973 信息 [main] org.apache.catalina.startup.VersionLoggerListener.log 命令行参数：       -Dsun.stdout.encoding=UTF-8
24-May-2026 17:43:02.973 信息 [main] org.apache.catalina.startup.VersionLoggerListener.log 命令行参数：       -Dsun.stderr.encoding=UTF-8
24-May-2026 17:43:02.980 信息 [main] org.apache.catalina.core.AprLifecycleListener.lifecycleEvent 在java.library.path:[C:\Program Files\Java\jdk-21\bin;C:\WINDOWS\Sun\Java\bin;C:\WINDOWS\system32;C:\WINDOWS;C:\Program Files (x86)\VMware\VMware Workstation\bin\;$env:PATH;C:\MinGW\bin;C:\Program Files\NVIDIA Corporation\NVIDIA App\NvDLISR;C:\Program Files\dotnet\;C:\Program Files\nodejs\;C:\Program Files\Git LFS;C:\Windows\System32;C:\Windows;C:\Windows\System32\WindowsPowerShell\v1.0;C:\Program Files (x86)\Microsoft SQL Server\170\Tools\Binn\;C:\Program Files\Microsoft SQL Server\170\Tools\Binn\;C:\Program Files\Microsoft SQL Server\Client SDK\ODBC\180\Tools\Binn\;C:\Program Files\Microsoft SQL Server\170\DTS\Binn\;D:\rational rose\common;C:\tools\deepseek;C:\Program Files\GitHub CLI\;C:\Users\links\.mavis\bin;C:\Users\links\AppData\Local\Microsoft\WindowsApps;C:\Users\links\.dotnet\tools;D:\cursor\resources\app\bin;D:\Microsoft VS Code\bin;C:\MinGW\bin;C:\Users\links\AppData\Roaming\npm;C:\Users\links\AppData\Roaming\npm\bin;C:\Program Files\Git\cmd;C:\Program Files\Git\bin;C:\Program Files\Java\jdk-17\bin;C:\Users\links\AppData\Local\Python\bin;.]上找不到基于APR的Apache Tomcat本机库，该库允许在生产环境中获得最佳性能
24-May-2026 17:43:03.158 信息 [main] org.apache.coyote.AbstractProtocol.init 初始化协议处理器 ["http-nio-8080"]
24-May-2026 17:43:03.172 信息 [main] org.apache.catalina.startup.Catalina.load 服务器在[378]毫秒内初始化
24-May-2026 17:43:03.208 信息 [main] org.apache.catalina.core.StandardService.startInternal 正在启动服务[Catalina]
24-May-2026 17:43:03.209 信息 [main] org.apache.catalina.core.StandardEngine.startInternal 正在启动 Servlet 引擎：[Apache Tomcat/10.1.52]
24-May-2026 17:43:03.216 信息 [main] org.apache.catalina.startup.HostConfig.deployDescriptor 正在部署部署描述符[D:\creat\property-management\src\main\webapp\conf\Catalina\localhost\webapp.xml]。
24-May-2026 17:43:03.731 信息 [main] org.apache.jasper.servlet.TldScanner.scanJars 至少有一个JAR被扫描用于TLD但尚未包含TLD。 为此记录器启用调试日志记录，以获取已扫描但未在其中找到TLD的完整JAR列表。 在扫描期间跳过不需要的JAR可以缩短启动时间和JSP编译时间。
24-May-2026 17:43:03.763 警告 [main] org.apache.catalina.filters.FilterBase.init 未为[org.apache.catalina.filters.SetCharacterEncodingFilter]类型的筛选器定义属性[forceEncoding]
24-May-2026 17:43:03.775 信息 [main] org.apache.catalina.startup.HostConfig.deployDescriptor 部署描述符[D:\creat\property-management\src\main\webapp\conf\Catalina\localhost\webapp.xml]的部署已在[558]ms内完成
24-May-2026 17:43:03.778 信息 [main] org.apache.coyote.AbstractProtocol.start 开始协议处理句柄["http-nio-8080"]
24-May-2026 17:43:03.794 信息 [main] org.apache.catalina.startup.Catalina.start [620]毫秒后服务器启动
24-May-2026 17:44:12.894 信息 [Thread-1] org.apache.coyote.AbstractProtocol.pause 暂停ProtocolHandler["http-nio-8080"]
24-May-2026 17:44:12.897 信息 [Thread-1] org.apache.catalina.core.StandardService.stopInternal 正在停止服务[Catalina]
24-May-2026 17:44:12.899 警告 [Thread-1] org.apache.catalina.loader.WebappClassLoaderBase.clearReferencesJdbc Web应用程序 [webapp] 注册了JDBC驱动程序 [com.microsoft.sqlserver.jdbc.SQLServerDriver]，但在Web应用程序停止时无法注销它。 为防止内存泄漏，JDBC驱动程序已被强制取消注册。
24-May-2026 17:44:12.899 严重 [Thread-1] org.apache.catalina.loader.WebappClassLoaderBase.checkThreadLocalMapForLeaks web应用程序[webapp]创建了一个ThreadLocal，其键类型为[java.lang.ThreadLocal]（值为[java.lang.ThreadLocal@2e3597b9]），值类型为[com.microsoft.sqlserver.jdbc.SQLServerConnection43]（值为[ConnectionID:8 ClientConnectionId: adc246f6-5b21-4483-86c1-cfff25efa50c），但在停止web应用程序时未能将其删除。线程将随着时间的推移而更新，以尝试避免可能的内存泄漏
24-May-2026 17:44:12.899 严重 [Thread-1] org.apache.catalina.loader.WebappClassLoaderBase.checkThreadLocalMapForLeaks web应用程序[webapp]创建了一个ThreadLocal，其键类型为[java.lang.ThreadLocal]（值为[java.lang.ThreadLocal@2e3597b9]），值类型为[com.microsoft.sqlserver.jdbc.SQLServerConnection43]（值为[ConnectionID:9 ClientConnectionId: d42b09f6-6c03-4d28-a3bd-98ce53fd7b67），但在停止web应用程序时未能将其删除。线程将随着时间的推移而更新，以尝试避免可能的内存泄漏
24-May-2026 17:44:12.901 严重 [Thread-1] org.apache.catalina.loader.WebappClassLoaderBase.checkThreadLocalMapForLeaks web应用程序[webapp]创建了一个ThreadLocal，其键类型为[java.lang.ThreadLocal]（值为[java.lang.ThreadLocal@2e3597b9]），值类型为[com.microsoft.sqlserver.jdbc.SQLServerConnection43]（值为[ConnectionID:11 ClientConnectionId: a4191325-7d30-4bdb-b0e3-2ba6f2c9c909），但在停止web应用程序时未能将其删除。线程将随着时间的推移而更新，以尝试避免可能的内存泄漏
24-May-2026 17:44:12.901 严重 [Thread-1] org.apache.catalina.loader.WebappClassLoaderBase.checkThreadLocalMapForLeaks web应用程序[webapp]创建了一个ThreadLocal，其键类型为[java.lang.ThreadLocal]（值为[java.lang.ThreadLocal@2e3597b9]），值类型为[com.microsoft.sqlserver.jdbc.SQLServerConnection43]（值为[ConnectionID:12 ClientConnectionId: d54dfac2-2732-4828-8268-4bd78fc90762），但在停止web应用程序时未能将其删除。线程将随着时间的推移而更新，以尝试避免可能的内存泄漏
24-May-2026 17:44:12.901 严重 [Thread-1] org.apache.catalina.loader.WebappClassLoaderBase.checkThreadLocalMapForLeaks web应用程序[webapp]创建了一个ThreadLocal，其键类型为[java.lang.ThreadLocal]（值为[java.lang.ThreadLocal@2e3597b9]），值类型为[com.microsoft.sqlserver.jdbc.SQLServerConnection43]（值为[ConnectionID:1 ClientConnectionId: d98fbc1b-a218-4bbf-bb3c-7dce9ca21885），但在停止web应用程序时未能将其删除。线程将随着时间的推移而更新，以尝试避免可能的内存泄漏
24-May-2026 17:44:12.901 严重 [Thread-1] org.apache.catalina.loader.WebappClassLoaderBase.checkThreadLocalMapForLeaks web应用程序[webapp]创建了一个ThreadLocal，其键类型为[java.lang.ThreadLocal]（值为[java.lang.ThreadLocal@2e3597b9]），值类型为[com.microsoft.sqlserver.jdbc.SQLServerConnection43]（值为[ConnectionID:4 ClientConnectionId: 9852455b-45df-4add-b5ab-8860bdd613f7），但在停止web应用程序时未能将其删除。线程将随着时间的推移而更新，以尝试避免可能的内存泄漏
24-May-2026 17:44:12.901 严重 [Thread-1] org.apache.catalina.loader.WebappClassLoaderBase.checkThreadLocalMapForLeaks web应用程序[webapp]创建了一个ThreadLocal，其键类型为[java.lang.ThreadLocal]（值为[java.lang.ThreadLocal@2e3597b9]），值类型为[com.microsoft.sqlserver.jdbc.SQLServerConnection43]（值为[ConnectionID:5 ClientConnectionId: 626f0315-c0ca-41ae-894e-1df965508800），但在停止web应用程序时未能将其删除。线程将随着时间的推移而更新，以尝试避免可能的内存泄漏
24-May-2026 17:44:12.901 严重 [Thread-1] org.apache.catalina.loader.WebappClassLoaderBase.checkThreadLocalMapForLeaks web应用程序[webapp]创建了一个ThreadLocal，其键类型为[java.lang.ThreadLocal]（值为[java.lang.ThreadLocal@2e3597b9]），值类型为[com.microsoft.sqlserver.jdbc.SQLServerConnection43]（值为[ConnectionID:6 ClientConnectionId: afaf9037-85a9-4ce3-8512-f237c5f6aed4），但在停止web应用程序时未能将其删除。线程将随着时间的推移而更新，以尝试避免可能的内存泄漏
24-May-2026 17:44:12.902 信息 [Thread-1] org.apache.coyote.AbstractProtocol.stop 正在停止ProtocolHandler ["http-nio-8080"]
24-May-2026 17:44:12.908 信息 [Thread-1] org.apache.coyote.AbstractProtocol.destroy 正在销毁协议处理器 ["http-nio-8080"]
24-May-2026 17:47:02.807 信息 [main] org.apache.catalina.startup.VersionLoggerListener.log Server.服务器版本: Apache Tomcat/10.1.52
24-May-2026 17:47:02.809 信息 [main] org.apache.catalina.startup.VersionLoggerListener.log 服务器构建:        Jan 23 2026 19:29:07 UTC
24-May-2026 17:47:02.809 信息 [main] org.apache.catalina.startup.VersionLoggerListener.log 服务器版本号:      10.1.52.0
24-May-2026 17:47:02.809 信息 [main] org.apache.catalina.startup.VersionLoggerListener.log 操作系统名称:      Windows 11
24-May-2026 17:47:02.810 信息 [main] org.apache.catalina.startup.VersionLoggerListener.log OS.版本:           10.0
24-May-2026 17:47:02.810 信息 [main] org.apache.catalina.startup.VersionLoggerListener.log 架构:              amd64
24-May-2026 17:47:02.810 信息 [main] org.apache.catalina.startup.VersionLoggerListener.log Java 环境变量:     C:\Program Files\Java\jdk-21
24-May-2026 17:47:02.810 信息 [main] org.apache.catalina.startup.VersionLoggerListener.log Java虚拟机版本:    21.0.6+8-LTS-188
24-May-2026 17:47:02.810 信息 [main] org.apache.catalina.startup.VersionLoggerListener.log JVM.供应商:        Oracle Corporation
24-May-2026 17:47:02.810 信息 [main] org.apache.catalina.startup.VersionLoggerListener.log CATALINA_BASE:     D:\creat\property-management\src\main\webapp
24-May-2026 17:47:02.810 信息 [main] org.apache.catalina.startup.VersionLoggerListener.log CATALINA_HOME:     D:\apache-tomcat-10.1.52
24-May-2026 17:47:02.817 信息 [main] org.apache.catalina.startup.VersionLoggerListener.log 命令行参数：       --add-opens=java.base/java.lang=ALL-UNNAMED
24-May-2026 17:47:02.817 信息 [main] org.apache.catalina.startup.VersionLoggerListener.log 命令行参数：       --add-opens=java.base/java.io=ALL-UNNAMED
24-May-2026 17:47:02.817 信息 [main] org.apache.catalina.startup.VersionLoggerListener.log 命令行参数：       --add-opens=java.base/java.util=ALL-UNNAMED
24-May-2026 17:47:02.817 信息 [main] org.apache.catalina.startup.VersionLoggerListener.log 命令行参数：       --add-opens=java.base/java.util.concurrent=ALL-UNNAMED
24-May-2026 17:47:02.817 信息 [main] org.apache.catalina.startup.VersionLoggerListener.log 命令行参数：       --add-opens=java.rmi/sun.rmi.transport=ALL-UNNAMED
24-May-2026 17:47:02.817 信息 [main] org.apache.catalina.startup.VersionLoggerListener.log 命令行参数：       -Dcatalina.home=D:\apache-tomcat-10.1.52
24-May-2026 17:47:02.817 信息 [main] org.apache.catalina.startup.VersionLoggerListener.log 命令行参数：       -Dcatalina.base=D:\creat\property-management\src\main\webapp
24-May-2026 17:47:02.817 信息 [main] org.apache.catalina.startup.VersionLoggerListener.log 命令行参数：       -Djava.io.tmpdir=D:\creat\property-management\src\main\webapp\temp
24-May-2026 17:47:02.817 信息 [main] org.apache.catalina.startup.VersionLoggerListener.log 命令行参数：       -Djava.util.logging.config.file=D:\creat\property-management\src\main\webapp\conf\logging.properties
24-May-2026 17:47:02.818 信息 [main] org.apache.catalina.startup.VersionLoggerListener.log 命令行参数：       -Djava.util.logging.manager=org.apache.juli.ClassLoaderLogManager
24-May-2026 17:47:02.818 信息 [main] org.apache.catalina.startup.VersionLoggerListener.log 命令行参数：       -javaagent:C:\Program Files\JetBrains\IntelliJ IDEA Community Edition 2024.3\lib\idea_rt.jar=5617:C:\Program Files\JetBrains\IntelliJ IDEA Community Edition 2024.3\bin
24-May-2026 17:47:02.818 信息 [main] org.apache.catalina.startup.VersionLoggerListener.log 命令行参数：       -Dfile.encoding=UTF-8
24-May-2026 17:47:02.818 信息 [main] org.apache.catalina.startup.VersionLoggerListener.log 命令行参数：       -Dsun.stdout.encoding=UTF-8
24-May-2026 17:47:02.818 信息 [main] org.apache.catalina.startup.VersionLoggerListener.log 命令行参数：       -Dsun.stderr.encoding=UTF-8
24-May-2026 17:47:02.824 信息 [main] org.apache.catalina.core.AprLifecycleListener.lifecycleEvent 在java.library.path:[C:\Program Files\Java\jdk-21\bin;C:\WINDOWS\Sun\Java\bin;C:\WINDOWS\system32;C:\WINDOWS;C:\Program Files (x86)\VMware\VMware Workstation\bin\;$env:PATH;C:\MinGW\bin;C:\Program Files\NVIDIA Corporation\NVIDIA App\NvDLISR;C:\Program Files\dotnet\;C:\Program Files\nodejs\;C:\Program Files\Git LFS;C:\Windows\System32;C:\Windows;C:\Windows\System32\WindowsPowerShell\v1.0;C:\Program Files (x86)\Microsoft SQL Server\170\Tools\Binn\;C:\Program Files\Microsoft SQL Server\170\Tools\Binn\;C:\Program Files\Microsoft SQL Server\Client SDK\ODBC\180\Tools\Binn\;C:\Program Files\Microsoft SQL Server\170\DTS\Binn\;D:\rational rose\common;C:\tools\deepseek;C:\Program Files\GitHub CLI\;C:\Users\links\.mavis\bin;C:\Users\links\AppData\Local\Microsoft\WindowsApps;C:\Users\links\.dotnet\tools;D:\cursor\resources\app\bin;D:\Microsoft VS Code\bin;C:\MinGW\bin;C:\Users\links\AppData\Roaming\npm;C:\Users\links\AppData\Roaming\npm\bin;C:\Program Files\Git\cmd;C:\Program Files\Git\bin;C:\Program Files\Java\jdk-17\bin;C:\Users\links\AppData\Local\Python\bin;.]上找不到基于APR的Apache Tomcat本机库，该库允许在生产环境中获得最佳性能
24-May-2026 17:47:02.973 信息 [main] org.apache.coyote.AbstractProtocol.init 初始化协议处理器 ["http-nio-8080"]
24-May-2026 17:47:02.985 信息 [main] org.apache.catalina.startup.Catalina.load 服务器在[296]毫秒内初始化
24-May-2026 17:47:03.027 信息 [main] org.apache.catalina.core.StandardService.startInternal 正在启动服务[Catalina]
24-May-2026 17:47:03.027 信息 [main] org.apache.catalina.core.StandardEngine.startInternal 正在启动 Servlet 引擎：[Apache Tomcat/10.1.52]
24-May-2026 17:47:03.034 信息 [main] org.apache.catalina.startup.HostConfig.deployDescriptor 正在部署部署描述符[D:\creat\property-management\src\main\webapp\conf\Catalina\localhost\webapp.xml]。
24-May-2026 17:47:03.788 信息 [main] org.apache.jasper.servlet.TldScanner.scanJars 至少有一个JAR被扫描用于TLD但尚未包含TLD。 为此记录器启用调试日志记录，以获取已扫描但未在其中找到TLD的完整JAR列表。 在扫描期间跳过不需要的JAR可以缩短启动时间和JSP编译时间。
24-May-2026 17:47:03.845 警告 [main] org.apache.catalina.filters.FilterBase.init 未为[org.apache.catalina.filters.SetCharacterEncodingFilter]类型的筛选器定义属性[forceEncoding]
24-May-2026 17:47:03.857 信息 [main] org.apache.catalina.startup.HostConfig.deployDescriptor 部署描述符[D:\creat\property-management\src\main\webapp\conf\Catalina\localhost\webapp.xml]的部署已在[821]ms内完成
24-May-2026 17:47:03.861 信息 [main] org.apache.coyote.AbstractProtocol.start 开始协议处理句柄["http-nio-8080"]
24-May-2026 17:47:03.876 信息 [main] org.apache.catalina.startup.Catalina.start [889]毫秒后服务器启动
24-May-2026 17:48:59.425 信息 [Thread-1] org.apache.coyote.AbstractProtocol.pause 暂停ProtocolHandler["http-nio-8080"]
24-May-2026 17:48:59.429 信息 [Thread-1] org.apache.catalina.core.StandardService.stopInternal 正在停止服务[Catalina]
24-May-2026 17:48:59.431 警告 [Thread-1] org.apache.catalina.loader.WebappClassLoaderBase.clearReferencesJdbc Web应用程序 [webapp] 注册了JDBC驱动程序 [com.microsoft.sqlserver.jdbc.SQLServerDriver]，但在Web应用程序停止时无法注销它。 为防止内存泄漏，JDBC驱动程序已被强制取消注册。
24-May-2026 17:48:59.432 严重 [Thread-1] org.apache.catalina.loader.WebappClassLoaderBase.checkThreadLocalMapForLeaks web应用程序[webapp]创建了一个ThreadLocal，其键类型为[java.lang.ThreadLocal]（值为[java.lang.ThreadLocal@354c9f9a]），值类型为[com.microsoft.sqlserver.jdbc.SQLServerConnection43]（值为[ConnectionID:1 ClientConnectionId: 40ea9d1a-df71-4e1c-ab9c-52d5c3ccfdfb），但在停止web应用程序时未能将其删除。线程将随着时间的推移而更新，以尝试避免可能的内存泄漏
24-May-2026 17:48:59.432 严重 [Thread-1] org.apache.catalina.loader.WebappClassLoaderBase.checkThreadLocalMapForLeaks web应用程序[webapp]创建了一个ThreadLocal，其键类型为[java.lang.ThreadLocal]（值为[java.lang.ThreadLocal@354c9f9a]），值类型为[com.microsoft.sqlserver.jdbc.SQLServerConnection43]（值为[ConnectionID:2 ClientConnectionId: 98c7fa54-926b-417f-afc0-9a817524abb2），但在停止web应用程序时未能将其删除。线程将随着时间的推移而更新，以尝试避免可能的内存泄漏
24-May-2026 17:48:59.432 严重 [Thread-1] org.apache.catalina.loader.WebappClassLoaderBase.checkThreadLocalMapForLeaks web应用程序[webapp]创建了一个ThreadLocal，其键类型为[java.lang.ThreadLocal]（值为[java.lang.ThreadLocal@354c9f9a]），值类型为[com.microsoft.sqlserver.jdbc.SQLServerConnection43]（值为[ConnectionID:6 ClientConnectionId: f7905694-677c-4c5b-8fe5-372d66b7b4e4），但在停止web应用程序时未能将其删除。线程将随着时间的推移而更新，以尝试避免可能的内存泄漏
24-May-2026 17:48:59.432 严重 [Thread-1] org.apache.catalina.loader.WebappClassLoaderBase.checkThreadLocalMapForLeaks web应用程序[webapp]创建了一个ThreadLocal，其键类型为[java.lang.ThreadLocal]（值为[java.lang.ThreadLocal@354c9f9a]），值类型为[com.microsoft.sqlserver.jdbc.SQLServerConnection43]（值为[ConnectionID:4 ClientConnectionId: a8579182-63d6-4951-8d14-16559945641a），但在停止web应用程序时未能将其删除。线程将随着时间的推移而更新，以尝试避免可能的内存泄漏
24-May-2026 17:48:59.434 严重 [Thread-1] org.apache.catalina.loader.WebappClassLoaderBase.checkThreadLocalMapForLeaks web应用程序[webapp]创建了一个ThreadLocal，其键类型为[java.lang.ThreadLocal]（值为[java.lang.ThreadLocal@354c9f9a]），值类型为[com.microsoft.sqlserver.jdbc.SQLServerConnection43]（值为[ConnectionID:5 ClientConnectionId: b5f87db9-253b-4147-b1e1-95e06c196e64），但在停止web应用程序时未能将其删除。线程将随着时间的推移而更新，以尝试避免可能的内存泄漏
24-May-2026 17:48:59.435 信息 [Thread-1] org.apache.coyote.AbstractProtocol.stop 正在停止ProtocolHandler ["http-nio-8080"]
24-May-2026 17:48:59.438 信息 [Thread-1] org.apache.coyote.AbstractProtocol.destroy 正在销毁协议处理器 ["http-nio-8080"]
24-May-2026 17:49:01.075 信息 [main] org.apache.catalina.startup.VersionLoggerListener.log Server.服务器版本: Apache Tomcat/10.1.52
24-May-2026 17:49:01.079 信息 [main] org.apache.catalina.startup.VersionLoggerListener.log 服务器构建:        Jan 23 2026 19:29:07 UTC
24-May-2026 17:49:01.079 信息 [main] org.apache.catalina.startup.VersionLoggerListener.log 服务器版本号:      10.1.52.0
24-May-2026 17:49:01.079 信息 [main] org.apache.catalina.startup.VersionLoggerListener.log 操作系统名称:      Windows 11
24-May-2026 17:49:01.079 信息 [main] org.apache.catalina.startup.VersionLoggerListener.log OS.版本:           10.0
24-May-2026 17:49:01.079 信息 [main] org.apache.catalina.startup.VersionLoggerListener.log 架构:              amd64
24-May-2026 17:49:01.080 信息 [main] org.apache.catalina.startup.VersionLoggerListener.log Java 环境变量:     C:\Program Files\Java\jdk-21
24-May-2026 17:49:01.080 信息 [main] org.apache.catalina.startup.VersionLoggerListener.log Java虚拟机版本:    21.0.6+8-LTS-188
24-May-2026 17:49:01.080 信息 [main] org.apache.catalina.startup.VersionLoggerListener.log JVM.供应商:        Oracle Corporation
24-May-2026 17:49:01.080 信息 [main] org.apache.catalina.startup.VersionLoggerListener.log CATALINA_BASE:     D:\creat\property-management\src\main\webapp
24-May-2026 17:49:01.080 信息 [main] org.apache.catalina.startup.VersionLoggerListener.log CATALINA_HOME:     D:\apache-tomcat-10.1.52
24-May-2026 17:49:01.086 信息 [main] org.apache.catalina.startup.VersionLoggerListener.log 命令行参数：       --add-opens=java.base/java.lang=ALL-UNNAMED
24-May-2026 17:49:01.086 信息 [main] org.apache.catalina.startup.VersionLoggerListener.log 命令行参数：       --add-opens=java.base/java.io=ALL-UNNAMED
24-May-2026 17:49:01.086 信息 [main] org.apache.catalina.startup.VersionLoggerListener.log 命令行参数：       --add-opens=java.base/java.util=ALL-UNNAMED
24-May-2026 17:49:01.086 信息 [main] org.apache.catalina.startup.VersionLoggerListener.log 命令行参数：       --add-opens=java.base/java.util.concurrent=ALL-UNNAMED
24-May-2026 17:49:01.087 信息 [main] org.apache.catalina.startup.VersionLoggerListener.log 命令行参数：       --add-opens=java.rmi/sun.rmi.transport=ALL-UNNAMED
24-May-2026 17:49:01.087 信息 [main] org.apache.catalina.startup.VersionLoggerListener.log 命令行参数：       -Dcatalina.home=D:\apache-tomcat-10.1.52
24-May-2026 17:49:01.087 信息 [main] org.apache.catalina.startup.VersionLoggerListener.log 命令行参数：       -Dcatalina.base=D:\creat\property-management\src\main\webapp
24-May-2026 17:49:01.087 信息 [main] org.apache.catalina.startup.VersionLoggerListener.log 命令行参数：       -Djava.io.tmpdir=D:\creat\property-management\src\main\webapp\temp
24-May-2026 17:49:01.087 信息 [main] org.apache.catalina.startup.VersionLoggerListener.log 命令行参数：       -Djava.util.logging.config.file=D:\creat\property-management\src\main\webapp\conf\logging.properties
24-May-2026 17:49:01.087 信息 [main] org.apache.catalina.startup.VersionLoggerListener.log 命令行参数：       -Djava.util.logging.manager=org.apache.juli.ClassLoaderLogManager
24-May-2026 17:49:01.088 信息 [main] org.apache.catalina.startup.VersionLoggerListener.log 命令行参数：       -javaagent:C:\Program Files\JetBrains\IntelliJ IDEA Community Edition 2024.3\lib\idea_rt.jar=5586:C:\Program Files\JetBrains\IntelliJ IDEA Community Edition 2024.3\bin
24-May-2026 17:49:01.088 信息 [main] org.apache.catalina.startup.VersionLoggerListener.log 命令行参数：       -Dfile.encoding=UTF-8
24-May-2026 17:49:01.088 信息 [main] org.apache.catalina.startup.VersionLoggerListener.log 命令行参数：       -Dsun.stdout.encoding=UTF-8
24-May-2026 17:49:01.088 信息 [main] org.apache.catalina.startup.VersionLoggerListener.log 命令行参数：       -Dsun.stderr.encoding=UTF-8
24-May-2026 17:49:01.095 信息 [main] org.apache.catalina.core.AprLifecycleListener.lifecycleEvent 在java.library.path:[C:\Program Files\Java\jdk-21\bin;C:\WINDOWS\Sun\Java\bin;C:\WINDOWS\system32;C:\WINDOWS;C:\Program Files (x86)\VMware\VMware Workstation\bin\;$env:PATH;C:\MinGW\bin;C:\Program Files\NVIDIA Corporation\NVIDIA App\NvDLISR;C:\Program Files\dotnet\;C:\Program Files\nodejs\;C:\Program Files\Git LFS;C:\Windows\System32;C:\Windows;C:\Windows\System32\WindowsPowerShell\v1.0;C:\Program Files (x86)\Microsoft SQL Server\170\Tools\Binn\;C:\Program Files\Microsoft SQL Server\170\Tools\Binn\;C:\Program Files\Microsoft SQL Server\Client SDK\ODBC\180\Tools\Binn\;C:\Program Files\Microsoft SQL Server\170\DTS\Binn\;D:\rational rose\common;C:\tools\deepseek;C:\Program Files\GitHub CLI\;C:\Users\links\.mavis\bin;C:\Users\links\AppData\Local\Microsoft\WindowsApps;C:\Users\links\.dotnet\tools;D:\cursor\resources\app\bin;D:\Microsoft VS Code\bin;C:\MinGW\bin;C:\Users\links\AppData\Roaming\npm;C:\Users\links\AppData\Roaming\npm\bin;C:\Program Files\Git\cmd;C:\Program Files\Git\bin;C:\Program Files\Java\jdk-17\bin;C:\Users\links\AppData\Local\Python\bin;.]上找不到基于APR的Apache Tomcat本机库，该库允许在生产环境中获得最佳性能
24-May-2026 17:49:01.244 信息 [main] org.apache.coyote.AbstractProtocol.init 初始化协议处理器 ["http-nio-8080"]
24-May-2026 17:49:01.253 信息 [main] org.apache.catalina.startup.Catalina.load 服务器在[294]毫秒内初始化
24-May-2026 17:49:01.292 信息 [main] org.apache.catalina.core.StandardService.startInternal 正在启动服务[Catalina]
24-May-2026 17:49:01.292 信息 [main] org.apache.catalina.core.StandardEngine.startInternal 正在启动 Servlet 引擎：[Apache Tomcat/10.1.52]
24-May-2026 17:49:01.298 信息 [main] org.apache.catalina.startup.HostConfig.deployDescriptor 正在部署部署描述符[D:\creat\property-management\src\main\webapp\conf\Catalina\localhost\webapp.xml]。
24-May-2026 17:49:02.000 信息 [main] org.apache.jasper.servlet.TldScanner.scanJars 至少有一个JAR被扫描用于TLD但尚未包含TLD。 为此记录器启用调试日志记录，以获取已扫描但未在其中找到TLD的完整JAR列表。 在扫描期间跳过不需要的JAR可以缩短启动时间和JSP编译时间。
24-May-2026 17:49:02.055 警告 [main] org.apache.catalina.filters.FilterBase.init 未为[org.apache.catalina.filters.SetCharacterEncodingFilter]类型的筛选器定义属性[forceEncoding]
24-May-2026 17:49:02.066 信息 [main] org.apache.catalina.startup.HostConfig.deployDescriptor 部署描述符[D:\creat\property-management\src\main\webapp\conf\Catalina\localhost\webapp.xml]的部署已在[767]ms内完成
24-May-2026 17:49:02.070 信息 [main] org.apache.coyote.AbstractProtocol.start 开始协议处理句柄["http-nio-8080"]
24-May-2026 17:49:02.085 信息 [main] org.apache.catalina.startup.Catalina.start [831]毫秒后服务器启动
24-May-2026 17:51:13.335 信息 [Thread-1] org.apache.coyote.AbstractProtocol.pause 暂停ProtocolHandler["http-nio-8080"]
24-May-2026 17:51:13.338 信息 [Thread-1] org.apache.catalina.core.StandardService.stopInternal 正在停止服务[Catalina]
24-May-2026 17:51:13.340 警告 [Thread-1] org.apache.catalina.loader.WebappClassLoaderBase.clearReferencesJdbc Web应用程序 [webapp] 注册了JDBC驱动程序 [com.microsoft.sqlserver.jdbc.SQLServerDriver]，但在Web应用程序停止时无法注销它。 为防止内存泄漏，JDBC驱动程序已被强制取消注册。
24-May-2026 17:51:13.342 严重 [Thread-1] org.apache.catalina.loader.WebappClassLoaderBase.checkThreadLocalMapForLeaks web应用程序[webapp]创建了一个ThreadLocal，其键类型为[java.lang.ThreadLocal]（值为[java.lang.ThreadLocal@3876bb3e]），值类型为[com.microsoft.sqlserver.jdbc.SQLServerConnection43]（值为[ConnectionID:1 ClientConnectionId: b3ef0c7d-f311-4c87-8eb2-1fd430e3bbbf），但在停止web应用程序时未能将其删除。线程将随着时间的推移而更新，以尝试避免可能的内存泄漏
24-May-2026 17:51:13.342 严重 [Thread-1] org.apache.catalina.loader.WebappClassLoaderBase.checkThreadLocalMapForLeaks web应用程序[webapp]创建了一个ThreadLocal，其键类型为[java.lang.ThreadLocal]（值为[java.lang.ThreadLocal@3876bb3e]），值类型为[com.microsoft.sqlserver.jdbc.SQLServerConnection43]（值为[ConnectionID:2 ClientConnectionId: 32799156-c063-49d2-97b1-2c4b974cba8c），但在停止web应用程序时未能将其删除。线程将随着时间的推移而更新，以尝试避免可能的内存泄漏
24-May-2026 17:51:13.342 严重 [Thread-1] org.apache.catalina.loader.WebappClassLoaderBase.checkThreadLocalMapForLeaks web应用程序[webapp]创建了一个ThreadLocal，其键类型为[java.lang.ThreadLocal]（值为[java.lang.ThreadLocal@3876bb3e]），值类型为[com.microsoft.sqlserver.jdbc.SQLServerConnection43]（值为[ConnectionID:4 ClientConnectionId: 1bf1f857-6066-4054-bc65-d391509abda8），但在停止web应用程序时未能将其删除。线程将随着时间的推移而更新，以尝试避免可能的内存泄漏
24-May-2026 17:51:13.342 严重 [Thread-1] org.apache.catalina.loader.WebappClassLoaderBase.checkThreadLocalMapForLeaks web应用程序[webapp]创建了一个ThreadLocal，其键类型为[java.lang.ThreadLocal]（值为[java.lang.ThreadLocal@3876bb3e]），值类型为[com.microsoft.sqlserver.jdbc.SQLServerConnection43]（值为[ConnectionID:5 ClientConnectionId: 4aa3deb6-863a-4745-872c-d71b89014f1b），但在停止web应用程序时未能将其删除。线程将随着时间的推移而更新，以尝试避免可能的内存泄漏
24-May-2026 17:51:13.342 严重 [Thread-1] org.apache.catalina.loader.WebappClassLoaderBase.checkThreadLocalMapForLeaks web应用程序[webapp]创建了一个ThreadLocal，其键类型为[java.lang.ThreadLocal]（值为[java.lang.ThreadLocal@3876bb3e]），值类型为[com.microsoft.sqlserver.jdbc.SQLServerConnection43]（值为[ConnectionID:6 ClientConnectionId: 094f1b0f-8a13-4d62-b133-af79d4a8ba54），但在停止web应用程序时未能将其删除。线程将随着时间的推移而更新，以尝试避免可能的内存泄漏
24-May-2026 17:51:13.344 信息 [Thread-1] org.apache.coyote.AbstractProtocol.stop 正在停止ProtocolHandler ["http-nio-8080"]
24-May-2026 17:51:13.346 信息 [Thread-1] org.apache.coyote.AbstractProtocol.destroy 正在销毁协议处理器 ["http-nio-8080"]
24-May-2026 17:51:14.311 信息 [main] org.apache.catalina.startup.VersionLoggerListener.log Server.服务器版本: Apache Tomcat/10.1.52
24-May-2026 17:51:14.314 信息 [main] org.apache.catalina.startup.VersionLoggerListener.log 服务器构建:        Jan 23 2026 19:29:07 UTC
24-May-2026 17:51:14.315 信息 [main] org.apache.catalina.startup.VersionLoggerListener.log 服务器版本号:      10.1.52.0
24-May-2026 17:51:14.315 信息 [main] org.apache.catalina.startup.VersionLoggerListener.log 操作系统名称:      Windows 11
24-May-2026 17:51:14.315 信息 [main] org.apache.catalina.startup.VersionLoggerListener.log OS.版本:           10.0
24-May-2026 17:51:14.315 信息 [main] org.apache.catalina.startup.VersionLoggerListener.log 架构:              amd64
24-May-2026 17:51:14.315 信息 [main] org.apache.catalina.startup.VersionLoggerListener.log Java 环境变量:     C:\Program Files\Java\jdk-21
24-May-2026 17:51:14.315 信息 [main] org.apache.catalina.startup.VersionLoggerListener.log Java虚拟机版本:    21.0.6+8-LTS-188
24-May-2026 17:51:14.316 信息 [main] org.apache.catalina.startup.VersionLoggerListener.log JVM.供应商:        Oracle Corporation
24-May-2026 17:51:14.316 信息 [main] org.apache.catalina.startup.VersionLoggerListener.log CATALINA_BASE:     D:\creat\property-management\src\main\webapp
24-May-2026 17:51:14.316 信息 [main] org.apache.catalina.startup.VersionLoggerListener.log CATALINA_HOME:     D:\apache-tomcat-10.1.52
24-May-2026 17:51:14.323 信息 [main] org.apache.catalina.startup.VersionLoggerListener.log 命令行参数：       --add-opens=java.base/java.lang=ALL-UNNAMED
24-May-2026 17:51:14.323 信息 [main] org.apache.catalina.startup.VersionLoggerListener.log 命令行参数：       --add-opens=java.base/java.io=ALL-UNNAMED
24-May-2026 17:51:14.323 信息 [main] org.apache.catalina.startup.VersionLoggerListener.log 命令行参数：       --add-opens=java.base/java.util=ALL-UNNAMED
24-May-2026 17:51:14.323 信息 [main] org.apache.catalina.startup.VersionLoggerListener.log 命令行参数：       --add-opens=java.base/java.util.concurrent=ALL-UNNAMED
24-May-2026 17:51:14.324 信息 [main] org.apache.catalina.startup.VersionLoggerListener.log 命令行参数：       --add-opens=java.rmi/sun.rmi.transport=ALL-UNNAMED
24-May-2026 17:51:14.324 信息 [main] org.apache.catalina.startup.VersionLoggerListener.log 命令行参数：       -Dcatalina.home=D:\apache-tomcat-10.1.52
24-May-2026 17:51:14.324 信息 [main] org.apache.catalina.startup.VersionLoggerListener.log 命令行参数：       -Dcatalina.base=D:\creat\property-management\src\main\webapp
24-May-2026 17:51:14.324 信息 [main] org.apache.catalina.startup.VersionLoggerListener.log 命令行参数：       -Djava.io.tmpdir=D:\creat\property-management\src\main\webapp\temp
24-May-2026 17:51:14.324 信息 [main] org.apache.catalina.startup.VersionLoggerListener.log 命令行参数：       -Djava.util.logging.config.file=D:\creat\property-management\src\main\webapp\conf\logging.properties
24-May-2026 17:51:14.324 信息 [main] org.apache.catalina.startup.VersionLoggerListener.log 命令行参数：       -Djava.util.logging.manager=org.apache.juli.ClassLoaderLogManager
24-May-2026 17:51:14.325 信息 [main] org.apache.catalina.startup.VersionLoggerListener.log 命令行参数：       -javaagent:C:\Program Files\JetBrains\IntelliJ IDEA Community Edition 2024.3\lib\idea_rt.jar=8123:C:\Program Files\JetBrains\IntelliJ IDEA Community Edition 2024.3\bin
24-May-2026 17:51:14.325 信息 [main] org.apache.catalina.startup.VersionLoggerListener.log 命令行参数：       -Dfile.encoding=UTF-8
24-May-2026 17:51:14.325 信息 [main] org.apache.catalina.startup.VersionLoggerListener.log 命令行参数：       -Dsun.stdout.encoding=UTF-8
24-May-2026 17:51:14.325 信息 [main] org.apache.catalina.startup.VersionLoggerListener.log 命令行参数：       -Dsun.stderr.encoding=UTF-8
24-May-2026 17:51:14.331 信息 [main] org.apache.catalina.core.AprLifecycleListener.lifecycleEvent 在java.library.path:[C:\Program Files\Java\jdk-21\bin;C:\WINDOWS\Sun\Java\bin;C:\WINDOWS\system32;C:\WINDOWS;C:\Program Files (x86)\VMware\VMware Workstation\bin\;$env:PATH;C:\MinGW\bin;C:\Program Files\NVIDIA Corporation\NVIDIA App\NvDLISR;C:\Program Files\dotnet\;C:\Program Files\nodejs\;C:\Program Files\Git LFS;C:\Windows\System32;C:\Windows;C:\Windows\System32\WindowsPowerShell\v1.0;C:\Program Files (x86)\Microsoft SQL Server\170\Tools\Binn\;C:\Program Files\Microsoft SQL Server\170\Tools\Binn\;C:\Program Files\Microsoft SQL Server\Client SDK\ODBC\180\Tools\Binn\;C:\Program Files\Microsoft SQL Server\170\DTS\Binn\;D:\rational rose\common;C:\tools\deepseek;C:\Program Files\GitHub CLI\;C:\Users\links\.mavis\bin;C:\Users\links\AppData\Local\Microsoft\WindowsApps;C:\Users\links\.dotnet\tools;D:\cursor\resources\app\bin;D:\Microsoft VS Code\bin;C:\MinGW\bin;C:\Users\links\AppData\Roaming\npm;C:\Users\links\AppData\Roaming\npm\bin;C:\Program Files\Git\cmd;C:\Program Files\Git\bin;C:\Program Files\Java\jdk-17\bin;C:\Users\links\AppData\Local\Python\bin;.]上找不到基于APR的Apache Tomcat本机库，该库允许在生产环境中获得最佳性能
24-May-2026 17:51:14.507 信息 [main] org.apache.coyote.AbstractProtocol.init 初始化协议处理器 ["http-nio-8080"]
24-May-2026 17:51:14.519 信息 [main] org.apache.catalina.startup.Catalina.load 服务器在[329]毫秒内初始化
24-May-2026 17:51:14.558 信息 [main] org.apache.catalina.core.StandardService.startInternal 正在启动服务[Catalina]
24-May-2026 17:51:14.558 信息 [main] org.apache.catalina.core.StandardEngine.startInternal 正在启动 Servlet 引擎：[Apache Tomcat/10.1.52]
24-May-2026 17:51:14.565 信息 [main] org.apache.catalina.startup.HostConfig.deployDescriptor 正在部署部署描述符[D:\creat\property-management\src\main\webapp\conf\Catalina\localhost\webapp.xml]。
24-May-2026 17:51:15.351 信息 [main] org.apache.jasper.servlet.TldScanner.scanJars 至少有一个JAR被扫描用于TLD但尚未包含TLD。 为此记录器启用调试日志记录，以获取已扫描但未在其中找到TLD的完整JAR列表。 在扫描期间跳过不需要的JAR可以缩短启动时间和JSP编译时间。
24-May-2026 17:51:15.393 警告 [main] org.apache.catalina.filters.FilterBase.init 未为[org.apache.catalina.filters.SetCharacterEncodingFilter]类型的筛选器定义属性[forceEncoding]
24-May-2026 17:51:15.404 信息 [main] org.apache.catalina.startup.HostConfig.deployDescriptor 部署描述符[D:\creat\property-management\src\main\webapp\conf\Catalina\localhost\webapp.xml]的部署已在[837]ms内完成
24-May-2026 17:51:15.406 信息 [main] org.apache.coyote.AbstractProtocol.start 开始协议处理句柄["http-nio-8080"]
24-May-2026 17:51:15.420 信息 [main] org.apache.catalina.startup.Catalina.start [900]毫秒后服务器启动
24-May-2026 17:54:13.911 信息 [Thread-1] org.apache.coyote.AbstractProtocol.pause 暂停ProtocolHandler["http-nio-8080"]
24-May-2026 17:54:13.914 信息 [Thread-1] org.apache.catalina.core.StandardService.stopInternal 正在停止服务[Catalina]
24-May-2026 17:54:13.916 警告 [Thread-1] org.apache.catalina.loader.WebappClassLoaderBase.clearReferencesJdbc Web应用程序 [webapp] 注册了JDBC驱动程序 [com.microsoft.sqlserver.jdbc.SQLServerDriver]，但在Web应用程序停止时无法注销它。 为防止内存泄漏，JDBC驱动程序已被强制取消注册。
24-May-2026 17:54:13.918 严重 [Thread-1] org.apache.catalina.loader.WebappClassLoaderBase.checkThreadLocalMapForLeaks web应用程序[webapp]创建了一个ThreadLocal，其键类型为[java.lang.ThreadLocal]（值为[java.lang.ThreadLocal@6d686184]），值类型为[com.microsoft.sqlserver.jdbc.SQLServerConnection43]（值为[ConnectionID:7 ClientConnectionId: d9f26f02-4d66-4be2-912b-14f4becd1190），但在停止web应用程序时未能将其删除。线程将随着时间的推移而更新，以尝试避免可能的内存泄漏
24-May-2026 17:54:13.918 严重 [Thread-1] org.apache.catalina.loader.WebappClassLoaderBase.checkThreadLocalMapForLeaks web应用程序[webapp]创建了一个ThreadLocal，其键类型为[java.lang.ThreadLocal]（值为[java.lang.ThreadLocal@6d686184]），值类型为[com.microsoft.sqlserver.jdbc.SQLServerConnection43]（值为[ConnectionID:1 ClientConnectionId: 8f7ab872-8f01-4796-89c3-27823db02edb），但在停止web应用程序时未能将其删除。线程将随着时间的推移而更新，以尝试避免可能的内存泄漏
24-May-2026 17:54:13.918 严重 [Thread-1] org.apache.catalina.loader.WebappClassLoaderBase.checkThreadLocalMapForLeaks web应用程序[webapp]创建了一个ThreadLocal，其键类型为[java.lang.ThreadLocal]（值为[java.lang.ThreadLocal@6d686184]），值类型为[com.microsoft.sqlserver.jdbc.SQLServerConnection43]（值为[ConnectionID:2 ClientConnectionId: c4f5b983-1156-403a-9c10-e247fdc38db5），但在停止web应用程序时未能将其删除。线程将随着时间的推移而更新，以尝试避免可能的内存泄漏
24-May-2026 17:54:13.918 严重 [Thread-1] org.apache.catalina.loader.WebappClassLoaderBase.checkThreadLocalMapForLeaks web应用程序[webapp]创建了一个ThreadLocal，其键类型为[java.lang.ThreadLocal]（值为[java.lang.ThreadLocal@6d686184]），值类型为[com.microsoft.sqlserver.jdbc.SQLServerConnection43]（值为[ConnectionID:8 ClientConnectionId: 94bdcf38-e0dc-462c-a52e-5f9857d7919b），但在停止web应用程序时未能将其删除。线程将随着时间的推移而更新，以尝试避免可能的内存泄漏
24-May-2026 17:54:13.918 严重 [Thread-1] org.apache.catalina.loader.WebappClassLoaderBase.checkThreadLocalMapForLeaks web应用程序[webapp]创建了一个ThreadLocal，其键类型为[java.lang.ThreadLocal]（值为[java.lang.ThreadLocal@6d686184]），值类型为[com.microsoft.sqlserver.jdbc.SQLServerConnection43]（值为[ConnectionID:5 ClientConnectionId: dbcfbf89-4b09-420e-9c75-dd18454886a9），但在停止web应用程序时未能将其删除。线程将随着时间的推移而更新，以尝试避免可能的内存泄漏
24-May-2026 17:54:13.918 严重 [Thread-1] org.apache.catalina.loader.WebappClassLoaderBase.checkThreadLocalMapForLeaks web应用程序[webapp]创建了一个ThreadLocal，其键类型为[java.lang.ThreadLocal]（值为[java.lang.ThreadLocal@6d686184]），值类型为[com.microsoft.sqlserver.jdbc.SQLServerConnection43]（值为[ConnectionID:10 ClientConnectionId: d0fe38e7-afe5-4e4a-b2b0-da0474e4c0dd），但在停止web应用程序时未能将其删除。线程将随着时间的推移而更新，以尝试避免可能的内存泄漏
24-May-2026 17:54:13.920 信息 [Thread-1] org.apache.coyote.AbstractProtocol.stop 正在停止ProtocolHandler ["http-nio-8080"]
24-May-2026 17:54:13.922 信息 [Thread-1] org.apache.coyote.AbstractProtocol.destroy 正在销毁协议处理器 ["http-nio-8080"]
24-May-2026 17:54:14.947 信息 [main] org.apache.catalina.startup.VersionLoggerListener.log Server.服务器版本: Apache Tomcat/10.1.52
24-May-2026 17:54:14.950 信息 [main] org.apache.catalina.startup.VersionLoggerListener.log 服务器构建:        Jan 23 2026 19:29:07 UTC
24-May-2026 17:54:14.951 信息 [main] org.apache.catalina.startup.VersionLoggerListener.log 服务器版本号:      10.1.52.0
24-May-2026 17:54:14.951 信息 [main] org.apache.catalina.startup.VersionLoggerListener.log 操作系统名称:      Windows 11
24-May-2026 17:54:14.951 信息 [main] org.apache.catalina.startup.VersionLoggerListener.log OS.版本:           10.0
24-May-2026 17:54:14.951 信息 [main] org.apache.catalina.startup.VersionLoggerListener.log 架构:              amd64
24-May-2026 17:54:14.951 信息 [main] org.apache.catalina.startup.VersionLoggerListener.log Java 环境变量:     C:\Program Files\Java\jdk-21
24-May-2026 17:54:14.952 信息 [main] org.apache.catalina.startup.VersionLoggerListener.log Java虚拟机版本:    21.0.6+8-LTS-188
24-May-2026 17:54:14.952 信息 [main] org.apache.catalina.startup.VersionLoggerListener.log JVM.供应商:        Oracle Corporation
24-May-2026 17:54:14.952 信息 [main] org.apache.catalina.startup.VersionLoggerListener.log CATALINA_BASE:     D:\creat\property-management\src\main\webapp
24-May-2026 17:54:14.952 信息 [main] org.apache.catalina.startup.VersionLoggerListener.log CATALINA_HOME:     D:\apache-tomcat-10.1.52
24-May-2026 17:54:14.963 信息 [main] org.apache.catalina.startup.VersionLoggerListener.log 命令行参数：       --add-opens=java.base/java.lang=ALL-UNNAMED
24-May-2026 17:54:14.963 信息 [main] org.apache.catalina.startup.VersionLoggerListener.log 命令行参数：       --add-opens=java.base/java.io=ALL-UNNAMED
24-May-2026 17:54:14.963 信息 [main] org.apache.catalina.startup.VersionLoggerListener.log 命令行参数：       --add-opens=java.base/java.util=ALL-UNNAMED
24-May-2026 17:54:14.963 信息 [main] org.apache.catalina.startup.VersionLoggerListener.log 命令行参数：       --add-opens=java.base/java.util.concurrent=ALL-UNNAMED
24-May-2026 17:54:14.964 信息 [main] org.apache.catalina.startup.VersionLoggerListener.log 命令行参数：       --add-opens=java.rmi/sun.rmi.transport=ALL-UNNAMED
24-May-2026 17:54:14.964 信息 [main] org.apache.catalina.startup.VersionLoggerListener.log 命令行参数：       -Dcatalina.home=D:\apache-tomcat-10.1.52
24-May-2026 17:54:14.964 信息 [main] org.apache.catalina.startup.VersionLoggerListener.log 命令行参数：       -Dcatalina.base=D:\creat\property-management\src\main\webapp
24-May-2026 17:54:14.964 信息 [main] org.apache.catalina.startup.VersionLoggerListener.log 命令行参数：       -Djava.io.tmpdir=D:\creat\property-management\src\main\webapp\temp
24-May-2026 17:54:14.964 信息 [main] org.apache.catalina.startup.VersionLoggerListener.log 命令行参数：       -Djava.util.logging.config.file=D:\creat\property-management\src\main\webapp\conf\logging.properties
24-May-2026 17:54:14.964 信息 [main] org.apache.catalina.startup.VersionLoggerListener.log 命令行参数：       -Djava.util.logging.manager=org.apache.juli.ClassLoaderLogManager
24-May-2026 17:54:14.964 信息 [main] org.apache.catalina.startup.VersionLoggerListener.log 命令行参数：       -javaagent:C:\Program Files\JetBrains\IntelliJ IDEA Community Edition 2024.3\lib\idea_rt.jar=2713:C:\Program Files\JetBrains\IntelliJ IDEA Community Edition 2024.3\bin
24-May-2026 17:54:14.966 信息 [main] org.apache.catalina.startup.VersionLoggerListener.log 命令行参数：       -Dfile.encoding=UTF-8
24-May-2026 17:54:14.966 信息 [main] org.apache.catalina.startup.VersionLoggerListener.log 命令行参数：       -Dsun.stdout.encoding=UTF-8
24-May-2026 17:54:14.966 信息 [main] org.apache.catalina.startup.VersionLoggerListener.log 命令行参数：       -Dsun.stderr.encoding=UTF-8
24-May-2026 17:54:14.972 信息 [main] org.apache.catalina.core.AprLifecycleListener.lifecycleEvent 在java.library.path:[C:\Program Files\Java\jdk-21\bin;C:\WINDOWS\Sun\Java\bin;C:\WINDOWS\system32;C:\WINDOWS;C:\Program Files (x86)\VMware\VMware Workstation\bin\;$env:PATH;C:\MinGW\bin;C:\Program Files\NVIDIA Corporation\NVIDIA App\NvDLISR;C:\Program Files\dotnet\;C:\Program Files\nodejs\;C:\Program Files\Git LFS;C:\Windows\System32;C:\Windows;C:\Windows\System32\WindowsPowerShell\v1.0;C:\Program Files (x86)\Microsoft SQL Server\170\Tools\Binn\;C:\Program Files\Microsoft SQL Server\170\Tools\Binn\;C:\Program Files\Microsoft SQL Server\Client SDK\ODBC\180\Tools\Binn\;C:\Program Files\Microsoft SQL Server\170\DTS\Binn\;D:\rational rose\common;C:\tools\deepseek;C:\Program Files\GitHub CLI\;C:\Users\links\.mavis\bin;C:\Users\links\AppData\Local\Microsoft\WindowsApps;C:\Users\links\.dotnet\tools;D:\cursor\resources\app\bin;D:\Microsoft VS Code\bin;C:\MinGW\bin;C:\Users\links\AppData\Roaming\npm;C:\Users\links\AppData\Roaming\npm\bin;C:\Program Files\Git\cmd;C:\Program Files\Git\bin;C:\Program Files\Java\jdk-17\bin;C:\Users\links\AppData\Local\Python\bin;.]上找不到基于APR的Apache Tomcat本机库，该库允许在生产环境中获得最佳性能
24-May-2026 17:54:15.135 信息 [main] org.apache.coyote.AbstractProtocol.init 初始化协议处理器 ["http-nio-8080"]
24-May-2026 17:54:15.148 信息 [main] org.apache.catalina.startup.Catalina.load 服务器在[327]毫秒内初始化
24-May-2026 17:54:15.190 信息 [main] org.apache.catalina.core.StandardService.startInternal 正在启动服务[Catalina]
24-May-2026 17:54:15.190 信息 [main] org.apache.catalina.core.StandardEngine.startInternal 正在启动 Servlet 引擎：[Apache Tomcat/10.1.52]
24-May-2026 17:54:15.196 信息 [main] org.apache.catalina.startup.HostConfig.deployDescriptor 正在部署部署描述符[D:\creat\property-management\src\main\webapp\conf\Catalina\localhost\webapp.xml]。
24-May-2026 17:54:15.896 信息 [main] org.apache.jasper.servlet.TldScanner.scanJars 至少有一个JAR被扫描用于TLD但尚未包含TLD。 为此记录器启用调试日志记录，以获取已扫描但未在其中找到TLD的完整JAR列表。 在扫描期间跳过不需要的JAR可以缩短启动时间和JSP编译时间。
24-May-2026 17:54:15.945 警告 [main] org.apache.catalina.filters.FilterBase.init 未为[org.apache.catalina.filters.SetCharacterEncodingFilter]类型的筛选器定义属性[forceEncoding]
24-May-2026 17:54:15.958 信息 [main] org.apache.catalina.startup.HostConfig.deployDescriptor 部署描述符[D:\creat\property-management\src\main\webapp\conf\Catalina\localhost\webapp.xml]的部署已在[758]ms内完成
24-May-2026 17:54:15.960 信息 [main] org.apache.coyote.AbstractProtocol.start 开始协议处理句柄["http-nio-8080"]
24-May-2026 17:54:15.975 信息 [main] org.apache.catalina.startup.Catalina.start [825]毫秒后服务器启动
24-May-2026 17:55:06.524 信息 [Thread-1] org.apache.coyote.AbstractProtocol.pause 暂停ProtocolHandler["http-nio-8080"]
24-May-2026 17:55:06.526 信息 [Thread-1] org.apache.catalina.core.StandardService.stopInternal 正在停止服务[Catalina]
24-May-2026 17:55:06.528 警告 [Thread-1] org.apache.catalina.loader.WebappClassLoaderBase.clearReferencesJdbc Web应用程序 [webapp] 注册了JDBC驱动程序 [com.microsoft.sqlserver.jdbc.SQLServerDriver]，但在Web应用程序停止时无法注销它。 为防止内存泄漏，JDBC驱动程序已被强制取消注册。
24-May-2026 17:55:06.529 严重 [Thread-1] org.apache.catalina.loader.WebappClassLoaderBase.checkThreadLocalMapForLeaks web应用程序[webapp]创建了一个ThreadLocal，其键类型为[java.lang.ThreadLocal]（值为[java.lang.ThreadLocal@72e9ff8]），值类型为[com.microsoft.sqlserver.jdbc.SQLServerConnection43]（值为[ConnectionID:19 ClientConnectionId: 555f1f86-2e0e-4f64-b574-8ee56cb12195），但在停止web应用程序时未能将其删除。线程将随着时间的推移而更新，以尝试避免可能的内存泄漏
24-May-2026 17:55:06.529 严重 [Thread-1] org.apache.catalina.loader.WebappClassLoaderBase.checkThreadLocalMapForLeaks web应用程序[webapp]创建了一个ThreadLocal，其键类型为[java.lang.ThreadLocal]（值为[java.lang.ThreadLocal@72e9ff8]），值类型为[com.microsoft.sqlserver.jdbc.SQLServerConnection43]（值为[ConnectionID:21 ClientConnectionId: 2ee02e82-cc6c-468b-8e8d-b5223121104e），但在停止web应用程序时未能将其删除。线程将随着时间的推移而更新，以尝试避免可能的内存泄漏
24-May-2026 17:55:06.529 严重 [Thread-1] org.apache.catalina.loader.WebappClassLoaderBase.checkThreadLocalMapForLeaks web应用程序[webapp]创建了一个ThreadLocal，其键类型为[java.lang.ThreadLocal]（值为[java.lang.ThreadLocal@72e9ff8]），值类型为[com.microsoft.sqlserver.jdbc.SQLServerConnection43]（值为[ConnectionID:22 ClientConnectionId: 667b3091-3abf-43e3-be74-0a734d75d6c9），但在停止web应用程序时未能将其删除。线程将随着时间的推移而更新，以尝试避免可能的内存泄漏
24-May-2026 17:55:06.530 严重 [Thread-1] org.apache.catalina.loader.WebappClassLoaderBase.checkThreadLocalMapForLeaks web应用程序[webapp]创建了一个ThreadLocal，其键类型为[java.lang.ThreadLocal]（值为[java.lang.ThreadLocal@72e9ff8]），值类型为[com.microsoft.sqlserver.jdbc.SQLServerConnection43]（值为[ConnectionID:12 ClientConnectionId: dbe562c2-b610-41d9-9c5c-52e71255a351），但在停止web应用程序时未能将其删除。线程将随着时间的推移而更新，以尝试避免可能的内存泄漏
24-May-2026 17:55:06.530 严重 [Thread-1] org.apache.catalina.loader.WebappClassLoaderBase.checkThreadLocalMapForLeaks web应用程序[webapp]创建了一个ThreadLocal，其键类型为[java.lang.ThreadLocal]（值为[java.lang.ThreadLocal@72e9ff8]），值类型为[com.microsoft.sqlserver.jdbc.SQLServerConnection43]（值为[ConnectionID:1 ClientConnectionId: 2568dcc8-e90e-4800-859c-9f37e42236f8），但在停止web应用程序时未能将其删除。线程将随着时间的推移而更新，以尝试避免可能的内存泄漏
24-May-2026 17:55:06.530 严重 [Thread-1] org.apache.catalina.loader.WebappClassLoaderBase.checkThreadLocalMapForLeaks web应用程序[webapp]创建了一个ThreadLocal，其键类型为[java.lang.ThreadLocal]（值为[java.lang.ThreadLocal@72e9ff8]），值类型为[com.microsoft.sqlserver.jdbc.SQLServerConnection43]（值为[ConnectionID:2 ClientConnectionId: e89f42c7-b8e4-4dc5-a4eb-df29782a1754），但在停止web应用程序时未能将其删除。线程将随着时间的推移而更新，以尝试避免可能的内存泄漏
24-May-2026 17:55:06.530 严重 [Thread-1] org.apache.catalina.loader.WebappClassLoaderBase.checkThreadLocalMapForLeaks web应用程序[webapp]创建了一个ThreadLocal，其键类型为[java.lang.ThreadLocal]（值为[java.lang.ThreadLocal@72e9ff8]），值类型为[com.microsoft.sqlserver.jdbc.SQLServerConnection43]（值为[ConnectionID:18 ClientConnectionId: 95da8c00-9a4a-4123-b281-e16b9b2c7a3c），但在停止web应用程序时未能将其删除。线程将随着时间的推移而更新，以尝试避免可能的内存泄漏
24-May-2026 17:55:06.530 严重 [Thread-1] org.apache.catalina.loader.WebappClassLoaderBase.checkThreadLocalMapForLeaks web应用程序[webapp]创建了一个ThreadLocal，其键类型为[java.lang.ThreadLocal]（值为[java.lang.ThreadLocal@72e9ff8]），值类型为[com.microsoft.sqlserver.jdbc.SQLServerConnection43]（值为[ConnectionID:13 ClientConnectionId: f9efc71f-0f23-42f7-bf4e-6ccebe641470），但在停止web应用程序时未能将其删除。线程将随着时间的推移而更新，以尝试避免可能的内存泄漏
24-May-2026 17:55:06.531 严重 [Thread-1] org.apache.catalina.loader.WebappClassLoaderBase.checkThreadLocalMapForLeaks web应用程序[webapp]创建了一个ThreadLocal，其键类型为[java.lang.ThreadLocal]（值为[java.lang.ThreadLocal@72e9ff8]），值类型为[com.microsoft.sqlserver.jdbc.SQLServerConnection43]（值为[ConnectionID:14 ClientConnectionId: 94658b72-df8e-4598-b956-826b5996ecaf），但在停止web应用程序时未能将其删除。线程将随着时间的推移而更新，以尝试避免可能的内存泄漏
24-May-2026 17:55:06.531 严重 [Thread-1] org.apache.catalina.loader.WebappClassLoaderBase.checkThreadLocalMapForLeaks web应用程序[webapp]创建了一个ThreadLocal，其键类型为[java.lang.ThreadLocal]（值为[java.lang.ThreadLocal@72e9ff8]），值类型为[com.microsoft.sqlserver.jdbc.SQLServerConnection43]（值为[ConnectionID:16 ClientConnectionId: 8be52b4c-d849-4f70-b05a-15fef46f409c），但在停止web应用程序时未能将其删除。线程将随着时间的推移而更新，以尝试避免可能的内存泄漏
24-May-2026 17:55:06.532 信息 [Thread-1] org.apache.coyote.AbstractProtocol.stop 正在停止ProtocolHandler ["http-nio-8080"]
24-May-2026 17:55:06.536 信息 [Thread-1] org.apache.coyote.AbstractProtocol.destroy 正在销毁协议处理器 ["http-nio-8080"]
24-May-2026 17:56:23.107 信息 [main] org.apache.catalina.startup.VersionLoggerListener.log Server.服务器版本: Apache Tomcat/10.1.52
24-May-2026 17:56:23.110 信息 [main] org.apache.catalina.startup.VersionLoggerListener.log 服务器构建:        Jan 23 2026 19:29:07 UTC
24-May-2026 17:56:23.110 信息 [main] org.apache.catalina.startup.VersionLoggerListener.log 服务器版本号:      10.1.52.0
24-May-2026 17:56:23.110 信息 [main] org.apache.catalina.startup.VersionLoggerListener.log 操作系统名称:      Windows 11
24-May-2026 17:56:23.111 信息 [main] org.apache.catalina.startup.VersionLoggerListener.log OS.版本:           10.0
24-May-2026 17:56:23.111 信息 [main] org.apache.catalina.startup.VersionLoggerListener.log 架构:              amd64
24-May-2026 17:56:23.111 信息 [main] org.apache.catalina.startup.VersionLoggerListener.log Java 环境变量:     C:\Program Files\Java\jdk-21
24-May-2026 17:56:23.111 信息 [main] org.apache.catalina.startup.VersionLoggerListener.log Java虚拟机版本:    21.0.6+8-LTS-188
24-May-2026 17:56:23.111 信息 [main] org.apache.catalina.startup.VersionLoggerListener.log JVM.供应商:        Oracle Corporation
24-May-2026 17:56:23.111 信息 [main] org.apache.catalina.startup.VersionLoggerListener.log CATALINA_BASE:     D:\creat\property-management\src\main\webapp
24-May-2026 17:56:23.111 信息 [main] org.apache.catalina.startup.VersionLoggerListener.log CATALINA_HOME:     D:\apache-tomcat-10.1.52
24-May-2026 17:56:23.117 信息 [main] org.apache.catalina.startup.VersionLoggerListener.log 命令行参数：       --add-opens=java.base/java.lang=ALL-UNNAMED
24-May-2026 17:56:23.117 信息 [main] org.apache.catalina.startup.VersionLoggerListener.log 命令行参数：       --add-opens=java.base/java.io=ALL-UNNAMED
24-May-2026 17:56:23.117 信息 [main] org.apache.catalina.startup.VersionLoggerListener.log 命令行参数：       --add-opens=java.base/java.util=ALL-UNNAMED
24-May-2026 17:56:23.117 信息 [main] org.apache.catalina.startup.VersionLoggerListener.log 命令行参数：       --add-opens=java.base/java.util.concurrent=ALL-UNNAMED
24-May-2026 17:56:23.118 信息 [main] org.apache.catalina.startup.VersionLoggerListener.log 命令行参数：       --add-opens=java.rmi/sun.rmi.transport=ALL-UNNAMED
24-May-2026 17:56:23.118 信息 [main] org.apache.catalina.startup.VersionLoggerListener.log 命令行参数：       -Dcatalina.home=D:\apache-tomcat-10.1.52
24-May-2026 17:56:23.118 信息 [main] org.apache.catalina.startup.VersionLoggerListener.log 命令行参数：       -Dcatalina.base=D:\creat\property-management\src\main\webapp
24-May-2026 17:56:23.119 信息 [main] org.apache.catalina.startup.VersionLoggerListener.log 命令行参数：       -Djava.io.tmpdir=D:\creat\property-management\src\main\webapp\temp
24-May-2026 17:56:23.119 信息 [main] org.apache.catalina.startup.VersionLoggerListener.log 命令行参数：       -Djava.util.logging.config.file=D:\creat\property-management\src\main\webapp\conf\logging.properties
24-May-2026 17:56:23.119 信息 [main] org.apache.catalina.startup.VersionLoggerListener.log 命令行参数：       -Djava.util.logging.manager=org.apache.juli.ClassLoaderLogManager
24-May-2026 17:56:23.119 信息 [main] org.apache.catalina.startup.VersionLoggerListener.log 命令行参数：       -javaagent:C:\Program Files\JetBrains\IntelliJ IDEA Community Edition 2024.3\lib\idea_rt.jar=6863:C:\Program Files\JetBrains\IntelliJ IDEA Community Edition 2024.3\bin
24-May-2026 17:56:23.119 信息 [main] org.apache.catalina.startup.VersionLoggerListener.log 命令行参数：       -Dfile.encoding=UTF-8
24-May-2026 17:56:23.119 信息 [main] org.apache.catalina.startup.VersionLoggerListener.log 命令行参数：       -Dsun.stdout.encoding=UTF-8
24-May-2026 17:56:23.119 信息 [main] org.apache.catalina.startup.VersionLoggerListener.log 命令行参数：       -Dsun.stderr.encoding=UTF-8
24-May-2026 17:56:23.126 信息 [main] org.apache.catalina.core.AprLifecycleListener.lifecycleEvent 在java.library.path:[C:\Program Files\Java\jdk-21\bin;C:\WINDOWS\Sun\Java\bin;C:\WINDOWS\system32;C:\WINDOWS;C:\Program Files (x86)\VMware\VMware Workstation\bin\;$env:PATH;C:\MinGW\bin;C:\Program Files\NVIDIA Corporation\NVIDIA App\NvDLISR;C:\Program Files\dotnet\;C:\Program Files\nodejs\;C:\Program Files\Git LFS;C:\Windows\System32;C:\Windows;C:\Windows\System32\WindowsPowerShell\v1.0;C:\Program Files (x86)\Microsoft SQL Server\170\Tools\Binn\;C:\Program Files\Microsoft SQL Server\170\Tools\Binn\;C:\Program Files\Microsoft SQL Server\Client SDK\ODBC\180\Tools\Binn\;C:\Program Files\Microsoft SQL Server\170\DTS\Binn\;D:\rational rose\common;C:\tools\deepseek;C:\Program Files\GitHub CLI\;C:\Users\links\.mavis\bin;C:\Users\links\AppData\Local\Microsoft\WindowsApps;C:\Users\links\.dotnet\tools;D:\cursor\resources\app\bin;D:\Microsoft VS Code\bin;C:\MinGW\bin;C:\Users\links\AppData\Roaming\npm;C:\Users\links\AppData\Roaming\npm\bin;C:\Program Files\Git\cmd;C:\Program Files\Git\bin;C:\Program Files\Java\jdk-17\bin;C:\Users\links\AppData\Local\Python\bin;.]上找不到基于APR的Apache Tomcat本机库，该库允许在生产环境中获得最佳性能
24-May-2026 17:56:23.276 信息 [main] org.apache.coyote.AbstractProtocol.init 初始化协议处理器 ["http-nio-8080"]
24-May-2026 17:56:23.285 信息 [main] org.apache.catalina.startup.Catalina.load 服务器在[294]毫秒内初始化
24-May-2026 17:56:23.321 信息 [main] org.apache.catalina.core.StandardService.startInternal 正在启动服务[Catalina]
24-May-2026 17:56:23.321 信息 [main] org.apache.catalina.core.StandardEngine.startInternal 正在启动 Servlet 引擎：[Apache Tomcat/10.1.52]
24-May-2026 17:56:23.328 信息 [main] org.apache.catalina.startup.HostConfig.deployDescriptor 正在部署部署描述符[D:\creat\property-management\src\main\webapp\conf\Catalina\localhost\webapp.xml]。
24-May-2026 17:56:23.999 信息 [main] org.apache.jasper.servlet.TldScanner.scanJars 至少有一个JAR被扫描用于TLD但尚未包含TLD。 为此记录器启用调试日志记录，以获取已扫描但未在其中找到TLD的完整JAR列表。 在扫描期间跳过不需要的JAR可以缩短启动时间和JSP编译时间。
24-May-2026 17:56:24.046 警告 [main] org.apache.catalina.filters.FilterBase.init 未为[org.apache.catalina.filters.SetCharacterEncodingFilter]类型的筛选器定义属性[forceEncoding]
24-May-2026 17:56:24.056 信息 [main] org.apache.catalina.startup.HostConfig.deployDescriptor 部署描述符[D:\creat\property-management\src\main\webapp\conf\Catalina\localhost\webapp.xml]的部署已在[724]ms内完成
24-May-2026 17:56:24.057 信息 [main] org.apache.coyote.AbstractProtocol.start 开始协议处理句柄["http-nio-8080"]
24-May-2026 17:56:24.072 信息 [main] org.apache.catalina.startup.Catalina.start [785]毫秒后服务器启动
24-May-2026 18:05:11.615 信息 [Thread-1] org.apache.coyote.AbstractProtocol.pause 暂停ProtocolHandler["http-nio-8080"]
24-May-2026 18:05:11.617 信息 [Thread-1] org.apache.catalina.core.StandardService.stopInternal 正在停止服务[Catalina]
24-May-2026 18:05:11.621 警告 [Thread-1] org.apache.catalina.loader.WebappClassLoaderBase.clearReferencesJdbc Web应用程序 [webapp] 注册了JDBC驱动程序 [com.microsoft.sqlserver.jdbc.SQLServerDriver]，但在Web应用程序停止时无法注销它。 为防止内存泄漏，JDBC驱动程序已被强制取消注册。
24-May-2026 18:05:11.622 严重 [Thread-1] org.apache.catalina.loader.WebappClassLoaderBase.checkThreadLocalMapForLeaks web应用程序[webapp]创建了一个ThreadLocal，其键类型为[java.lang.ThreadLocal]（值为[java.lang.ThreadLocal@33cf2efe]），值类型为[com.microsoft.sqlserver.jdbc.SQLServerConnection43]（值为[ConnectionID:10 ClientConnectionId: ac4f4ee0-fb8a-4472-aeb7-1edf82dbb6e8），但在停止web应用程序时未能将其删除。线程将随着时间的推移而更新，以尝试避免可能的内存泄漏
24-May-2026 18:05:11.622 严重 [Thread-1] org.apache.catalina.loader.WebappClassLoaderBase.checkThreadLocalMapForLeaks web应用程序[webapp]创建了一个ThreadLocal，其键类型为[java.lang.ThreadLocal]（值为[java.lang.ThreadLocal@33cf2efe]），值类型为[com.microsoft.sqlserver.jdbc.SQLServerConnection43]（值为[ConnectionID:11 ClientConnectionId: bef0c140-d377-46e8-bc40-9b13a609ce21），但在停止web应用程序时未能将其删除。线程将随着时间的推移而更新，以尝试避免可能的内存泄漏
24-May-2026 18:05:11.622 严重 [Thread-1] org.apache.catalina.loader.WebappClassLoaderBase.checkThreadLocalMapForLeaks web应用程序[webapp]创建了一个ThreadLocal，其键类型为[java.lang.ThreadLocal]（值为[java.lang.ThreadLocal@33cf2efe]），值类型为[com.microsoft.sqlserver.jdbc.SQLServerConnection43]（值为[ConnectionID:1 ClientConnectionId: 79dd4e15-4c85-44a5-8545-20124aa514a5），但在停止web应用程序时未能将其删除。线程将随着时间的推移而更新，以尝试避免可能的内存泄漏
24-May-2026 18:05:11.622 严重 [Thread-1] org.apache.catalina.loader.WebappClassLoaderBase.checkThreadLocalMapForLeaks web应用程序[webapp]创建了一个ThreadLocal，其键类型为[java.lang.ThreadLocal]（值为[java.lang.ThreadLocal@33cf2efe]），值类型为[com.microsoft.sqlserver.jdbc.SQLServerConnection43]（值为[ConnectionID:13 ClientConnectionId: e4f9a390-911e-4b5a-81d2-9d784e33fc3e），但在停止web应用程序时未能将其删除。线程将随着时间的推移而更新，以尝试避免可能的内存泄漏
24-May-2026 18:05:11.622 严重 [Thread-1] org.apache.catalina.loader.WebappClassLoaderBase.checkThreadLocalMapForLeaks web应用程序[webapp]创建了一个ThreadLocal，其键类型为[java.lang.ThreadLocal]（值为[java.lang.ThreadLocal@33cf2efe]），值类型为[com.microsoft.sqlserver.jdbc.SQLServerConnection43]（值为[ConnectionID:6 ClientConnectionId: c5b826cc-15ff-4b36-899e-053fc98e11b0），但在停止web应用程序时未能将其删除。线程将随着时间的推移而更新，以尝试避免可能的内存泄漏
24-May-2026 18:05:11.622 严重 [Thread-1] org.apache.catalina.loader.WebappClassLoaderBase.checkThreadLocalMapForLeaks web应用程序[webapp]创建了一个ThreadLocal，其键类型为[java.lang.ThreadLocal]（值为[java.lang.ThreadLocal@33cf2efe]），值类型为[com.microsoft.sqlserver.jdbc.SQLServerConnection43]（值为[ConnectionID:4 ClientConnectionId: a5ff04ae-fd2f-4fd4-95d4-8338f994de80），但在停止web应用程序时未能将其删除。线程将随着时间的推移而更新，以尝试避免可能的内存泄漏
24-May-2026 18:05:11.623 严重 [Thread-1] org.apache.catalina.loader.WebappClassLoaderBase.checkThreadLocalMapForLeaks web应用程序[webapp]创建了一个ThreadLocal，其键类型为[java.lang.ThreadLocal]（值为[java.lang.ThreadLocal@33cf2efe]），值类型为[com.microsoft.sqlserver.jdbc.SQLServerConnection43]（值为[ConnectionID:5 ClientConnectionId: bbdf2f48-2541-4cd6-8f3a-79d71f11c56d），但在停止web应用程序时未能将其删除。线程将随着时间的推移而更新，以尝试避免可能的内存泄漏
24-May-2026 18:05:11.623 严重 [Thread-1] org.apache.catalina.loader.WebappClassLoaderBase.checkThreadLocalMapForLeaks web应用程序[webapp]创建了一个ThreadLocal，其键类型为[java.lang.ThreadLocal]（值为[java.lang.ThreadLocal@33cf2efe]），值类型为[com.microsoft.sqlserver.jdbc.SQLServerConnection43]（值为[ConnectionID:8 ClientConnectionId: b9a01aef-40bf-4683-a904-4f462150a639），但在停止web应用程序时未能将其删除。线程将随着时间的推移而更新，以尝试避免可能的内存泄漏
24-May-2026 18:05:11.624 信息 [Thread-1] org.apache.coyote.AbstractProtocol.stop 正在停止ProtocolHandler ["http-nio-8080"]
24-May-2026 18:05:11.628 信息 [Thread-1] org.apache.coyote.AbstractProtocol.destroy 正在销毁协议处理器 ["http-nio-8080"]
24-May-2026 18:06:02.422 信息 [main] org.apache.catalina.startup.VersionLoggerListener.log Server.服务器版本: Apache Tomcat/10.1.52
24-May-2026 18:06:02.425 信息 [main] org.apache.catalina.startup.VersionLoggerListener.log 服务器构建:        Jan 23 2026 19:29:07 UTC
24-May-2026 18:06:02.425 信息 [main] org.apache.catalina.startup.VersionLoggerListener.log 服务器版本号:      10.1.52.0
24-May-2026 18:06:02.425 信息 [main] org.apache.catalina.startup.VersionLoggerListener.log 操作系统名称:      Windows 11
24-May-2026 18:06:02.425 信息 [main] org.apache.catalina.startup.VersionLoggerListener.log OS.版本:           10.0
24-May-2026 18:06:02.426 信息 [main] org.apache.catalina.startup.VersionLoggerListener.log 架构:              amd64
24-May-2026 18:06:02.426 信息 [main] org.apache.catalina.startup.VersionLoggerListener.log Java 环境变量:     C:\Program Files\Java\jdk-21
24-May-2026 18:06:02.426 信息 [main] org.apache.catalina.startup.VersionLoggerListener.log Java虚拟机版本:    21.0.6+8-LTS-188
24-May-2026 18:06:02.426 信息 [main] org.apache.catalina.startup.VersionLoggerListener.log JVM.供应商:        Oracle Corporation
24-May-2026 18:06:02.426 信息 [main] org.apache.catalina.startup.VersionLoggerListener.log CATALINA_BASE:     D:\creat\property-management\src\main\webapp
24-May-2026 18:06:02.426 信息 [main] org.apache.catalina.startup.VersionLoggerListener.log CATALINA_HOME:     D:\apache-tomcat-10.1.52
24-May-2026 18:06:02.432 信息 [main] org.apache.catalina.startup.VersionLoggerListener.log 命令行参数：       --add-opens=java.base/java.lang=ALL-UNNAMED
24-May-2026 18:06:02.432 信息 [main] org.apache.catalina.startup.VersionLoggerListener.log 命令行参数：       --add-opens=java.base/java.io=ALL-UNNAMED
24-May-2026 18:06:02.432 信息 [main] org.apache.catalina.startup.VersionLoggerListener.log 命令行参数：       --add-opens=java.base/java.util=ALL-UNNAMED
24-May-2026 18:06:02.432 信息 [main] org.apache.catalina.startup.VersionLoggerListener.log 命令行参数：       --add-opens=java.base/java.util.concurrent=ALL-UNNAMED
24-May-2026 18:06:02.432 信息 [main] org.apache.catalina.startup.VersionLoggerListener.log 命令行参数：       --add-opens=java.rmi/sun.rmi.transport=ALL-UNNAMED
24-May-2026 18:06:02.432 信息 [main] org.apache.catalina.startup.VersionLoggerListener.log 命令行参数：       -Dcatalina.home=D:\apache-tomcat-10.1.52
24-May-2026 18:06:02.433 信息 [main] org.apache.catalina.startup.VersionLoggerListener.log 命令行参数：       -Dcatalina.base=D:\creat\property-management\src\main\webapp
24-May-2026 18:06:02.433 信息 [main] org.apache.catalina.startup.VersionLoggerListener.log 命令行参数：       -Djava.io.tmpdir=D:\creat\property-management\src\main\webapp\temp
24-May-2026 18:06:02.433 信息 [main] org.apache.catalina.startup.VersionLoggerListener.log 命令行参数：       -Djava.util.logging.config.file=D:\creat\property-management\src\main\webapp\conf\logging.properties
24-May-2026 18:06:02.433 信息 [main] org.apache.catalina.startup.VersionLoggerListener.log 命令行参数：       -Djava.util.logging.manager=org.apache.juli.ClassLoaderLogManager
24-May-2026 18:06:02.433 信息 [main] org.apache.catalina.startup.VersionLoggerListener.log 命令行参数：       -javaagent:C:\Program Files\JetBrains\IntelliJ IDEA Community Edition 2024.3\lib\idea_rt.jar=3160:C:\Program Files\JetBrains\IntelliJ IDEA Community Edition 2024.3\bin
24-May-2026 18:06:02.433 信息 [main] org.apache.catalina.startup.VersionLoggerListener.log 命令行参数：       -Dfile.encoding=UTF-8
24-May-2026 18:06:02.433 信息 [main] org.apache.catalina.startup.VersionLoggerListener.log 命令行参数：       -Dsun.stdout.encoding=UTF-8
24-May-2026 18:06:02.434 信息 [main] org.apache.catalina.startup.VersionLoggerListener.log 命令行参数：       -Dsun.stderr.encoding=UTF-8
24-May-2026 18:06:02.439 信息 [main] org.apache.catalina.core.AprLifecycleListener.lifecycleEvent 在java.library.path:[C:\Program Files\Java\jdk-21\bin;C:\WINDOWS\Sun\Java\bin;C:\WINDOWS\system32;C:\WINDOWS;C:\Program Files (x86)\VMware\VMware Workstation\bin\;$env:PATH;C:\MinGW\bin;C:\Program Files\NVIDIA Corporation\NVIDIA App\NvDLISR;C:\Program Files\dotnet\;C:\Program Files\nodejs\;C:\Program Files\Git LFS;C:\Windows\System32;C:\Windows;C:\Windows\System32\WindowsPowerShell\v1.0;C:\Program Files (x86)\Microsoft SQL Server\170\Tools\Binn\;C:\Program Files\Microsoft SQL Server\170\Tools\Binn\;C:\Program Files\Microsoft SQL Server\Client SDK\ODBC\180\Tools\Binn\;C:\Program Files\Microsoft SQL Server\170\DTS\Binn\;D:\rational rose\common;C:\tools\deepseek;C:\Program Files\GitHub CLI\;C:\Users\links\.mavis\bin;C:\Users\links\AppData\Local\Microsoft\WindowsApps;C:\Users\links\.dotnet\tools;D:\cursor\resources\app\bin;D:\Microsoft VS Code\bin;C:\MinGW\bin;C:\Users\links\AppData\Roaming\npm;C:\Users\links\AppData\Roaming\npm\bin;C:\Program Files\Git\cmd;C:\Program Files\Git\bin;C:\Program Files\Java\jdk-17\bin;C:\Users\links\AppData\Local\Python\bin;.]上找不到基于APR的Apache Tomcat本机库，该库允许在生产环境中获得最佳性能
24-May-2026 18:06:02.589 信息 [main] org.apache.coyote.AbstractProtocol.init 初始化协议处理器 ["http-nio-8080"]
24-May-2026 18:06:02.599 信息 [main] org.apache.catalina.startup.Catalina.load 服务器在[311]毫秒内初始化
24-May-2026 18:06:02.646 信息 [main] org.apache.catalina.core.StandardService.startInternal 正在启动服务[Catalina]
24-May-2026 18:06:02.646 信息 [main] org.apache.catalina.core.StandardEngine.startInternal 正在启动 Servlet 引擎：[Apache Tomcat/10.1.52]
24-May-2026 18:06:02.653 信息 [main] org.apache.catalina.startup.HostConfig.deployDescriptor 正在部署部署描述符[D:\creat\property-management\src\main\webapp\conf\Catalina\localhost\webapp.xml]。
24-May-2026 18:06:03.334 信息 [main] org.apache.jasper.servlet.TldScanner.scanJars 至少有一个JAR被扫描用于TLD但尚未包含TLD。 为此记录器启用调试日志记录，以获取已扫描但未在其中找到TLD的完整JAR列表。 在扫描期间跳过不需要的JAR可以缩短启动时间和JSP编译时间。
24-May-2026 18:06:03.379 警告 [main] org.apache.catalina.filters.FilterBase.init 未为[org.apache.catalina.filters.SetCharacterEncodingFilter]类型的筛选器定义属性[forceEncoding]
24-May-2026 18:06:03.389 信息 [main] org.apache.catalina.startup.HostConfig.deployDescriptor 部署描述符[D:\creat\property-management\src\main\webapp\conf\Catalina\localhost\webapp.xml]的部署已在[735]ms内完成
24-May-2026 18:06:03.392 信息 [main] org.apache.coyote.AbstractProtocol.start 开始协议处理句柄["http-nio-8080"]
24-May-2026 18:06:03.407 信息 [main] org.apache.catalina.startup.Catalina.start [807]毫秒后服务器启动
24-May-2026 18:08:53.195 信息 [Thread-1] org.apache.coyote.AbstractProtocol.pause 暂停ProtocolHandler["http-nio-8080"]
24-May-2026 18:08:53.199 信息 [Thread-1] org.apache.catalina.core.StandardService.stopInternal 正在停止服务[Catalina]
24-May-2026 18:08:53.201 警告 [Thread-1] org.apache.catalina.loader.WebappClassLoaderBase.clearReferencesJdbc Web应用程序 [webapp] 注册了JDBC驱动程序 [com.microsoft.sqlserver.jdbc.SQLServerDriver]，但在Web应用程序停止时无法注销它。 为防止内存泄漏，JDBC驱动程序已被强制取消注册。
24-May-2026 18:08:53.203 严重 [Thread-1] org.apache.catalina.loader.WebappClassLoaderBase.checkThreadLocalMapForLeaks web应用程序[webapp]创建了一个ThreadLocal，其键类型为[java.lang.ThreadLocal]（值为[java.lang.ThreadLocal@3317247d]），值类型为[com.microsoft.sqlserver.jdbc.SQLServerConnection43]（值为[ConnectionID:6 ClientConnectionId: 6f5e45c5-9522-4f8e-b68f-48c710d48261），但在停止web应用程序时未能将其删除。线程将随着时间的推移而更新，以尝试避免可能的内存泄漏
24-May-2026 18:08:53.203 严重 [Thread-1] org.apache.catalina.loader.WebappClassLoaderBase.checkThreadLocalMapForLeaks web应用程序[webapp]创建了一个ThreadLocal，其键类型为[java.lang.ThreadLocal]（值为[java.lang.ThreadLocal@3317247d]），值类型为[com.microsoft.sqlserver.jdbc.SQLServerConnection43]（值为[ConnectionID:7 ClientConnectionId: 233c1106-cdcc-46fb-b1a5-5126a65ebf0c），但在停止web应用程序时未能将其删除。线程将随着时间的推移而更新，以尝试避免可能的内存泄漏
24-May-2026 18:08:53.203 严重 [Thread-1] org.apache.catalina.loader.WebappClassLoaderBase.checkThreadLocalMapForLeaks web应用程序[webapp]创建了一个ThreadLocal，其键类型为[java.lang.ThreadLocal]（值为[java.lang.ThreadLocal@3317247d]），值类型为[com.microsoft.sqlserver.jdbc.SQLServerConnection43]（值为[ConnectionID:10 ClientConnectionId: b83bf7e8-9295-49b5-80f6-8835b596c7a7），但在停止web应用程序时未能将其删除。线程将随着时间的推移而更新，以尝试避免可能的内存泄漏
24-May-2026 18:08:53.203 严重 [Thread-1] org.apache.catalina.loader.WebappClassLoaderBase.checkThreadLocalMapForLeaks web应用程序[webapp]创建了一个ThreadLocal，其键类型为[java.lang.ThreadLocal]（值为[java.lang.ThreadLocal@3317247d]），值类型为[com.microsoft.sqlserver.jdbc.SQLServerConnection43]（值为[ConnectionID:9 ClientConnectionId: 7ea3625d-8c8b-49cd-b341-37d71bc8bb4f），但在停止web应用程序时未能将其删除。线程将随着时间的推移而更新，以尝试避免可能的内存泄漏
24-May-2026 18:08:53.203 严重 [Thread-1] org.apache.catalina.loader.WebappClassLoaderBase.checkThreadLocalMapForLeaks web应用程序[webapp]创建了一个ThreadLocal，其键类型为[java.lang.ThreadLocal]（值为[java.lang.ThreadLocal@3317247d]），值类型为[com.microsoft.sqlserver.jdbc.SQLServerConnection43]（值为[ConnectionID:13 ClientConnectionId: 3380a3ca-4416-4521-8f3a-b9fef361c36b），但在停止web应用程序时未能将其删除。线程将随着时间的推移而更新，以尝试避免可能的内存泄漏
24-May-2026 18:08:53.204 严重 [Thread-1] org.apache.catalina.loader.WebappClassLoaderBase.checkThreadLocalMapForLeaks web应用程序[webapp]创建了一个ThreadLocal，其键类型为[java.lang.ThreadLocal]（值为[java.lang.ThreadLocal@3317247d]），值类型为[com.microsoft.sqlserver.jdbc.SQLServerConnection43]（值为[ConnectionID:11 ClientConnectionId: 7bb8df23-cabf-467a-91f0-851216e463ba），但在停止web应用程序时未能将其删除。线程将随着时间的推移而更新，以尝试避免可能的内存泄漏
24-May-2026 18:08:53.204 严重 [Thread-1] org.apache.catalina.loader.WebappClassLoaderBase.checkThreadLocalMapForLeaks web应用程序[webapp]创建了一个ThreadLocal，其键类型为[java.lang.ThreadLocal]（值为[java.lang.ThreadLocal@3317247d]），值类型为[com.microsoft.sqlserver.jdbc.SQLServerConnection43]（值为[ConnectionID:14 ClientConnectionId: c9ba5466-3e97-4d77-914c-afbca7cbd887），但在停止web应用程序时未能将其删除。线程将随着时间的推移而更新，以尝试避免可能的内存泄漏
24-May-2026 18:08:53.204 严重 [Thread-1] org.apache.catalina.loader.WebappClassLoaderBase.checkThreadLocalMapForLeaks web应用程序[webapp]创建了一个ThreadLocal，其键类型为[java.lang.ThreadLocal]（值为[java.lang.ThreadLocal@3317247d]），值类型为[com.microsoft.sqlserver.jdbc.SQLServerConnection43]（值为[ConnectionID:5 ClientConnectionId: 9674175d-3e63-4325-ac40-df4bae0282a2），但在停止web应用程序时未能将其删除。线程将随着时间的推移而更新，以尝试避免可能的内存泄漏
24-May-2026 18:08:53.205 信息 [Thread-1] org.apache.coyote.AbstractProtocol.stop 正在停止ProtocolHandler ["http-nio-8080"]
24-May-2026 18:08:53.209 信息 [Thread-1] org.apache.coyote.AbstractProtocol.destroy 正在销毁协议处理器 ["http-nio-8080"]
24-May-2026 18:08:54.839 信息 [main] org.apache.catalina.startup.VersionLoggerListener.log Server.服务器版本: Apache Tomcat/10.1.52
24-May-2026 18:08:54.841 信息 [main] org.apache.catalina.startup.VersionLoggerListener.log 服务器构建:        Jan 23 2026 19:29:07 UTC
24-May-2026 18:08:54.841 信息 [main] org.apache.catalina.startup.VersionLoggerListener.log 服务器版本号:      10.1.52.0
24-May-2026 18:08:54.841 信息 [main] org.apache.catalina.startup.VersionLoggerListener.log 操作系统名称:      Windows 11
24-May-2026 18:08:54.842 信息 [main] org.apache.catalina.startup.VersionLoggerListener.log OS.版本:           10.0
24-May-2026 18:08:54.842 信息 [main] org.apache.catalina.startup.VersionLoggerListener.log 架构:              amd64
24-May-2026 18:08:54.842 信息 [main] org.apache.catalina.startup.VersionLoggerListener.log Java 环境变量:     C:\Program Files\Java\jdk-21
24-May-2026 18:08:54.842 信息 [main] org.apache.catalina.startup.VersionLoggerListener.log Java虚拟机版本:    21.0.6+8-LTS-188
24-May-2026 18:08:54.842 信息 [main] org.apache.catalina.startup.VersionLoggerListener.log JVM.供应商:        Oracle Corporation
24-May-2026 18:08:54.842 信息 [main] org.apache.catalina.startup.VersionLoggerListener.log CATALINA_BASE:     D:\creat\property-management\src\main\webapp
24-May-2026 18:08:54.842 信息 [main] org.apache.catalina.startup.VersionLoggerListener.log CATALINA_HOME:     D:\apache-tomcat-10.1.52
24-May-2026 18:08:54.848 信息 [main] org.apache.catalina.startup.VersionLoggerListener.log 命令行参数：       --add-opens=java.base/java.lang=ALL-UNNAMED
24-May-2026 18:08:54.848 信息 [main] org.apache.catalina.startup.VersionLoggerListener.log 命令行参数：       --add-opens=java.base/java.io=ALL-UNNAMED
24-May-2026 18:08:54.850 信息 [main] org.apache.catalina.startup.VersionLoggerListener.log 命令行参数：       --add-opens=java.base/java.util=ALL-UNNAMED
24-May-2026 18:08:54.850 信息 [main] org.apache.catalina.startup.VersionLoggerListener.log 命令行参数：       --add-opens=java.base/java.util.concurrent=ALL-UNNAMED
24-May-2026 18:08:54.850 信息 [main] org.apache.catalina.startup.VersionLoggerListener.log 命令行参数：       --add-opens=java.rmi/sun.rmi.transport=ALL-UNNAMED
24-May-2026 18:08:54.850 信息 [main] org.apache.catalina.startup.VersionLoggerListener.log 命令行参数：       -Dcatalina.home=D:\apache-tomcat-10.1.52
24-May-2026 18:08:54.850 信息 [main] org.apache.catalina.startup.VersionLoggerListener.log 命令行参数：       -Dcatalina.base=D:\creat\property-management\src\main\webapp
24-May-2026 18:08:54.850 信息 [main] org.apache.catalina.startup.VersionLoggerListener.log 命令行参数：       -Djava.io.tmpdir=D:\creat\property-management\src\main\webapp\temp
24-May-2026 18:08:54.850 信息 [main] org.apache.catalina.startup.VersionLoggerListener.log 命令行参数：       -Djava.util.logging.config.file=D:\creat\property-management\src\main\webapp\conf\logging.properties
24-May-2026 18:08:54.850 信息 [main] org.apache.catalina.startup.VersionLoggerListener.log 命令行参数：       -Djava.util.logging.manager=org.apache.juli.ClassLoaderLogManager
24-May-2026 18:08:54.850 信息 [main] org.apache.catalina.startup.VersionLoggerListener.log 命令行参数：       -javaagent:C:\Program Files\JetBrains\IntelliJ IDEA Community Edition 2024.3\lib\idea_rt.jar=6130:C:\Program Files\JetBrains\IntelliJ IDEA Community Edition 2024.3\bin
24-May-2026 18:08:54.851 信息 [main] org.apache.catalina.startup.VersionLoggerListener.log 命令行参数：       -Dfile.encoding=UTF-8
24-May-2026 18:08:54.851 信息 [main] org.apache.catalina.startup.VersionLoggerListener.log 命令行参数：       -Dsun.stdout.encoding=UTF-8
24-May-2026 18:08:54.851 信息 [main] org.apache.catalina.startup.VersionLoggerListener.log 命令行参数：       -Dsun.stderr.encoding=UTF-8
24-May-2026 18:08:54.857 信息 [main] org.apache.catalina.core.AprLifecycleListener.lifecycleEvent 在java.library.path:[C:\Program Files\Java\jdk-21\bin;C:\WINDOWS\Sun\Java\bin;C:\WINDOWS\system32;C:\WINDOWS;C:\Program Files (x86)\VMware\VMware Workstation\bin\;$env:PATH;C:\MinGW\bin;C:\Program Files\NVIDIA Corporation\NVIDIA App\NvDLISR;C:\Program Files\dotnet\;C:\Program Files\nodejs\;C:\Program Files\Git LFS;C:\Windows\System32;C:\Windows;C:\Windows\System32\WindowsPowerShell\v1.0;C:\Program Files (x86)\Microsoft SQL Server\170\Tools\Binn\;C:\Program Files\Microsoft SQL Server\170\Tools\Binn\;C:\Program Files\Microsoft SQL Server\Client SDK\ODBC\180\Tools\Binn\;C:\Program Files\Microsoft SQL Server\170\DTS\Binn\;D:\rational rose\common;C:\tools\deepseek;C:\Program Files\GitHub CLI\;C:\Users\links\.mavis\bin;C:\Users\links\AppData\Local\Microsoft\WindowsApps;C:\Users\links\.dotnet\tools;D:\cursor\resources\app\bin;D:\Microsoft VS Code\bin;C:\MinGW\bin;C:\Users\links\AppData\Roaming\npm;C:\Users\links\AppData\Roaming\npm\bin;C:\Program Files\Git\cmd;C:\Program Files\Git\bin;C:\Program Files\Java\jdk-17\bin;C:\Users\links\AppData\Local\Python\bin;.]上找不到基于APR的Apache Tomcat本机库，该库允许在生产环境中获得最佳性能
24-May-2026 18:08:55.009 信息 [main] org.apache.coyote.AbstractProtocol.init 初始化协议处理器 ["http-nio-8080"]
24-May-2026 18:08:55.019 信息 [main] org.apache.catalina.startup.Catalina.load 服务器在[309]毫秒内初始化
24-May-2026 18:08:55.058 信息 [main] org.apache.catalina.core.StandardService.startInternal 正在启动服务[Catalina]
24-May-2026 18:08:55.058 信息 [main] org.apache.catalina.core.StandardEngine.startInternal 正在启动 Servlet 引擎：[Apache Tomcat/10.1.52]
24-May-2026 18:08:55.064 信息 [main] org.apache.catalina.startup.HostConfig.deployDescriptor 正在部署部署描述符[D:\creat\property-management\src\main\webapp\conf\Catalina\localhost\webapp.xml]。
24-May-2026 18:08:55.764 信息 [main] org.apache.jasper.servlet.TldScanner.scanJars 至少有一个JAR被扫描用于TLD但尚未包含TLD。 为此记录器启用调试日志记录，以获取已扫描但未在其中找到TLD的完整JAR列表。 在扫描期间跳过不需要的JAR可以缩短启动时间和JSP编译时间。
24-May-2026 18:08:55.816 警告 [main] org.apache.catalina.filters.FilterBase.init 未为[org.apache.catalina.filters.SetCharacterEncodingFilter]类型的筛选器定义属性[forceEncoding]
24-May-2026 18:08:55.827 信息 [main] org.apache.catalina.startup.HostConfig.deployDescriptor 部署描述符[D:\creat\property-management\src\main\webapp\conf\Catalina\localhost\webapp.xml]的部署已在[760]ms内完成
24-May-2026 18:08:55.830 信息 [main] org.apache.coyote.AbstractProtocol.start 开始协议处理句柄["http-nio-8080"]
24-May-2026 18:08:55.846 信息 [main] org.apache.catalina.startup.Catalina.start [825]毫秒后服务器启动
24-May-2026 18:16:32.085 信息 [Thread-1] org.apache.coyote.AbstractProtocol.pause 暂停ProtocolHandler["http-nio-8080"]
24-May-2026 18:16:32.088 信息 [Thread-1] org.apache.catalina.core.StandardService.stopInternal 正在停止服务[Catalina]
24-May-2026 18:16:32.090 警告 [Thread-1] org.apache.catalina.loader.WebappClassLoaderBase.clearReferencesJdbc Web应用程序 [webapp] 注册了JDBC驱动程序 [com.microsoft.sqlserver.jdbc.SQLServerDriver]，但在Web应用程序停止时无法注销它。 为防止内存泄漏，JDBC驱动程序已被强制取消注册。
24-May-2026 18:16:32.092 严重 [Thread-1] org.apache.catalina.loader.WebappClassLoaderBase.checkThreadLocalMapForLeaks web应用程序[webapp]创建了一个ThreadLocal，其键类型为[java.lang.ThreadLocal]（值为[java.lang.ThreadLocal@303df2e]），值类型为[com.microsoft.sqlserver.jdbc.SQLServerConnection43]（值为[ConnectionID:11 ClientConnectionId: c7582fb5-7976-4073-80f7-faa95cc61cf6），但在停止web应用程序时未能将其删除。线程将随着时间的推移而更新，以尝试避免可能的内存泄漏
24-May-2026 18:16:32.092 严重 [Thread-1] org.apache.catalina.loader.WebappClassLoaderBase.checkThreadLocalMapForLeaks web应用程序[webapp]创建了一个ThreadLocal，其键类型为[java.lang.ThreadLocal]（值为[java.lang.ThreadLocal@303df2e]），值类型为[com.microsoft.sqlserver.jdbc.SQLServerConnection43]（值为[ConnectionID:28 ClientConnectionId: dad29e71-8821-4596-8b1c-73ee2b9fee08），但在停止web应用程序时未能将其删除。线程将随着时间的推移而更新，以尝试避免可能的内存泄漏
24-May-2026 18:16:32.092 严重 [Thread-1] org.apache.catalina.loader.WebappClassLoaderBase.checkThreadLocalMapForLeaks web应用程序[webapp]创建了一个ThreadLocal，其键类型为[java.lang.ThreadLocal]（值为[java.lang.ThreadLocal@303df2e]），值类型为[com.microsoft.sqlserver.jdbc.SQLServerConnection43]（值为[ConnectionID:27 ClientConnectionId: f0aa3fae-e8dd-4f4f-b03c-62d6be230c78），但在停止web应用程序时未能将其删除。线程将随着时间的推移而更新，以尝试避免可能的内存泄漏
24-May-2026 18:16:32.092 严重 [Thread-1] org.apache.catalina.loader.WebappClassLoaderBase.checkThreadLocalMapForLeaks web应用程序[webapp]创建了一个ThreadLocal，其键类型为[java.lang.ThreadLocal]（值为[java.lang.ThreadLocal@303df2e]），值类型为[com.microsoft.sqlserver.jdbc.SQLServerConnection43]（值为[ConnectionID:30 ClientConnectionId: 85342f28-78bf-4a99-973b-e058b627e014），但在停止web应用程序时未能将其删除。线程将随着时间的推移而更新，以尝试避免可能的内存泄漏
24-May-2026 18:16:32.092 严重 [Thread-1] org.apache.catalina.loader.WebappClassLoaderBase.checkThreadLocalMapForLeaks web应用程序[webapp]创建了一个ThreadLocal，其键类型为[java.lang.ThreadLocal]（值为[java.lang.ThreadLocal@303df2e]），值类型为[com.microsoft.sqlserver.jdbc.SQLServerConnection43]（值为[ConnectionID:24 ClientConnectionId: 9de1dce8-67d4-4108-a89a-a219953b249f），但在停止web应用程序时未能将其删除。线程将随着时间的推移而更新，以尝试避免可能的内存泄漏
24-May-2026 18:16:32.092 严重 [Thread-1] org.apache.catalina.loader.WebappClassLoaderBase.checkThreadLocalMapForLeaks web应用程序[webapp]创建了一个ThreadLocal，其键类型为[java.lang.ThreadLocal]（值为[java.lang.ThreadLocal@303df2e]），值类型为[com.microsoft.sqlserver.jdbc.SQLServerConnection43]（值为[ConnectionID:21 ClientConnectionId: 18e3985c-7dbc-49e3-97f3-0f8fb5293973），但在停止web应用程序时未能将其删除。线程将随着时间的推移而更新，以尝试避免可能的内存泄漏
24-May-2026 18:16:32.092 严重 [Thread-1] org.apache.catalina.loader.WebappClassLoaderBase.checkThreadLocalMapForLeaks web应用程序[webapp]创建了一个ThreadLocal，其键类型为[java.lang.ThreadLocal]（值为[java.lang.ThreadLocal@303df2e]），值类型为[com.microsoft.sqlserver.jdbc.SQLServerConnection43]（值为[ConnectionID:32 ClientConnectionId: 13e02bf7-bb00-4873-8991-3e8701180b6d），但在停止web应用程序时未能将其删除。线程将随着时间的推移而更新，以尝试避免可能的内存泄漏
24-May-2026 18:16:32.092 严重 [Thread-1] org.apache.catalina.loader.WebappClassLoaderBase.checkThreadLocalMapForLeaks web应用程序[webapp]创建了一个ThreadLocal，其键类型为[java.lang.ThreadLocal]（值为[java.lang.ThreadLocal@303df2e]），值类型为[com.microsoft.sqlserver.jdbc.SQLServerConnection43]（值为[ConnectionID:33 ClientConnectionId: b9a55808-b310-4be0-a5e0-9e85667efe52），但在停止web应用程序时未能将其删除。线程将随着时间的推移而更新，以尝试避免可能的内存泄漏
24-May-2026 18:16:32.094 严重 [Thread-1] org.apache.catalina.loader.WebappClassLoaderBase.checkThreadLocalMapForLeaks web应用程序[webapp]创建了一个ThreadLocal，其键类型为[java.lang.ThreadLocal]（值为[java.lang.ThreadLocal@303df2e]），值类型为[com.microsoft.sqlserver.jdbc.SQLServerConnection43]（值为[ConnectionID:10 ClientConnectionId: d474b07b-24ba-40eb-98a4-b5349d4c85f7），但在停止web应用程序时未能将其删除。线程将随着时间的推移而更新，以尝试避免可能的内存泄漏
24-May-2026 18:16:32.099 信息 [Thread-1] org.apache.coyote.AbstractProtocol.stop 正在停止ProtocolHandler ["http-nio-8080"]
24-May-2026 18:16:32.102 信息 [Thread-1] org.apache.coyote.AbstractProtocol.destroy 正在销毁协议处理器 ["http-nio-8080"]
24-May-2026 18:19:06.523 信息 [main] org.apache.catalina.startup.VersionLoggerListener.log Server.服务器版本: Apache Tomcat/10.1.52
24-May-2026 18:19:06.526 信息 [main] org.apache.catalina.startup.VersionLoggerListener.log 服务器构建:        Jan 23 2026 19:29:07 UTC
24-May-2026 18:19:06.527 信息 [main] org.apache.catalina.startup.VersionLoggerListener.log 服务器版本号:      10.1.52.0
24-May-2026 18:19:06.527 信息 [main] org.apache.catalina.startup.VersionLoggerListener.log 操作系统名称:      Windows 11
24-May-2026 18:19:06.528 信息 [main] org.apache.catalina.startup.VersionLoggerListener.log OS.版本:           10.0
24-May-2026 18:19:06.528 信息 [main] org.apache.catalina.startup.VersionLoggerListener.log 架构:              amd64
24-May-2026 18:19:06.529 信息 [main] org.apache.catalina.startup.VersionLoggerListener.log Java 环境变量:     C:\Program Files\Java\jdk-21
24-May-2026 18:19:06.529 信息 [main] org.apache.catalina.startup.VersionLoggerListener.log Java虚拟机版本:    21.0.6+8-LTS-188
24-May-2026 18:19:06.529 信息 [main] org.apache.catalina.startup.VersionLoggerListener.log JVM.供应商:        Oracle Corporation
24-May-2026 18:19:06.529 信息 [main] org.apache.catalina.startup.VersionLoggerListener.log CATALINA_BASE:     D:\creat\property-management\src\main\webapp
24-May-2026 18:19:06.530 信息 [main] org.apache.catalina.startup.VersionLoggerListener.log CATALINA_HOME:     D:\apache-tomcat-10.1.52
24-May-2026 18:19:06.534 信息 [main] org.apache.catalina.startup.VersionLoggerListener.log 命令行参数：       --add-opens=java.base/java.lang=ALL-UNNAMED
24-May-2026 18:19:06.534 信息 [main] org.apache.catalina.startup.VersionLoggerListener.log 命令行参数：       --add-opens=java.base/java.io=ALL-UNNAMED
24-May-2026 18:19:06.534 信息 [main] org.apache.catalina.startup.VersionLoggerListener.log 命令行参数：       --add-opens=java.base/java.util=ALL-UNNAMED
24-May-2026 18:19:06.534 信息 [main] org.apache.catalina.startup.VersionLoggerListener.log 命令行参数：       --add-opens=java.base/java.util.concurrent=ALL-UNNAMED
24-May-2026 18:19:06.536 信息 [main] org.apache.catalina.startup.VersionLoggerListener.log 命令行参数：       --add-opens=java.rmi/sun.rmi.transport=ALL-UNNAMED
24-May-2026 18:19:06.536 信息 [main] org.apache.catalina.startup.VersionLoggerListener.log 命令行参数：       -Dcatalina.home=D:\apache-tomcat-10.1.52
24-May-2026 18:19:06.536 信息 [main] org.apache.catalina.startup.VersionLoggerListener.log 命令行参数：       -Dcatalina.base=D:\creat\property-management\src\main\webapp
24-May-2026 18:19:06.536 信息 [main] org.apache.catalina.startup.VersionLoggerListener.log 命令行参数：       -Djava.io.tmpdir=D:\creat\property-management\src\main\webapp\temp
24-May-2026 18:19:06.536 信息 [main] org.apache.catalina.startup.VersionLoggerListener.log 命令行参数：       -Djava.util.logging.config.file=D:\creat\property-management\src\main\webapp\conf\logging.properties
24-May-2026 18:19:06.536 信息 [main] org.apache.catalina.startup.VersionLoggerListener.log 命令行参数：       -Djava.util.logging.manager=org.apache.juli.ClassLoaderLogManager
24-May-2026 18:19:06.536 信息 [main] org.apache.catalina.startup.VersionLoggerListener.log 命令行参数：       -javaagent:C:\Program Files\JetBrains\IntelliJ IDEA Community Edition 2024.3\lib\idea_rt.jar=7542:C:\Program Files\JetBrains\IntelliJ IDEA Community Edition 2024.3\bin
24-May-2026 18:19:06.536 信息 [main] org.apache.catalina.startup.VersionLoggerListener.log 命令行参数：       -Dfile.encoding=UTF-8
24-May-2026 18:19:06.537 信息 [main] org.apache.catalina.startup.VersionLoggerListener.log 命令行参数：       -Dsun.stdout.encoding=UTF-8
24-May-2026 18:19:06.537 信息 [main] org.apache.catalina.startup.VersionLoggerListener.log 命令行参数：       -Dsun.stderr.encoding=UTF-8
24-May-2026 18:19:06.542 信息 [main] org.apache.catalina.core.AprLifecycleListener.lifecycleEvent 在java.library.path:[C:\Program Files\Java\jdk-21\bin;C:\WINDOWS\Sun\Java\bin;C:\WINDOWS\system32;C:\WINDOWS;C:\Program Files (x86)\VMware\VMware Workstation\bin\;$env:PATH;C:\MinGW\bin;C:\Program Files\NVIDIA Corporation\NVIDIA App\NvDLISR;C:\Program Files\dotnet\;C:\Program Files\nodejs\;C:\Program Files\Git LFS;C:\Windows\System32;C:\Windows;C:\Windows\System32\WindowsPowerShell\v1.0;C:\Program Files (x86)\Microsoft SQL Server\170\Tools\Binn\;C:\Program Files\Microsoft SQL Server\170\Tools\Binn\;C:\Program Files\Microsoft SQL Server\Client SDK\ODBC\180\Tools\Binn\;C:\Program Files\Microsoft SQL Server\170\DTS\Binn\;D:\rational rose\common;C:\tools\deepseek;C:\Program Files\GitHub CLI\;C:\Users\links\.mavis\bin;C:\Users\links\AppData\Local\Microsoft\WindowsApps;C:\Users\links\.dotnet\tools;D:\cursor\resources\app\bin;D:\Microsoft VS Code\bin;C:\MinGW\bin;C:\Users\links\AppData\Roaming\npm;C:\Users\links\AppData\Roaming\npm\bin;C:\Program Files\Git\cmd;C:\Program Files\Git\bin;C:\Program Files\Java\jdk-17\bin;C:\Users\links\AppData\Local\Python\bin;.]上找不到基于APR的Apache Tomcat本机库，该库允许在生产环境中获得最佳性能
24-May-2026 18:19:06.704 信息 [main] org.apache.coyote.AbstractProtocol.init 初始化协议处理器 ["http-nio-8080"]
24-May-2026 18:19:06.713 信息 [main] org.apache.catalina.startup.Catalina.load 服务器在[328]毫秒内初始化
24-May-2026 18:19:06.758 信息 [main] org.apache.catalina.core.StandardService.startInternal 正在启动服务[Catalina]
24-May-2026 18:19:06.758 信息 [main] org.apache.catalina.core.StandardEngine.startInternal 正在启动 Servlet 引擎：[Apache Tomcat/10.1.52]
24-May-2026 18:19:06.765 信息 [main] org.apache.catalina.startup.HostConfig.deployDescriptor 正在部署部署描述符[D:\creat\property-management\src\main\webapp\conf\Catalina\localhost\webapp.xml]。
24-May-2026 18:19:07.469 信息 [main] org.apache.jasper.servlet.TldScanner.scanJars 至少有一个JAR被扫描用于TLD但尚未包含TLD。 为此记录器启用调试日志记录，以获取已扫描但未在其中找到TLD的完整JAR列表。 在扫描期间跳过不需要的JAR可以缩短启动时间和JSP编译时间。
24-May-2026 18:19:07.525 警告 [main] org.apache.catalina.filters.FilterBase.init 未为[org.apache.catalina.filters.SetCharacterEncodingFilter]类型的筛选器定义属性[forceEncoding]
24-May-2026 18:19:07.536 信息 [main] org.apache.catalina.startup.HostConfig.deployDescriptor 部署描述符[D:\creat\property-management\src\main\webapp\conf\Catalina\localhost\webapp.xml]的部署已在[769]ms内完成
24-May-2026 18:19:07.538 信息 [main] org.apache.coyote.AbstractProtocol.start 开始协议处理句柄["http-nio-8080"]
24-May-2026 18:19:07.553 信息 [main] org.apache.catalina.startup.Catalina.start [837]毫秒后服务器启动
24-May-2026 18:21:25.517 信息 [Thread-1] org.apache.coyote.AbstractProtocol.pause 暂停ProtocolHandler["http-nio-8080"]
24-May-2026 18:21:25.519 信息 [Thread-1] org.apache.catalina.core.StandardService.stopInternal 正在停止服务[Catalina]
24-May-2026 18:21:25.522 警告 [Thread-1] org.apache.catalina.loader.WebappClassLoaderBase.clearReferencesJdbc Web应用程序 [webapp] 注册了JDBC驱动程序 [com.microsoft.sqlserver.jdbc.SQLServerDriver]，但在Web应用程序停止时无法注销它。 为防止内存泄漏，JDBC驱动程序已被强制取消注册。
24-May-2026 18:21:25.523 严重 [Thread-1] org.apache.catalina.loader.WebappClassLoaderBase.checkThreadLocalMapForLeaks web应用程序[webapp]创建了一个ThreadLocal，其键类型为[java.lang.ThreadLocal]（值为[java.lang.ThreadLocal@2f3c2149]），值类型为[com.microsoft.sqlserver.jdbc.SQLServerConnection43]（值为[ConnectionID:25 ClientConnectionId: 75ead791-420a-4897-b8d4-83161e83a18b），但在停止web应用程序时未能将其删除。线程将随着时间的推移而更新，以尝试避免可能的内存泄漏
24-May-2026 18:21:25.524 严重 [Thread-1] org.apache.catalina.loader.WebappClassLoaderBase.checkThreadLocalMapForLeaks web应用程序[webapp]创建了一个ThreadLocal，其键类型为[java.lang.ThreadLocal]（值为[java.lang.ThreadLocal@2f3c2149]），值类型为[com.microsoft.sqlserver.jdbc.SQLServerConnection43]（值为[ConnectionID:26 ClientConnectionId: b66c77e8-279b-4ac7-aa1f-349ee56cbb43），但在停止web应用程序时未能将其删除。线程将随着时间的推移而更新，以尝试避免可能的内存泄漏
24-May-2026 18:21:25.524 严重 [Thread-1] org.apache.catalina.loader.WebappClassLoaderBase.checkThreadLocalMapForLeaks web应用程序[webapp]创建了一个ThreadLocal，其键类型为[java.lang.ThreadLocal]（值为[java.lang.ThreadLocal@2f3c2149]），值类型为[com.microsoft.sqlserver.jdbc.SQLServerConnection43]（值为[ConnectionID:28 ClientConnectionId: 18eaaffa-5d09-43b9-a787-179bcedf3e6c），但在停止web应用程序时未能将其删除。线程将随着时间的推移而更新，以尝试避免可能的内存泄漏
24-May-2026 18:21:25.524 严重 [Thread-1] org.apache.catalina.loader.WebappClassLoaderBase.checkThreadLocalMapForLeaks web应用程序[webapp]创建了一个ThreadLocal，其键类型为[java.lang.ThreadLocal]（值为[java.lang.ThreadLocal@2f3c2149]），值类型为[com.microsoft.sqlserver.jdbc.SQLServerConnection43]（值为[ConnectionID:30 ClientConnectionId: ce07d88a-4b7b-4bb8-9a84-519aae32bba5），但在停止web应用程序时未能将其删除。线程将随着时间的推移而更新，以尝试避免可能的内存泄漏
24-May-2026 18:21:25.524 严重 [Thread-1] org.apache.catalina.loader.WebappClassLoaderBase.checkThreadLocalMapForLeaks web应用程序[webapp]创建了一个ThreadLocal，其键类型为[java.lang.ThreadLocal]（值为[java.lang.ThreadLocal@2f3c2149]），值类型为[com.microsoft.sqlserver.jdbc.SQLServerConnection43]（值为[ConnectionID:21 ClientConnectionId: 8098c410-5dac-4e33-9dbe-755654688dc7），但在停止web应用程序时未能将其删除。线程将随着时间的推移而更新，以尝试避免可能的内存泄漏
24-May-2026 18:21:25.524 严重 [Thread-1] org.apache.catalina.loader.WebappClassLoaderBase.checkThreadLocalMapForLeaks web应用程序[webapp]创建了一个ThreadLocal，其键类型为[java.lang.ThreadLocal]（值为[java.lang.ThreadLocal@2f3c2149]），值类型为[com.microsoft.sqlserver.jdbc.SQLServerConnection43]（值为[ConnectionID:23 ClientConnectionId: 9135b268-4707-41a0-add9-a10a31c732cb），但在停止web应用程序时未能将其删除。线程将随着时间的推移而更新，以尝试避免可能的内存泄漏
24-May-2026 18:21:25.524 严重 [Thread-1] org.apache.catalina.loader.WebappClassLoaderBase.checkThreadLocalMapForLeaks web应用程序[webapp]创建了一个ThreadLocal，其键类型为[java.lang.ThreadLocal]（值为[java.lang.ThreadLocal@2f3c2149]），值类型为[com.microsoft.sqlserver.jdbc.SQLServerConnection43]（值为[ConnectionID:24 ClientConnectionId: b920b9e6-e4a3-4f36-89e9-1c4297b6f5e2），但在停止web应用程序时未能将其删除。线程将随着时间的推移而更新，以尝试避免可能的内存泄漏
24-May-2026 18:21:25.524 严重 [Thread-1] org.apache.catalina.loader.WebappClassLoaderBase.checkThreadLocalMapForLeaks web应用程序[webapp]创建了一个ThreadLocal，其键类型为[java.lang.ThreadLocal]（值为[java.lang.ThreadLocal@2f3c2149]），值类型为[com.microsoft.sqlserver.jdbc.SQLServerConnection43]（值为[ConnectionID:20 ClientConnectionId: b106699d-f1a8-442f-a7c9-eae95c7a84c1），但在停止web应用程序时未能将其删除。线程将随着时间的推移而更新，以尝试避免可能的内存泄漏
24-May-2026 18:21:25.526 严重 [Thread-1] org.apache.catalina.loader.WebappClassLoaderBase.checkThreadLocalMapForLeaks web应用程序[webapp]创建了一个ThreadLocal，其键类型为[java.lang.ThreadLocal]（值为[java.lang.ThreadLocal@2f3c2149]），值类型为[com.microsoft.sqlserver.jdbc.SQLServerConnection43]（值为[ConnectionID:13 ClientConnectionId: 384d3918-138b-4efc-988d-52e1accdb954），但在停止web应用程序时未能将其删除。线程将随着时间的推移而更新，以尝试避免可能的内存泄漏
24-May-2026 18:21:25.526 严重 [Thread-1] org.apache.catalina.loader.WebappClassLoaderBase.checkThreadLocalMapForLeaks web应用程序[webapp]创建了一个ThreadLocal，其键类型为[java.lang.ThreadLocal]（值为[java.lang.ThreadLocal@2f3c2149]），值类型为[com.microsoft.sqlserver.jdbc.SQLServerConnection43]（值为[ConnectionID:14 ClientConnectionId: 1eb3afeb-2154-4b60-ad4f-0d1f69367ddd），但在停止web应用程序时未能将其删除。线程将随着时间的推移而更新，以尝试避免可能的内存泄漏
24-May-2026 18:21:25.528 信息 [Thread-1] org.apache.coyote.AbstractProtocol.stop 正在停止ProtocolHandler ["http-nio-8080"]
24-May-2026 18:21:25.531 信息 [Thread-1] org.apache.coyote.AbstractProtocol.destroy 正在销毁协议处理器 ["http-nio-8080"]
24-May-2026 18:21:27.272 信息 [main] org.apache.catalina.startup.VersionLoggerListener.log Server.服务器版本: Apache Tomcat/10.1.52
24-May-2026 18:21:27.276 信息 [main] org.apache.catalina.startup.VersionLoggerListener.log 服务器构建:        Jan 23 2026 19:29:07 UTC
24-May-2026 18:21:27.276 信息 [main] org.apache.catalina.startup.VersionLoggerListener.log 服务器版本号:      10.1.52.0
24-May-2026 18:21:27.276 信息 [main] org.apache.catalina.startup.VersionLoggerListener.log 操作系统名称:      Windows 11
24-May-2026 18:21:27.276 信息 [main] org.apache.catalina.startup.VersionLoggerListener.log OS.版本:           10.0
24-May-2026 18:21:27.276 信息 [main] org.apache.catalina.startup.VersionLoggerListener.log 架构:              amd64
24-May-2026 18:21:27.277 信息 [main] org.apache.catalina.startup.VersionLoggerListener.log Java 环境变量:     C:\Program Files\Java\jdk-21
24-May-2026 18:21:27.277 信息 [main] org.apache.catalina.startup.VersionLoggerListener.log Java虚拟机版本:    21.0.6+8-LTS-188
24-May-2026 18:21:27.277 信息 [main] org.apache.catalina.startup.VersionLoggerListener.log JVM.供应商:        Oracle Corporation
24-May-2026 18:21:27.277 信息 [main] org.apache.catalina.startup.VersionLoggerListener.log CATALINA_BASE:     D:\creat\property-management\src\main\webapp
24-May-2026 18:21:27.277 信息 [main] org.apache.catalina.startup.VersionLoggerListener.log CATALINA_HOME:     D:\apache-tomcat-10.1.52
24-May-2026 18:21:27.282 信息 [main] org.apache.catalina.startup.VersionLoggerListener.log 命令行参数：       --add-opens=java.base/java.lang=ALL-UNNAMED
24-May-2026 18:21:27.282 信息 [main] org.apache.catalina.startup.VersionLoggerListener.log 命令行参数：       --add-opens=java.base/java.io=ALL-UNNAMED
24-May-2026 18:21:27.282 信息 [main] org.apache.catalina.startup.VersionLoggerListener.log 命令行参数：       --add-opens=java.base/java.util=ALL-UNNAMED
24-May-2026 18:21:27.282 信息 [main] org.apache.catalina.startup.VersionLoggerListener.log 命令行参数：       --add-opens=java.base/java.util.concurrent=ALL-UNNAMED
24-May-2026 18:21:27.282 信息 [main] org.apache.catalina.startup.VersionLoggerListener.log 命令行参数：       --add-opens=java.rmi/sun.rmi.transport=ALL-UNNAMED
24-May-2026 18:21:27.282 信息 [main] org.apache.catalina.startup.VersionLoggerListener.log 命令行参数：       -Dcatalina.home=D:\apache-tomcat-10.1.52
24-May-2026 18:21:27.282 信息 [main] org.apache.catalina.startup.VersionLoggerListener.log 命令行参数：       -Dcatalina.base=D:\creat\property-management\src\main\webapp
24-May-2026 18:21:27.283 信息 [main] org.apache.catalina.startup.VersionLoggerListener.log 命令行参数：       -Djava.io.tmpdir=D:\creat\property-management\src\main\webapp\temp
24-May-2026 18:21:27.283 信息 [main] org.apache.catalina.startup.VersionLoggerListener.log 命令行参数：       -Djava.util.logging.config.file=D:\creat\property-management\src\main\webapp\conf\logging.properties
24-May-2026 18:21:27.283 信息 [main] org.apache.catalina.startup.VersionLoggerListener.log 命令行参数：       -Djava.util.logging.manager=org.apache.juli.ClassLoaderLogManager
24-May-2026 18:21:27.283 信息 [main] org.apache.catalina.startup.VersionLoggerListener.log 命令行参数：       -javaagent:C:\Program Files\JetBrains\IntelliJ IDEA Community Edition 2024.3\lib\idea_rt.jar=13176:C:\Program Files\JetBrains\IntelliJ IDEA Community Edition 2024.3\bin
24-May-2026 18:21:27.283 信息 [main] org.apache.catalina.startup.VersionLoggerListener.log 命令行参数：       -Dfile.encoding=UTF-8
24-May-2026 18:21:27.284 信息 [main] org.apache.catalina.startup.VersionLoggerListener.log 命令行参数：       -Dsun.stdout.encoding=UTF-8
24-May-2026 18:21:27.284 信息 [main] org.apache.catalina.startup.VersionLoggerListener.log 命令行参数：       -Dsun.stderr.encoding=UTF-8
24-May-2026 18:21:27.290 信息 [main] org.apache.catalina.core.AprLifecycleListener.lifecycleEvent 在java.library.path:[C:\Program Files\Java\jdk-21\bin;C:\WINDOWS\Sun\Java\bin;C:\WINDOWS\system32;C:\WINDOWS;C:\Program Files (x86)\VMware\VMware Workstation\bin\;$env:PATH;C:\MinGW\bin;C:\Program Files\NVIDIA Corporation\NVIDIA App\NvDLISR;C:\Program Files\dotnet\;C:\Program Files\nodejs\;C:\Program Files\Git LFS;C:\Windows\System32;C:\Windows;C:\Windows\System32\WindowsPowerShell\v1.0;C:\Program Files (x86)\Microsoft SQL Server\170\Tools\Binn\;C:\Program Files\Microsoft SQL Server\170\Tools\Binn\;C:\Program Files\Microsoft SQL Server\Client SDK\ODBC\180\Tools\Binn\;C:\Program Files\Microsoft SQL Server\170\DTS\Binn\;D:\rational rose\common;C:\tools\deepseek;C:\Program Files\GitHub CLI\;C:\Users\links\.mavis\bin;C:\Users\links\AppData\Local\Microsoft\WindowsApps;C:\Users\links\.dotnet\tools;D:\cursor\resources\app\bin;D:\Microsoft VS Code\bin;C:\MinGW\bin;C:\Users\links\AppData\Roaming\npm;C:\Users\links\AppData\Roaming\npm\bin;C:\Program Files\Git\cmd;C:\Program Files\Git\bin;C:\Program Files\Java\jdk-17\bin;C:\Users\links\AppData\Local\Python\bin;.]上找不到基于APR的Apache Tomcat本机库，该库允许在生产环境中获得最佳性能
24-May-2026 18:21:27.464 信息 [main] org.apache.coyote.AbstractProtocol.init 初始化协议处理器 ["http-nio-8080"]
24-May-2026 18:21:27.477 信息 [main] org.apache.catalina.startup.Catalina.load 服务器在[336]毫秒内初始化
24-May-2026 18:21:27.514 信息 [main] org.apache.catalina.core.StandardService.startInternal 正在启动服务[Catalina]
24-May-2026 18:21:27.514 信息 [main] org.apache.catalina.core.StandardEngine.startInternal 正在启动 Servlet 引擎：[Apache Tomcat/10.1.52]
24-May-2026 18:21:27.524 信息 [main] org.apache.catalina.startup.HostConfig.deployDescriptor 正在部署部署描述符[D:\creat\property-management\src\main\webapp\conf\Catalina\localhost\webapp.xml]。
24-May-2026 18:21:28.230 信息 [main] org.apache.jasper.servlet.TldScanner.scanJars 至少有一个JAR被扫描用于TLD但尚未包含TLD。 为此记录器启用调试日志记录，以获取已扫描但未在其中找到TLD的完整JAR列表。 在扫描期间跳过不需要的JAR可以缩短启动时间和JSP编译时间。
24-May-2026 18:21:28.283 警告 [main] org.apache.catalina.filters.FilterBase.init 未为[org.apache.catalina.filters.SetCharacterEncodingFilter]类型的筛选器定义属性[forceEncoding]
24-May-2026 18:21:28.294 信息 [main] org.apache.catalina.startup.HostConfig.deployDescriptor 部署描述符[D:\creat\property-management\src\main\webapp\conf\Catalina\localhost\webapp.xml]的部署已在[767]ms内完成
24-May-2026 18:21:28.298 信息 [main] org.apache.coyote.AbstractProtocol.start 开始协议处理句柄["http-nio-8080"]
24-May-2026 18:21:28.315 信息 [main] org.apache.catalina.startup.Catalina.start [834]毫秒后服务器启动
24-May-2026 18:28:46.844 信息 [Thread-1] org.apache.coyote.AbstractProtocol.pause 暂停ProtocolHandler["http-nio-8080"]
24-May-2026 18:28:46.846 信息 [Thread-1] org.apache.catalina.core.StandardService.stopInternal 正在停止服务[Catalina]
24-May-2026 18:28:46.850 警告 [Thread-1] org.apache.catalina.loader.WebappClassLoaderBase.clearReferencesJdbc Web应用程序 [webapp] 注册了JDBC驱动程序 [com.microsoft.sqlserver.jdbc.SQLServerDriver]，但在Web应用程序停止时无法注销它。 为防止内存泄漏，JDBC驱动程序已被强制取消注册。
24-May-2026 18:28:46.851 严重 [Thread-1] org.apache.catalina.loader.WebappClassLoaderBase.checkThreadLocalMapForLeaks web应用程序[webapp]创建了一个ThreadLocal，其键类型为[java.lang.ThreadLocal]（值为[java.lang.ThreadLocal@620cd716]），值类型为[com.microsoft.sqlserver.jdbc.SQLServerConnection43]（值为[ConnectionID:12 ClientConnectionId: 9b161e52-06d6-45b4-8229-0f287ee0570c），但在停止web应用程序时未能将其删除。线程将随着时间的推移而更新，以尝试避免可能的内存泄漏
24-May-2026 18:28:46.851 严重 [Thread-1] org.apache.catalina.loader.WebappClassLoaderBase.checkThreadLocalMapForLeaks web应用程序[webapp]创建了一个ThreadLocal，其键类型为[java.lang.ThreadLocal]（值为[java.lang.ThreadLocal@620cd716]），值类型为[com.microsoft.sqlserver.jdbc.SQLServerConnection43]（值为[ConnectionID:22 ClientConnectionId: 2e733aff-0447-46d0-bb62-d2ae455fbd3e），但在停止web应用程序时未能将其删除。线程将随着时间的推移而更新，以尝试避免可能的内存泄漏
24-May-2026 18:28:46.853 严重 [Thread-1] org.apache.catalina.loader.WebappClassLoaderBase.checkThreadLocalMapForLeaks web应用程序[webapp]创建了一个ThreadLocal，其键类型为[java.lang.ThreadLocal]（值为[java.lang.ThreadLocal@620cd716]），值类型为[com.microsoft.sqlserver.jdbc.SQLServerConnection43]（值为[ConnectionID:21 ClientConnectionId: 51a2aff0-f7c8-4df2-a0e5-90568691d011），但在停止web应用程序时未能将其删除。线程将随着时间的推移而更新，以尝试避免可能的内存泄漏
24-May-2026 18:28:46.853 严重 [Thread-1] org.apache.catalina.loader.WebappClassLoaderBase.checkThreadLocalMapForLeaks web应用程序[webapp]创建了一个ThreadLocal，其键类型为[java.lang.ThreadLocal]（值为[java.lang.ThreadLocal@620cd716]），值类型为[com.microsoft.sqlserver.jdbc.SQLServerConnection43]（值为[ConnectionID:2 ClientConnectionId: 57e06226-c645-452c-92cf-abfe71b98ad6），但在停止web应用程序时未能将其删除。线程将随着时间的推移而更新，以尝试避免可能的内存泄漏
24-May-2026 18:28:46.853 严重 [Thread-1] org.apache.catalina.loader.WebappClassLoaderBase.checkThreadLocalMapForLeaks web应用程序[webapp]创建了一个ThreadLocal，其键类型为[java.lang.ThreadLocal]（值为[java.lang.ThreadLocal@620cd716]），值类型为[com.microsoft.sqlserver.jdbc.SQLServerConnection43]（值为[ConnectionID:15 ClientConnectionId: 2cc796cd-c550-4037-9bbb-1840b17f56fa），但在停止web应用程序时未能将其删除。线程将随着时间的推移而更新，以尝试避免可能的内存泄漏
24-May-2026 18:28:46.853 严重 [Thread-1] org.apache.catalina.loader.WebappClassLoaderBase.checkThreadLocalMapForLeaks web应用程序[webapp]创建了一个ThreadLocal，其键类型为[java.lang.ThreadLocal]（值为[java.lang.ThreadLocal@620cd716]），值类型为[com.microsoft.sqlserver.jdbc.SQLServerConnection43]（值为[ConnectionID:16 ClientConnectionId: 5d79aa8d-464c-4ea0-a58d-24bf9fab1c06），但在停止web应用程序时未能将其删除。线程将随着时间的推移而更新，以尝试避免可能的内存泄漏
24-May-2026 18:28:46.853 严重 [Thread-1] org.apache.catalina.loader.WebappClassLoaderBase.checkThreadLocalMapForLeaks web应用程序[webapp]创建了一个ThreadLocal，其键类型为[java.lang.ThreadLocal]（值为[java.lang.ThreadLocal@620cd716]），值类型为[com.microsoft.sqlserver.jdbc.SQLServerConnection43]（值为[ConnectionID:18 ClientConnectionId: c034c5f4-c1d2-48d0-9ac6-c2c4c498cbdb），但在停止web应用程序时未能将其删除。线程将随着时间的推移而更新，以尝试避免可能的内存泄漏
24-May-2026 18:28:46.853 严重 [Thread-1] org.apache.catalina.loader.WebappClassLoaderBase.checkThreadLocalMapForLeaks web应用程序[webapp]创建了一个ThreadLocal，其键类型为[java.lang.ThreadLocal]（值为[java.lang.ThreadLocal@620cd716]），值类型为[com.microsoft.sqlserver.jdbc.SQLServerConnection43]（值为[ConnectionID:19 ClientConnectionId: 74ec2676-e66c-471d-906d-4cab592e9b6c），但在停止web应用程序时未能将其删除。线程将随着时间的推移而更新，以尝试避免可能的内存泄漏
24-May-2026 18:28:46.853 严重 [Thread-1] org.apache.catalina.loader.WebappClassLoaderBase.checkThreadLocalMapForLeaks web应用程序[webapp]创建了一个ThreadLocal，其键类型为[java.lang.ThreadLocal]（值为[java.lang.ThreadLocal@620cd716]），值类型为[com.microsoft.sqlserver.jdbc.SQLServerConnection43]（值为[ConnectionID:20 ClientConnectionId: d2051fb0-858f-4bba-a523-b48c041a910f），但在停止web应用程序时未能将其删除。线程将随着时间的推移而更新，以尝试避免可能的内存泄漏
24-May-2026 18:28:46.854 严重 [Thread-1] org.apache.catalina.loader.WebappClassLoaderBase.checkThreadLocalMapForLeaks web应用程序[webapp]创建了一个ThreadLocal，其键类型为[java.lang.ThreadLocal]（值为[java.lang.ThreadLocal@620cd716]），值类型为[com.microsoft.sqlserver.jdbc.SQLServerConnection43]（值为[ConnectionID:10 ClientConnectionId: 731590c5-6339-4011-88c7-4a9f2a55b1ca），但在停止web应用程序时未能将其删除。线程将随着时间的推移而更新，以尝试避免可能的内存泄漏
24-May-2026 18:28:46.855 信息 [Thread-1] org.apache.coyote.AbstractProtocol.stop 正在停止ProtocolHandler ["http-nio-8080"]
24-May-2026 18:28:46.859 信息 [Thread-1] org.apache.coyote.AbstractProtocol.destroy 正在销毁协议处理器 ["http-nio-8080"]
24-May-2026 18:33:32.752 信息 [main] org.apache.catalina.startup.VersionLoggerListener.log Server.服务器版本: Apache Tomcat/10.1.52
24-May-2026 18:33:32.755 信息 [main] org.apache.catalina.startup.VersionLoggerListener.log 服务器构建:        Jan 23 2026 19:29:07 UTC
24-May-2026 18:33:32.755 信息 [main] org.apache.catalina.startup.VersionLoggerListener.log 服务器版本号:      10.1.52.0
24-May-2026 18:33:32.755 信息 [main] org.apache.catalina.startup.VersionLoggerListener.log 操作系统名称:      Windows 11
24-May-2026 18:33:32.756 信息 [main] org.apache.catalina.startup.VersionLoggerListener.log OS.版本:           10.0
24-May-2026 18:33:32.756 信息 [main] org.apache.catalina.startup.VersionLoggerListener.log 架构:              amd64
24-May-2026 18:33:32.756 信息 [main] org.apache.catalina.startup.VersionLoggerListener.log Java 环境变量:     C:\Program Files\Java\jdk-21
24-May-2026 18:33:32.756 信息 [main] org.apache.catalina.startup.VersionLoggerListener.log Java虚拟机版本:    21.0.6+8-LTS-188
24-May-2026 18:33:32.756 信息 [main] org.apache.catalina.startup.VersionLoggerListener.log JVM.供应商:        Oracle Corporation
24-May-2026 18:33:32.756 信息 [main] org.apache.catalina.startup.VersionLoggerListener.log CATALINA_BASE:     D:\creat\property-management\src\main\webapp
24-May-2026 18:33:32.756 信息 [main] org.apache.catalina.startup.VersionLoggerListener.log CATALINA_HOME:     D:\apache-tomcat-10.1.52
24-May-2026 18:33:32.762 信息 [main] org.apache.catalina.startup.VersionLoggerListener.log 命令行参数：       --add-opens=java.base/java.lang=ALL-UNNAMED
24-May-2026 18:33:32.762 信息 [main] org.apache.catalina.startup.VersionLoggerListener.log 命令行参数：       --add-opens=java.base/java.io=ALL-UNNAMED
24-May-2026 18:33:32.763 信息 [main] org.apache.catalina.startup.VersionLoggerListener.log 命令行参数：       --add-opens=java.base/java.util=ALL-UNNAMED
24-May-2026 18:33:32.763 信息 [main] org.apache.catalina.startup.VersionLoggerListener.log 命令行参数：       --add-opens=java.base/java.util.concurrent=ALL-UNNAMED
24-May-2026 18:33:32.763 信息 [main] org.apache.catalina.startup.VersionLoggerListener.log 命令行参数：       --add-opens=java.rmi/sun.rmi.transport=ALL-UNNAMED
24-May-2026 18:33:32.763 信息 [main] org.apache.catalina.startup.VersionLoggerListener.log 命令行参数：       -Dcatalina.home=D:\apache-tomcat-10.1.52
24-May-2026 18:33:32.763 信息 [main] org.apache.catalina.startup.VersionLoggerListener.log 命令行参数：       -Dcatalina.base=D:\creat\property-management\src\main\webapp
24-May-2026 18:33:32.763 信息 [main] org.apache.catalina.startup.VersionLoggerListener.log 命令行参数：       -Djava.io.tmpdir=D:\creat\property-management\src\main\webapp\temp
24-May-2026 18:33:32.763 信息 [main] org.apache.catalina.startup.VersionLoggerListener.log 命令行参数：       -Djava.util.logging.config.file=D:\creat\property-management\src\main\webapp\conf\logging.properties
24-May-2026 18:33:32.763 信息 [main] org.apache.catalina.startup.VersionLoggerListener.log 命令行参数：       -Djava.util.logging.manager=org.apache.juli.ClassLoaderLogManager
24-May-2026 18:33:32.763 信息 [main] org.apache.catalina.startup.VersionLoggerListener.log 命令行参数：       -javaagent:C:\Program Files\JetBrains\IntelliJ IDEA Community Edition 2024.3\lib\idea_rt.jar=7161:C:\Program Files\JetBrains\IntelliJ IDEA Community Edition 2024.3\bin
24-May-2026 18:33:32.764 信息 [main] org.apache.catalina.startup.VersionLoggerListener.log 命令行参数：       -Dfile.encoding=UTF-8
24-May-2026 18:33:32.764 信息 [main] org.apache.catalina.startup.VersionLoggerListener.log 命令行参数：       -Dsun.stdout.encoding=UTF-8
24-May-2026 18:33:32.764 信息 [main] org.apache.catalina.startup.VersionLoggerListener.log 命令行参数：       -Dsun.stderr.encoding=UTF-8
24-May-2026 18:33:32.769 信息 [main] org.apache.catalina.core.AprLifecycleListener.lifecycleEvent 在java.library.path:[C:\Program Files\Java\jdk-21\bin;C:\WINDOWS\Sun\Java\bin;C:\WINDOWS\system32;C:\WINDOWS;C:\Program Files (x86)\VMware\VMware Workstation\bin\;$env:PATH;C:\MinGW\bin;C:\Program Files\NVIDIA Corporation\NVIDIA App\NvDLISR;C:\Program Files\dotnet\;C:\Program Files\nodejs\;C:\Program Files\Git LFS;C:\Windows\System32;C:\Windows;C:\Windows\System32\WindowsPowerShell\v1.0;C:\Program Files (x86)\Microsoft SQL Server\170\Tools\Binn\;C:\Program Files\Microsoft SQL Server\170\Tools\Binn\;C:\Program Files\Microsoft SQL Server\Client SDK\ODBC\180\Tools\Binn\;C:\Program Files\Microsoft SQL Server\170\DTS\Binn\;D:\rational rose\common;C:\tools\deepseek;C:\Program Files\GitHub CLI\;C:\Users\links\.mavis\bin;C:\Users\links\AppData\Local\Microsoft\WindowsApps;C:\Users\links\.dotnet\tools;D:\cursor\resources\app\bin;D:\Microsoft VS Code\bin;C:\MinGW\bin;C:\Users\links\AppData\Roaming\npm;C:\Users\links\AppData\Roaming\npm\bin;C:\Program Files\Git\cmd;C:\Program Files\Git\bin;C:\Program Files\Java\jdk-17\bin;C:\Users\links\AppData\Local\Python\bin;.]上找不到基于APR的Apache Tomcat本机库，该库允许在生产环境中获得最佳性能
24-May-2026 18:33:32.920 信息 [main] org.apache.coyote.AbstractProtocol.init 初始化协议处理器 ["http-nio-8080"]
24-May-2026 18:33:32.930 信息 [main] org.apache.catalina.startup.Catalina.load 服务器在[295]毫秒内初始化
24-May-2026 18:33:32.986 信息 [main] org.apache.catalina.core.StandardService.startInternal 正在启动服务[Catalina]
24-May-2026 18:33:32.987 信息 [main] org.apache.catalina.core.StandardEngine.startInternal 正在启动 Servlet 引擎：[Apache Tomcat/10.1.52]
24-May-2026 18:33:32.998 信息 [main] org.apache.catalina.startup.HostConfig.deployDescriptor 正在部署部署描述符[D:\creat\property-management\src\main\webapp\conf\Catalina\localhost\webapp.xml]。
24-May-2026 18:33:33.742 信息 [main] org.apache.jasper.servlet.TldScanner.scanJars 至少有一个JAR被扫描用于TLD但尚未包含TLD。 为此记录器启用调试日志记录，以获取已扫描但未在其中找到TLD的完整JAR列表。 在扫描期间跳过不需要的JAR可以缩短启动时间和JSP编译时间。
24-May-2026 18:33:33.796 警告 [main] org.apache.catalina.filters.FilterBase.init 未为[org.apache.catalina.filters.SetCharacterEncodingFilter]类型的筛选器定义属性[forceEncoding]
24-May-2026 18:33:33.806 信息 [main] org.apache.catalina.startup.HostConfig.deployDescriptor 部署描述符[D:\creat\property-management\src\main\webapp\conf\Catalina\localhost\webapp.xml]的部署已在[807]ms内完成
24-May-2026 18:33:33.809 信息 [main] org.apache.coyote.AbstractProtocol.start 开始协议处理句柄["http-nio-8080"]
24-May-2026 18:33:33.825 信息 [main] org.apache.catalina.startup.Catalina.start [893]毫秒后服务器启动
24-May-2026 18:35:04.536 信息 [Thread-1] org.apache.coyote.AbstractProtocol.pause 暂停ProtocolHandler["http-nio-8080"]
24-May-2026 18:35:04.538 信息 [Thread-1] org.apache.catalina.core.StandardService.stopInternal 正在停止服务[Catalina]
24-May-2026 18:35:04.540 警告 [Thread-1] org.apache.catalina.loader.WebappClassLoaderBase.clearReferencesJdbc Web应用程序 [webapp] 注册了JDBC驱动程序 [com.microsoft.sqlserver.jdbc.SQLServerDriver]，但在Web应用程序停止时无法注销它。 为防止内存泄漏，JDBC驱动程序已被强制取消注册。
24-May-2026 18:35:04.542 严重 [Thread-1] org.apache.catalina.loader.WebappClassLoaderBase.checkThreadLocalMapForLeaks web应用程序[webapp]创建了一个ThreadLocal，其键类型为[java.lang.ThreadLocal]（值为[java.lang.ThreadLocal@289184c3]），值类型为[com.microsoft.sqlserver.jdbc.SQLServerConnection43]（值为[ConnectionID:1 ClientConnectionId: 7e48f679-2643-4b2b-b0ac-0712742c6a4c），但在停止web应用程序时未能将其删除。线程将随着时间的推移而更新，以尝试避免可能的内存泄漏
24-May-2026 18:35:04.542 严重 [Thread-1] org.apache.catalina.loader.WebappClassLoaderBase.checkThreadLocalMapForLeaks web应用程序[webapp]创建了一个ThreadLocal，其键类型为[java.lang.ThreadLocal]（值为[java.lang.ThreadLocal@289184c3]），值类型为[com.microsoft.sqlserver.jdbc.SQLServerConnection43]（值为[ConnectionID:2 ClientConnectionId: 3a6ff6f3-54b8-4247-90fd-1d114fad55f8），但在停止web应用程序时未能将其删除。线程将随着时间的推移而更新，以尝试避免可能的内存泄漏
24-May-2026 18:35:04.543 信息 [Thread-1] org.apache.coyote.AbstractProtocol.stop 正在停止ProtocolHandler ["http-nio-8080"]
24-May-2026 18:35:04.546 信息 [Thread-1] org.apache.coyote.AbstractProtocol.destroy 正在销毁协议处理器 ["http-nio-8080"]
24-May-2026 18:35:05.556 信息 [main] org.apache.catalina.startup.VersionLoggerListener.log Server.服务器版本: Apache Tomcat/10.1.52
24-May-2026 18:35:05.567 信息 [main] org.apache.catalina.startup.VersionLoggerListener.log 服务器构建:        Jan 23 2026 19:29:07 UTC
24-May-2026 18:35:05.568 信息 [main] org.apache.catalina.startup.VersionLoggerListener.log 服务器版本号:      10.1.52.0
24-May-2026 18:35:05.568 信息 [main] org.apache.catalina.startup.VersionLoggerListener.log 操作系统名称:      Windows 11
24-May-2026 18:35:05.569 信息 [main] org.apache.catalina.startup.VersionLoggerListener.log OS.版本:           10.0
24-May-2026 18:35:05.569 信息 [main] org.apache.catalina.startup.VersionLoggerListener.log 架构:              amd64
24-May-2026 18:35:05.569 信息 [main] org.apache.catalina.startup.VersionLoggerListener.log Java 环境变量:     C:\Program Files\Java\jdk-21
24-May-2026 18:35:05.569 信息 [main] org.apache.catalina.startup.VersionLoggerListener.log Java虚拟机版本:    21.0.6+8-LTS-188
24-May-2026 18:35:05.569 信息 [main] org.apache.catalina.startup.VersionLoggerListener.log JVM.供应商:        Oracle Corporation
24-May-2026 18:35:05.570 信息 [main] org.apache.catalina.startup.VersionLoggerListener.log CATALINA_BASE:     D:\creat\property-management\src\main\webapp
24-May-2026 18:35:05.570 信息 [main] org.apache.catalina.startup.VersionLoggerListener.log CATALINA_HOME:     D:\apache-tomcat-10.1.52
24-May-2026 18:35:05.575 信息 [main] org.apache.catalina.startup.VersionLoggerListener.log 命令行参数：       --add-opens=java.base/java.lang=ALL-UNNAMED
24-May-2026 18:35:05.575 信息 [main] org.apache.catalina.startup.VersionLoggerListener.log 命令行参数：       --add-opens=java.base/java.io=ALL-UNNAMED
24-May-2026 18:35:05.575 信息 [main] org.apache.catalina.startup.VersionLoggerListener.log 命令行参数：       --add-opens=java.base/java.util=ALL-UNNAMED
24-May-2026 18:35:05.575 信息 [main] org.apache.catalina.startup.VersionLoggerListener.log 命令行参数：       --add-opens=java.base/java.util.concurrent=ALL-UNNAMED
24-May-2026 18:35:05.575 信息 [main] org.apache.catalina.startup.VersionLoggerListener.log 命令行参数：       --add-opens=java.rmi/sun.rmi.transport=ALL-UNNAMED
24-May-2026 18:35:05.576 信息 [main] org.apache.catalina.startup.VersionLoggerListener.log 命令行参数：       -Dcatalina.home=D:\apache-tomcat-10.1.52
24-May-2026 18:35:05.576 信息 [main] org.apache.catalina.startup.VersionLoggerListener.log 命令行参数：       -Dcatalina.base=D:\creat\property-management\src\main\webapp
24-May-2026 18:35:05.576 信息 [main] org.apache.catalina.startup.VersionLoggerListener.log 命令行参数：       -Djava.io.tmpdir=D:\creat\property-management\src\main\webapp\temp
24-May-2026 18:35:05.576 信息 [main] org.apache.catalina.startup.VersionLoggerListener.log 命令行参数：       -Djava.util.logging.config.file=D:\creat\property-management\src\main\webapp\conf\logging.properties
24-May-2026 18:35:05.576 信息 [main] org.apache.catalina.startup.VersionLoggerListener.log 命令行参数：       -Djava.util.logging.manager=org.apache.juli.ClassLoaderLogManager
24-May-2026 18:35:05.576 信息 [main] org.apache.catalina.startup.VersionLoggerListener.log 命令行参数：       -javaagent:C:\Program Files\JetBrains\IntelliJ IDEA Community Edition 2024.3\lib\idea_rt.jar=5329:C:\Program Files\JetBrains\IntelliJ IDEA Community Edition 2024.3\bin
24-May-2026 18:35:05.576 信息 [main] org.apache.catalina.startup.VersionLoggerListener.log 命令行参数：       -Dfile.encoding=UTF-8
24-May-2026 18:35:05.576 信息 [main] org.apache.catalina.startup.VersionLoggerListener.log 命令行参数：       -Dsun.stdout.encoding=UTF-8
24-May-2026 18:35:05.577 信息 [main] org.apache.catalina.startup.VersionLoggerListener.log 命令行参数：       -Dsun.stderr.encoding=UTF-8
24-May-2026 18:35:05.583 信息 [main] org.apache.catalina.core.AprLifecycleListener.lifecycleEvent 在java.library.path:[C:\Program Files\Java\jdk-21\bin;C:\WINDOWS\Sun\Java\bin;C:\WINDOWS\system32;C:\WINDOWS;C:\Program Files (x86)\VMware\VMware Workstation\bin\;$env:PATH;C:\MinGW\bin;C:\Program Files\NVIDIA Corporation\NVIDIA App\NvDLISR;C:\Program Files\dotnet\;C:\Program Files\nodejs\;C:\Program Files\Git LFS;C:\Windows\System32;C:\Windows;C:\Windows\System32\WindowsPowerShell\v1.0;C:\Program Files (x86)\Microsoft SQL Server\170\Tools\Binn\;C:\Program Files\Microsoft SQL Server\170\Tools\Binn\;C:\Program Files\Microsoft SQL Server\Client SDK\ODBC\180\Tools\Binn\;C:\Program Files\Microsoft SQL Server\170\DTS\Binn\;D:\rational rose\common;C:\tools\deepseek;C:\Program Files\GitHub CLI\;C:\Users\links\.mavis\bin;C:\Users\links\AppData\Local\Microsoft\WindowsApps;C:\Users\links\.dotnet\tools;D:\cursor\resources\app\bin;D:\Microsoft VS Code\bin;C:\MinGW\bin;C:\Users\links\AppData\Roaming\npm;C:\Users\links\AppData\Roaming\npm\bin;C:\Program Files\Git\cmd;C:\Program Files\Git\bin;C:\Program Files\Java\jdk-17\bin;C:\Users\links\AppData\Local\Python\bin;.]上找不到基于APR的Apache Tomcat本机库，该库允许在生产环境中获得最佳性能
24-May-2026 18:35:05.769 信息 [main] org.apache.coyote.AbstractProtocol.init 初始化协议处理器 ["http-nio-8080"]
24-May-2026 18:35:05.787 信息 [main] org.apache.catalina.startup.Catalina.load 服务器在[359]毫秒内初始化
24-May-2026 18:35:05.870 信息 [main] org.apache.catalina.core.StandardService.startInternal 正在启动服务[Catalina]
24-May-2026 18:35:05.870 信息 [main] org.apache.catalina.core.StandardEngine.startInternal 正在启动 Servlet 引擎：[Apache Tomcat/10.1.52]
24-May-2026 18:35:05.879 信息 [main] org.apache.catalina.startup.HostConfig.deployDescriptor 正在部署部署描述符[D:\creat\property-management\src\main\webapp\conf\Catalina\localhost\webapp.xml]。
24-May-2026 18:35:06.581 信息 [main] org.apache.jasper.servlet.TldScanner.scanJars 至少有一个JAR被扫描用于TLD但尚未包含TLD。 为此记录器启用调试日志记录，以获取已扫描但未在其中找到TLD的完整JAR列表。 在扫描期间跳过不需要的JAR可以缩短启动时间和JSP编译时间。
24-May-2026 18:35:06.629 警告 [main] org.apache.catalina.filters.FilterBase.init 未为[org.apache.catalina.filters.SetCharacterEncodingFilter]类型的筛选器定义属性[forceEncoding]
24-May-2026 18:35:06.643 信息 [main] org.apache.catalina.startup.HostConfig.deployDescriptor 部署描述符[D:\creat\property-management\src\main\webapp\conf\Catalina\localhost\webapp.xml]的部署已在[761]ms内完成
24-May-2026 18:35:06.646 信息 [main] org.apache.coyote.AbstractProtocol.start 开始协议处理句柄["http-nio-8080"]
24-May-2026 18:35:06.661 信息 [main] org.apache.catalina.startup.Catalina.start [870]毫秒后服务器启动
24-May-2026 21:30:03.946 信息 [Thread-1] org.apache.coyote.AbstractProtocol.pause 暂停ProtocolHandler["http-nio-8080"]
24-May-2026 21:30:03.966 信息 [Thread-1] org.apache.catalina.core.StandardService.stopInternal 正在停止服务[Catalina]
24-May-2026 21:30:04.013 警告 [Thread-1] org.apache.catalina.loader.WebappClassLoaderBase.clearReferencesJdbc Web应用程序 [webapp] 注册了JDBC驱动程序 [com.microsoft.sqlserver.jdbc.SQLServerDriver]，但在Web应用程序停止时无法注销它。 为防止内存泄漏，JDBC驱动程序已被强制取消注册。
24-May-2026 21:30:04.022 严重 [Thread-1] org.apache.catalina.loader.WebappClassLoaderBase.checkThreadLocalMapForLeaks web应用程序[webapp]创建了一个ThreadLocal，其键类型为[java.lang.ThreadLocal]（值为[java.lang.ThreadLocal@6f7aa75a]），值类型为[com.microsoft.sqlserver.jdbc.SQLServerConnection43]（值为[ConnectionID:13 ClientConnectionId: b20df094-425b-4018-bc04-12a09ef52764），但在停止web应用程序时未能将其删除。线程将随着时间的推移而更新，以尝试避免可能的内存泄漏
24-May-2026 21:30:04.025 严重 [Thread-1] org.apache.catalina.loader.WebappClassLoaderBase.checkThreadLocalMapForLeaks web应用程序[webapp]创建了一个ThreadLocal，其键类型为[java.lang.ThreadLocal]（值为[java.lang.ThreadLocal@6f7aa75a]），值类型为[com.microsoft.sqlserver.jdbc.SQLServerConnection43]（值为[ConnectionID:10 ClientConnectionId: 0e1c75b0-9711-439e-8c7b-58c86e0a4f5e），但在停止web应用程序时未能将其删除。线程将随着时间的推移而更新，以尝试避免可能的内存泄漏
24-May-2026 21:30:04.025 严重 [Thread-1] org.apache.catalina.loader.WebappClassLoaderBase.checkThreadLocalMapForLeaks web应用程序[webapp]创建了一个ThreadLocal，其键类型为[java.lang.ThreadLocal]（值为[java.lang.ThreadLocal@6f7aa75a]），值类型为[com.microsoft.sqlserver.jdbc.SQLServerConnection43]（值为[ConnectionID:15 ClientConnectionId: 833901ad-f747-4bd4-a34d-3c32bc162404），但在停止web应用程序时未能将其删除。线程将随着时间的推移而更新，以尝试避免可能的内存泄漏
24-May-2026 21:30:04.026 严重 [Thread-1] org.apache.catalina.loader.WebappClassLoaderBase.checkThreadLocalMapForLeaks web应用程序[webapp]创建了一个ThreadLocal，其键类型为[java.lang.ThreadLocal]（值为[java.lang.ThreadLocal@6f7aa75a]），值类型为[com.microsoft.sqlserver.jdbc.SQLServerConnection43]（值为[ConnectionID:1 ClientConnectionId: adb4f5f5-dc54-4925-96d5-36e9ac9604a4），但在停止web应用程序时未能将其删除。线程将随着时间的推移而更新，以尝试避免可能的内存泄漏
24-May-2026 21:30:04.026 严重 [Thread-1] org.apache.catalina.loader.WebappClassLoaderBase.checkThreadLocalMapForLeaks web应用程序[webapp]创建了一个ThreadLocal，其键类型为[java.lang.ThreadLocal]（值为[java.lang.ThreadLocal@6f7aa75a]），值类型为[com.microsoft.sqlserver.jdbc.SQLServerConnection43]（值为[ConnectionID:14 ClientConnectionId: 86831188-3aeb-4231-8fe9-d04bbca73bb6），但在停止web应用程序时未能将其删除。线程将随着时间的推移而更新，以尝试避免可能的内存泄漏
24-May-2026 21:30:04.026 严重 [Thread-1] org.apache.catalina.loader.WebappClassLoaderBase.checkThreadLocalMapForLeaks web应用程序[webapp]创建了一个ThreadLocal，其键类型为[java.lang.ThreadLocal]（值为[java.lang.ThreadLocal@6f7aa75a]），值类型为[com.microsoft.sqlserver.jdbc.SQLServerConnection43]（值为[ConnectionID:6 ClientConnectionId: 36f0b65b-42c3-48a3-9f04-fe1c2e115cab），但在停止web应用程序时未能将其删除。线程将随着时间的推移而更新，以尝试避免可能的内存泄漏
24-May-2026 21:30:04.027 严重 [Thread-1] org.apache.catalina.loader.WebappClassLoaderBase.checkThreadLocalMapForLeaks web应用程序[webapp]创建了一个ThreadLocal，其键类型为[java.lang.ThreadLocal]（值为[java.lang.ThreadLocal@6f7aa75a]），值类型为[com.microsoft.sqlserver.jdbc.SQLServerConnection43]（值为[ConnectionID:7 ClientConnectionId: 4a72f59e-60f4-4b63-a17f-5cf1341e7ff8），但在停止web应用程序时未能将其删除。线程将随着时间的推移而更新，以尝试避免可能的内存泄漏
24-May-2026 21:30:04.028 严重 [Thread-1] org.apache.catalina.loader.WebappClassLoaderBase.checkThreadLocalMapForLeaks web应用程序[webapp]创建了一个ThreadLocal，其键类型为[java.lang.ThreadLocal]（值为[java.lang.ThreadLocal@6f7aa75a]），值类型为[com.microsoft.sqlserver.jdbc.SQLServerConnection43]（值为[ConnectionID:9 ClientConnectionId: 584c8784-ec14-412a-aed1-2776b8fc4e61），但在停止web应用程序时未能将其删除。线程将随着时间的推移而更新，以尝试避免可能的内存泄漏
24-May-2026 21:30:04.028 严重 [Thread-1] org.apache.catalina.loader.WebappClassLoaderBase.checkThreadLocalMapForLeaks web应用程序[webapp]创建了一个ThreadLocal，其键类型为[java.lang.ThreadLocal]（值为[java.lang.ThreadLocal@6f7aa75a]），值类型为[com.microsoft.sqlserver.jdbc.SQLServerConnection43]（值为[ConnectionID:2 ClientConnectionId: beaeb294-7df2-4623-9b4e-dffdf74c47b2），但在停止web应用程序时未能将其删除。线程将随着时间的推移而更新，以尝试避免可能的内存泄漏
24-May-2026 21:30:04.029 严重 [Thread-1] org.apache.catalina.loader.WebappClassLoaderBase.checkThreadLocalMapForLeaks web应用程序[webapp]创建了一个ThreadLocal，其键类型为[java.lang.ThreadLocal]（值为[java.lang.ThreadLocal@6f7aa75a]），值类型为[com.microsoft.sqlserver.jdbc.SQLServerConnection43]（值为[ConnectionID:12 ClientConnectionId: 6c3be3fc-e74b-4ea8-b633-b462c45dd0f4），但在停止web应用程序时未能将其删除。线程将随着时间的推移而更新，以尝试避免可能的内存泄漏
24-May-2026 21:30:04.049 信息 [Thread-1] org.apache.coyote.AbstractProtocol.stop 正在停止ProtocolHandler ["http-nio-8080"]
24-May-2026 21:30:04.070 信息 [Thread-1] org.apache.coyote.AbstractProtocol.destroy 正在销毁协议处理器 ["http-nio-8080"]
24-May-2026 23:35:34.350 信息 [main] org.apache.catalina.startup.VersionLoggerListener.log Server.服务器版本: Apache Tomcat/10.1.52
24-May-2026 23:35:34.353 信息 [main] org.apache.catalina.startup.VersionLoggerListener.log 服务器构建:        Jan 23 2026 19:29:07 UTC
24-May-2026 23:35:34.353 信息 [main] org.apache.catalina.startup.VersionLoggerListener.log 服务器版本号:      10.1.52.0
24-May-2026 23:35:34.353 信息 [main] org.apache.catalina.startup.VersionLoggerListener.log 操作系统名称:      Windows 11
24-May-2026 23:35:34.354 信息 [main] org.apache.catalina.startup.VersionLoggerListener.log OS.版本:           10.0
24-May-2026 23:35:34.354 信息 [main] org.apache.catalina.startup.VersionLoggerListener.log 架构:              amd64
24-May-2026 23:35:34.354 信息 [main] org.apache.catalina.startup.VersionLoggerListener.log Java 环境变量:     C:\Program Files\Java\jdk-21
24-May-2026 23:35:34.354 信息 [main] org.apache.catalina.startup.VersionLoggerListener.log Java虚拟机版本:    21.0.6+8-LTS-188
24-May-2026 23:35:34.354 信息 [main] org.apache.catalina.startup.VersionLoggerListener.log JVM.供应商:        Oracle Corporation
24-May-2026 23:35:34.354 信息 [main] org.apache.catalina.startup.VersionLoggerListener.log CATALINA_BASE:     D:\creat\property-management\src\main\webapp
24-May-2026 23:35:34.354 信息 [main] org.apache.catalina.startup.VersionLoggerListener.log CATALINA_HOME:     D:\apache-tomcat-10.1.52
24-May-2026 23:35:34.360 信息 [main] org.apache.catalina.startup.VersionLoggerListener.log 命令行参数：       --add-opens=java.base/java.lang=ALL-UNNAMED
24-May-2026 23:35:34.360 信息 [main] org.apache.catalina.startup.VersionLoggerListener.log 命令行参数：       --add-opens=java.base/java.io=ALL-UNNAMED
24-May-2026 23:35:34.360 信息 [main] org.apache.catalina.startup.VersionLoggerListener.log 命令行参数：       --add-opens=java.base/java.util=ALL-UNNAMED
24-May-2026 23:35:34.360 信息 [main] org.apache.catalina.startup.VersionLoggerListener.log 命令行参数：       --add-opens=java.base/java.util.concurrent=ALL-UNNAMED
24-May-2026 23:35:34.360 信息 [main] org.apache.catalina.startup.VersionLoggerListener.log 命令行参数：       --add-opens=java.rmi/sun.rmi.transport=ALL-UNNAMED
24-May-2026 23:35:34.360 信息 [main] org.apache.catalina.startup.VersionLoggerListener.log 命令行参数：       -Dcatalina.home=D:\apache-tomcat-10.1.52
24-May-2026 23:35:34.360 信息 [main] org.apache.catalina.startup.VersionLoggerListener.log 命令行参数：       -Dcatalina.base=D:\creat\property-management\src\main\webapp
24-May-2026 23:35:34.360 信息 [main] org.apache.catalina.startup.VersionLoggerListener.log 命令行参数：       -Djava.io.tmpdir=D:\creat\property-management\src\main\webapp\temp
24-May-2026 23:35:34.360 信息 [main] org.apache.catalina.startup.VersionLoggerListener.log 命令行参数：       -Djava.util.logging.config.file=D:\creat\property-management\src\main\webapp\conf\logging.properties
24-May-2026 23:35:34.361 信息 [main] org.apache.catalina.startup.VersionLoggerListener.log 命令行参数：       -Djava.util.logging.manager=org.apache.juli.ClassLoaderLogManager
24-May-2026 23:35:34.361 信息 [main] org.apache.catalina.startup.VersionLoggerListener.log 命令行参数：       -javaagent:C:\Program Files\JetBrains\IntelliJ IDEA Community Edition 2024.3\lib\idea_rt.jar=5912:C:\Program Files\JetBrains\IntelliJ IDEA Community Edition 2024.3\bin
24-May-2026 23:35:34.361 信息 [main] org.apache.catalina.startup.VersionLoggerListener.log 命令行参数：       -Dfile.encoding=UTF-8
24-May-2026 23:35:34.361 信息 [main] org.apache.catalina.startup.VersionLoggerListener.log 命令行参数：       -Dsun.stdout.encoding=UTF-8
24-May-2026 23:35:34.361 信息 [main] org.apache.catalina.startup.VersionLoggerListener.log 命令行参数：       -Dsun.stderr.encoding=UTF-8
24-May-2026 23:35:34.368 信息 [main] org.apache.catalina.core.AprLifecycleListener.lifecycleEvent 在java.library.path:[C:\Program Files\Java\jdk-21\bin;C:\WINDOWS\Sun\Java\bin;C:\WINDOWS\system32;C:\WINDOWS;C:\Program Files (x86)\VMware\VMware Workstation\bin\;$env:PATH;C:\MinGW\bin;C:\Program Files\NVIDIA Corporation\NVIDIA App\NvDLISR;C:\Program Files\dotnet\;C:\Program Files\nodejs\;C:\Program Files\Git LFS;C:\Windows\System32;C:\Windows;C:\Windows\System32\WindowsPowerShell\v1.0;C:\Program Files (x86)\Microsoft SQL Server\170\Tools\Binn\;C:\Program Files\Microsoft SQL Server\170\Tools\Binn\;C:\Program Files\Microsoft SQL Server\Client SDK\ODBC\180\Tools\Binn\;C:\Program Files\Microsoft SQL Server\170\DTS\Binn\;D:\rational rose\common;C:\tools\deepseek;C:\Program Files\GitHub CLI\;C:\Users\links\.mavis\bin;C:\Users\links\AppData\Local\Microsoft\WindowsApps;C:\Users\links\.dotnet\tools;D:\cursor\resources\app\bin;D:\Microsoft VS Code\bin;C:\MinGW\bin;C:\Users\links\AppData\Roaming\npm;C:\Users\links\AppData\Roaming\npm\bin;C:\Program Files\Git\cmd;C:\Program Files\Git\bin;C:\Program Files\Java\jdk-17\bin;C:\Users\links\AppData\Local\Python\bin;.]上找不到基于APR的Apache Tomcat本机库，该库允许在生产环境中获得最佳性能
24-May-2026 23:35:34.539 信息 [main] org.apache.coyote.AbstractProtocol.init 初始化协议处理器 ["http-nio-8080"]
24-May-2026 23:35:34.552 信息 [main] org.apache.catalina.startup.Catalina.load 服务器在[354]毫秒内初始化
24-May-2026 23:35:34.599 信息 [main] org.apache.catalina.core.StandardService.startInternal 正在启动服务[Catalina]
24-May-2026 23:35:34.599 信息 [main] org.apache.catalina.core.StandardEngine.startInternal 正在启动 Servlet 引擎：[Apache Tomcat/10.1.52]
24-May-2026 23:35:34.608 信息 [main] org.apache.catalina.startup.HostConfig.deployDescriptor 正在部署部署描述符[D:\creat\property-management\src\main\webapp\conf\Catalina\localhost\webapp.xml]。
24-May-2026 23:35:35.433 信息 [main] org.apache.jasper.servlet.TldScanner.scanJars 至少有一个JAR被扫描用于TLD但尚未包含TLD。 为此记录器启用调试日志记录，以获取已扫描但未在其中找到TLD的完整JAR列表。 在扫描期间跳过不需要的JAR可以缩短启动时间和JSP编译时间。
24-May-2026 23:35:35.481 警告 [main] org.apache.catalina.filters.FilterBase.init 未为[org.apache.catalina.filters.SetCharacterEncodingFilter]类型的筛选器定义属性[forceEncoding]
24-May-2026 23:35:35.497 信息 [main] org.apache.catalina.startup.HostConfig.deployDescriptor 部署描述符[D:\creat\property-management\src\main\webapp\conf\Catalina\localhost\webapp.xml]的部署已在[886]ms内完成
24-May-2026 23:35:35.499 信息 [main] org.apache.coyote.AbstractProtocol.start 开始协议处理句柄["http-nio-8080"]
24-May-2026 23:35:35.516 信息 [main] org.apache.catalina.startup.Catalina.start [961]毫秒后服务器启动
24-May-2026 23:37:09.898 信息 [Thread-1] org.apache.coyote.AbstractProtocol.pause 暂停ProtocolHandler["http-nio-8080"]
24-May-2026 23:37:09.900 信息 [Thread-1] org.apache.catalina.core.StandardService.stopInternal 正在停止服务[Catalina]
24-May-2026 23:37:09.902 警告 [Thread-1] org.apache.catalina.loader.WebappClassLoaderBase.clearReferencesJdbc Web应用程序 [webapp] 注册了JDBC驱动程序 [com.microsoft.sqlserver.jdbc.SQLServerDriver]，但在Web应用程序停止时无法注销它。 为防止内存泄漏，JDBC驱动程序已被强制取消注册。
24-May-2026 23:37:09.904 严重 [Thread-1] org.apache.catalina.loader.WebappClassLoaderBase.checkThreadLocalMapForLeaks web应用程序[webapp]创建了一个ThreadLocal，其键类型为[java.lang.ThreadLocal]（值为[java.lang.ThreadLocal@5e22ab81]），值类型为[com.microsoft.sqlserver.jdbc.SQLServerConnection43]（值为[ConnectionID:48 ClientConnectionId: 7a907213-9601-4c65-816b-c81772308ed3），但在停止web应用程序时未能将其删除。线程将随着时间的推移而更新，以尝试避免可能的内存泄漏
24-May-2026 23:37:09.904 严重 [Thread-1] org.apache.catalina.loader.WebappClassLoaderBase.checkThreadLocalMapForLeaks web应用程序[webapp]创建了一个ThreadLocal，其键类型为[java.lang.ThreadLocal]（值为[java.lang.ThreadLocal@5e22ab81]），值类型为[com.microsoft.sqlserver.jdbc.SQLServerConnection43]（值为[ConnectionID:44 ClientConnectionId: dcda1cfd-0690-48d1-ac52-89f1e20fdc65），但在停止web应用程序时未能将其删除。线程将随着时间的推移而更新，以尝试避免可能的内存泄漏
24-May-2026 23:37:09.904 严重 [Thread-1] org.apache.catalina.loader.WebappClassLoaderBase.checkThreadLocalMapForLeaks web应用程序[webapp]创建了一个ThreadLocal，其键类型为[java.lang.ThreadLocal]（值为[java.lang.ThreadLocal@5e22ab81]），值类型为[com.microsoft.sqlserver.jdbc.SQLServerConnection43]（值为[ConnectionID:32 ClientConnectionId: d3abe68b-ed42-441f-b76a-f105189f9c57），但在停止web应用程序时未能将其删除。线程将随着时间的推移而更新，以尝试避免可能的内存泄漏
24-May-2026 23:37:09.905 严重 [Thread-1] org.apache.catalina.loader.WebappClassLoaderBase.checkThreadLocalMapForLeaks web应用程序[webapp]创建了一个ThreadLocal，其键类型为[java.lang.ThreadLocal]（值为[java.lang.ThreadLocal@5e22ab81]），值类型为[com.microsoft.sqlserver.jdbc.SQLServerConnection43]（值为[ConnectionID:23 ClientConnectionId: 5420d4c1-8b7c-4b76-ae4c-1e828935bc2a），但在停止web应用程序时未能将其删除。线程将随着时间的推移而更新，以尝试避免可能的内存泄漏
24-May-2026 23:37:09.905 严重 [Thread-1] org.apache.catalina.loader.WebappClassLoaderBase.checkThreadLocalMapForLeaks web应用程序[webapp]创建了一个ThreadLocal，其键类型为[java.lang.ThreadLocal]（值为[java.lang.ThreadLocal@5e22ab81]），值类型为[com.microsoft.sqlserver.jdbc.SQLServerConnection43]（值为[ConnectionID:47 ClientConnectionId: 808c90b0-093b-477d-8d5c-55efc4928aea），但在停止web应用程序时未能将其删除。线程将随着时间的推移而更新，以尝试避免可能的内存泄漏
24-May-2026 23:37:09.905 严重 [Thread-1] org.apache.catalina.loader.WebappClassLoaderBase.checkThreadLocalMapForLeaks web应用程序[webapp]创建了一个ThreadLocal，其键类型为[java.lang.ThreadLocal]（值为[java.lang.ThreadLocal@5e22ab81]），值类型为[com.microsoft.sqlserver.jdbc.SQLServerConnection43]（值为[ConnectionID:13 ClientConnectionId: fc02ff1c-e4e3-4dec-a361-bc3795bb06b7），但在停止web应用程序时未能将其删除。线程将随着时间的推移而更新，以尝试避免可能的内存泄漏
24-May-2026 23:37:09.905 严重 [Thread-1] org.apache.catalina.loader.WebappClassLoaderBase.checkThreadLocalMapForLeaks web应用程序[webapp]创建了一个ThreadLocal，其键类型为[java.lang.ThreadLocal]（值为[java.lang.ThreadLocal@5e22ab81]），值类型为[com.microsoft.sqlserver.jdbc.SQLServerConnection43]（值为[ConnectionID:34 ClientConnectionId: 50a1c4a2-e7d6-4b14-9ba9-0c6063357ed3），但在停止web应用程序时未能将其删除。线程将随着时间的推移而更新，以尝试避免可能的内存泄漏
24-May-2026 23:37:09.905 严重 [Thread-1] org.apache.catalina.loader.WebappClassLoaderBase.checkThreadLocalMapForLeaks web应用程序[webapp]创建了一个ThreadLocal，其键类型为[java.lang.ThreadLocal]（值为[java.lang.ThreadLocal@5e22ab81]），值类型为[com.microsoft.sqlserver.jdbc.SQLServerConnection43]（值为[ConnectionID:49 ClientConnectionId: c4268507-033a-4705-be27-135452cc57aa），但在停止web应用程序时未能将其删除。线程将随着时间的推移而更新，以尝试避免可能的内存泄漏
24-May-2026 23:37:09.906 严重 [Thread-1] org.apache.catalina.loader.WebappClassLoaderBase.checkThreadLocalMapForLeaks web应用程序[webapp]创建了一个ThreadLocal，其键类型为[java.lang.ThreadLocal]（值为[java.lang.ThreadLocal@5e22ab81]），值类型为[com.microsoft.sqlserver.jdbc.SQLServerConnection43]（值为[ConnectionID:36 ClientConnectionId: 912d672a-1063-47df-aef0-1b0c51f3585a），但在停止web应用程序时未能将其删除。线程将随着时间的推移而更新，以尝试避免可能的内存泄漏
24-May-2026 23:37:09.906 严重 [Thread-1] org.apache.catalina.loader.WebappClassLoaderBase.checkThreadLocalMapForLeaks web应用程序[webapp]创建了一个ThreadLocal，其键类型为[java.lang.ThreadLocal]（值为[java.lang.ThreadLocal@5e22ab81]），值类型为[com.microsoft.sqlserver.jdbc.SQLServerConnection43]（值为[ConnectionID:39 ClientConnectionId: b9876fe3-4957-42ff-ad59-8b3855b0c5ff），但在停止web应用程序时未能将其删除。线程将随着时间的推移而更新，以尝试避免可能的内存泄漏
24-May-2026 23:37:09.908 信息 [Thread-1] org.apache.coyote.AbstractProtocol.stop 正在停止ProtocolHandler ["http-nio-8080"]
24-May-2026 23:37:09.911 信息 [Thread-1] org.apache.coyote.AbstractProtocol.destroy 正在销毁协议处理器 ["http-nio-8080"]
