26-May-2026 16:00:46.582 信息 [main] org.apache.catalina.startup.VersionLoggerListener.log Server.服务器版本: Apache Tomcat/10.1.52
26-May-2026 16:00:46.584 信息 [main] org.apache.catalina.startup.VersionLoggerListener.log 服务器构建:        Jan 23 2026 19:29:07 UTC
26-May-2026 16:00:46.584 信息 [main] org.apache.catalina.startup.VersionLoggerListener.log 服务器版本号:      10.1.52.0
26-May-2026 16:00:46.585 信息 [main] org.apache.catalina.startup.VersionLoggerListener.log 操作系统名称:      Windows 11
26-May-2026 16:00:46.585 信息 [main] org.apache.catalina.startup.VersionLoggerListener.log OS.版本:           10.0
26-May-2026 16:00:46.585 信息 [main] org.apache.catalina.startup.VersionLoggerListener.log 架构:              amd64
26-May-2026 16:00:46.585 信息 [main] org.apache.catalina.startup.VersionLoggerListener.log Java 环境变量:     C:\Program Files\Java\jdk-21
26-May-2026 16:00:46.585 信息 [main] org.apache.catalina.startup.VersionLoggerListener.log Java虚拟机版本:    21.0.6+8-LTS-188
26-May-2026 16:00:46.585 信息 [main] org.apache.catalina.startup.VersionLoggerListener.log JVM.供应商:        Oracle Corporation
26-May-2026 16:00:46.585 信息 [main] org.apache.catalina.startup.VersionLoggerListener.log CATALINA_BASE:     D:\creat\property-management\src\main\webapp
26-May-2026 16:00:46.586 信息 [main] org.apache.catalina.startup.VersionLoggerListener.log CATALINA_HOME:     D:\apache-tomcat-10.1.52
26-May-2026 16:00:46.592 信息 [main] org.apache.catalina.startup.VersionLoggerListener.log 命令行参数：       --add-opens=java.base/java.lang=ALL-UNNAMED
26-May-2026 16:00:46.592 信息 [main] org.apache.catalina.startup.VersionLoggerListener.log 命令行参数：       --add-opens=java.base/java.io=ALL-UNNAMED
26-May-2026 16:00:46.592 信息 [main] org.apache.catalina.startup.VersionLoggerListener.log 命令行参数：       --add-opens=java.base/java.util=ALL-UNNAMED
26-May-2026 16:00:46.592 信息 [main] org.apache.catalina.startup.VersionLoggerListener.log 命令行参数：       --add-opens=java.base/java.util.concurrent=ALL-UNNAMED
26-May-2026 16:00:46.592 信息 [main] org.apache.catalina.startup.VersionLoggerListener.log 命令行参数：       --add-opens=java.rmi/sun.rmi.transport=ALL-UNNAMED
26-May-2026 16:00:46.592 信息 [main] org.apache.catalina.startup.VersionLoggerListener.log 命令行参数：       -Dcatalina.home=D:\apache-tomcat-10.1.52
26-May-2026 16:00:46.592 信息 [main] org.apache.catalina.startup.VersionLoggerListener.log 命令行参数：       -Dcatalina.base=D:\creat\property-management\src\main\webapp
26-May-2026 16:00:46.592 信息 [main] org.apache.catalina.startup.VersionLoggerListener.log 命令行参数：       -Djava.io.tmpdir=D:\creat\property-management\src\main\webapp\temp
26-May-2026 16:00:46.592 信息 [main] org.apache.catalina.startup.VersionLoggerListener.log 命令行参数：       -Djava.util.logging.config.file=D:\creat\property-management\src\main\webapp\conf\logging.properties
26-May-2026 16:00:46.593 信息 [main] org.apache.catalina.startup.VersionLoggerListener.log 命令行参数：       -Djava.util.logging.manager=org.apache.juli.ClassLoaderLogManager
26-May-2026 16:00:46.593 信息 [main] org.apache.catalina.startup.VersionLoggerListener.log 命令行参数：       -javaagent:C:\Program Files\JetBrains\IntelliJ IDEA Community Edition 2024.3\lib\idea_rt.jar=1645:C:\Program Files\JetBrains\IntelliJ IDEA Community Edition 2024.3\bin
26-May-2026 16:00:46.593 信息 [main] org.apache.catalina.startup.VersionLoggerListener.log 命令行参数：       -Dfile.encoding=UTF-8
26-May-2026 16:00:46.593 信息 [main] org.apache.catalina.startup.VersionLoggerListener.log 命令行参数：       -Dsun.stdout.encoding=UTF-8
26-May-2026 16:00:46.593 信息 [main] org.apache.catalina.startup.VersionLoggerListener.log 命令行参数：       -Dsun.stderr.encoding=UTF-8
26-May-2026 16:00:46.600 信息 [main] org.apache.catalina.core.AprLifecycleListener.lifecycleEvent 在java.library.path:[C:\Program Files\Java\jdk-21\bin;C:\WINDOWS\Sun\Java\bin;C:\WINDOWS\system32;C:\WINDOWS;C:\Program Files (x86)\VMware\VMware Workstation\bin\;$env:PATH;C:\MinGW\bin;C:\Program Files\NVIDIA Corporation\NVIDIA App\NvDLISR;C:\Program Files\dotnet\;C:\Program Files\nodejs\;C:\Program Files\Git LFS;C:\Windows\System32;C:\Windows;C:\Windows\System32\WindowsPowerShell\v1.0;C:\Program Files (x86)\Microsoft SQL Server\170\Tools\Binn\;C:\Program Files\Microsoft SQL Server\170\Tools\Binn\;C:\Program Files\Microsoft SQL Server\Client SDK\ODBC\180\Tools\Binn\;C:\Program Files\Microsoft SQL Server\170\DTS\Binn\;D:\rational rose\common;C:\tools\deepseek;C:\Program Files\GitHub CLI\;C:\Users\links\.mavis\bin;C:\Users\links\AppData\Local\Microsoft\WindowsApps;C:\Users\links\.dotnet\tools;D:\cursor\resources\app\bin;D:\Microsoft VS Code\bin;C:\MinGW\bin;C:\Users\links\AppData\Roaming\npm;C:\Users\links\AppData\Roaming\npm\bin;C:\Program Files\Git\cmd;C:\Program Files\Git\bin;C:\Program Files\Java\jdk-17\bin;C:\Users\links\AppData\Local\Python\bin;.]上找不到基于APR的Apache Tomcat本机库，该库允许在生产环境中获得最佳性能
26-May-2026 16:00:46.764 信息 [main] org.apache.coyote.AbstractProtocol.init 初始化协议处理器 ["http-nio-8080"]
26-May-2026 16:00:46.774 信息 [main] org.apache.catalina.startup.Catalina.load 服务器在[343]毫秒内初始化
26-May-2026 16:00:46.816 信息 [main] org.apache.catalina.core.StandardService.startInternal 正在启动服务[Catalina]
26-May-2026 16:00:46.816 信息 [main] org.apache.catalina.core.StandardEngine.startInternal 正在启动 Servlet 引擎：[Apache Tomcat/10.1.52]
26-May-2026 16:00:46.823 信息 [main] org.apache.catalina.startup.HostConfig.deployDescriptor 正在部署部署描述符[D:\creat\property-management\src\main\webapp\conf\Catalina\localhost\webapp.xml]。
26-May-2026 16:00:47.815 信息 [main] org.apache.jasper.servlet.TldScanner.scanJars 至少有一个JAR被扫描用于TLD但尚未包含TLD。 为此记录器启用调试日志记录，以获取已扫描但未在其中找到TLD的完整JAR列表。 在扫描期间跳过不需要的JAR可以缩短启动时间和JSP编译时间。
26-May-2026 16:00:47.866 警告 [main] org.apache.catalina.filters.FilterBase.init 未为[org.apache.catalina.filters.SetCharacterEncodingFilter]类型的筛选器定义属性[forceEncoding]
26-May-2026 16:00:47.878 信息 [main] org.apache.catalina.startup.HostConfig.deployDescriptor 部署描述符[D:\creat\property-management\src\main\webapp\conf\Catalina\localhost\webapp.xml]的部署已在[1,051]ms内完成
26-May-2026 16:00:47.881 信息 [main] org.apache.coyote.AbstractProtocol.start 开始协议处理句柄["http-nio-8080"]
26-May-2026 16:00:47.895 信息 [main] org.apache.catalina.startup.Catalina.start [1120]毫秒后服务器启动
26-May-2026 16:29:14.444 信息 [Thread-1] org.apache.coyote.AbstractProtocol.pause 暂停ProtocolHandler["http-nio-8080"]
26-May-2026 16:29:14.446 信息 [Thread-1] org.apache.catalina.core.StandardService.stopInternal 正在停止服务[Catalina]
26-May-2026 16:29:14.449 警告 [Thread-1] org.apache.catalina.loader.WebappClassLoaderBase.clearReferencesJdbc Web应用程序 [webapp] 注册了JDBC驱动程序 [com.microsoft.sqlserver.jdbc.SQLServerDriver]，但在Web应用程序停止时无法注销它。 为防止内存泄漏，JDBC驱动程序已被强制取消注册。
26-May-2026 16:29:14.451 严重 [Thread-1] org.apache.catalina.loader.WebappClassLoaderBase.checkThreadLocalMapForLeaks web应用程序[webapp]创建了一个ThreadLocal，其键类型为[java.lang.ThreadLocal]（值为[java.lang.ThreadLocal@3c6db864]），值类型为[com.microsoft.sqlserver.jdbc.SQLServerConnection43]（值为[ConnectionID:76 ClientConnectionId: 96b9c254-f6de-4821-b2a3-624dbba019a7），但在停止web应用程序时未能将其删除。线程将随着时间的推移而更新，以尝试避免可能的内存泄漏
26-May-2026 16:29:14.451 严重 [Thread-1] org.apache.catalina.loader.WebappClassLoaderBase.checkThreadLocalMapForLeaks web应用程序[webapp]创建了一个ThreadLocal，其键类型为[java.lang.ThreadLocal]（值为[java.lang.ThreadLocal@3c6db864]），值类型为[com.microsoft.sqlserver.jdbc.SQLServerConnection43]（值为[ConnectionID:83 ClientConnectionId: 0947a4ac-2630-4b9c-b4be-bdf7945a2821），但在停止web应用程序时未能将其删除。线程将随着时间的推移而更新，以尝试避免可能的内存泄漏
26-May-2026 16:29:14.451 严重 [Thread-1] org.apache.catalina.loader.WebappClassLoaderBase.checkThreadLocalMapForLeaks web应用程序[webapp]创建了一个ThreadLocal，其键类型为[java.lang.ThreadLocal]（值为[java.lang.ThreadLocal@3c6db864]），值类型为[com.microsoft.sqlserver.jdbc.SQLServerConnection43]（值为[ConnectionID:90 ClientConnectionId: 49b7b678-0a5f-4ea3-b6c7-11754faeae13），但在停止web应用程序时未能将其删除。线程将随着时间的推移而更新，以尝试避免可能的内存泄漏
26-May-2026 16:29:14.451 严重 [Thread-1] org.apache.catalina.loader.WebappClassLoaderBase.checkThreadLocalMapForLeaks web应用程序[webapp]创建了一个ThreadLocal，其键类型为[java.lang.ThreadLocal]（值为[java.lang.ThreadLocal@3c6db864]），值类型为[com.microsoft.sqlserver.jdbc.SQLServerConnection43]（值为[ConnectionID:72 ClientConnectionId: c7a542fa-a742-48b9-9077-6847e88bf0b6），但在停止web应用程序时未能将其删除。线程将随着时间的推移而更新，以尝试避免可能的内存泄漏
26-May-2026 16:29:14.452 严重 [Thread-1] org.apache.catalina.loader.WebappClassLoaderBase.checkThreadLocalMapForLeaks web应用程序[webapp]创建了一个ThreadLocal，其键类型为[java.lang.ThreadLocal]（值为[java.lang.ThreadLocal@3c6db864]），值类型为[com.microsoft.sqlserver.jdbc.SQLServerConnection43]（值为[ConnectionID:46 ClientConnectionId: f3f97ec5-0990-400e-b287-14627ceeb417），但在停止web应用程序时未能将其删除。线程将随着时间的推移而更新，以尝试避免可能的内存泄漏
26-May-2026 16:29:14.452 严重 [Thread-1] org.apache.catalina.loader.WebappClassLoaderBase.checkThreadLocalMapForLeaks web应用程序[webapp]创建了一个ThreadLocal，其键类型为[java.lang.ThreadLocal]（值为[java.lang.ThreadLocal@3c6db864]），值类型为[com.microsoft.sqlserver.jdbc.SQLServerConnection43]（值为[ConnectionID:73 ClientConnectionId: a517c168-8a83-48c6-bcfa-ee8d49fc7b74），但在停止web应用程序时未能将其删除。线程将随着时间的推移而更新，以尝试避免可能的内存泄漏
26-May-2026 16:29:14.452 严重 [Thread-1] org.apache.catalina.loader.WebappClassLoaderBase.checkThreadLocalMapForLeaks web应用程序[webapp]创建了一个ThreadLocal，其键类型为[java.lang.ThreadLocal]（值为[java.lang.ThreadLocal@3c6db864]），值类型为[com.microsoft.sqlserver.jdbc.SQLServerConnection43]（值为[ConnectionID:54 ClientConnectionId: e4422b60-4ea4-4663-998c-2f3e446edfdb），但在停止web应用程序时未能将其删除。线程将随着时间的推移而更新，以尝试避免可能的内存泄漏
26-May-2026 16:29:14.452 严重 [Thread-1] org.apache.catalina.loader.WebappClassLoaderBase.checkThreadLocalMapForLeaks web应用程序[webapp]创建了一个ThreadLocal，其键类型为[java.lang.ThreadLocal]（值为[java.lang.ThreadLocal@3c6db864]），值类型为[com.microsoft.sqlserver.jdbc.SQLServerConnection43]（值为[ConnectionID:74 ClientConnectionId: e1d8b6b7-0422-47cd-83a3-82f4c3407a55），但在停止web应用程序时未能将其删除。线程将随着时间的推移而更新，以尝试避免可能的内存泄漏
26-May-2026 16:29:14.452 严重 [Thread-1] org.apache.catalina.loader.WebappClassLoaderBase.checkThreadLocalMapForLeaks web应用程序[webapp]创建了一个ThreadLocal，其键类型为[java.lang.ThreadLocal]（值为[java.lang.ThreadLocal@3c6db864]），值类型为[com.microsoft.sqlserver.jdbc.SQLServerConnection43]（值为[ConnectionID:75 ClientConnectionId: 7957d2d0-0a58-4810-9f9c-494d0c3c2035），但在停止web应用程序时未能将其删除。线程将随着时间的推移而更新，以尝试避免可能的内存泄漏
26-May-2026 16:29:14.452 严重 [Thread-1] org.apache.catalina.loader.WebappClassLoaderBase.checkThreadLocalMapForLeaks web应用程序[webapp]创建了一个ThreadLocal，其键类型为[java.lang.ThreadLocal]（值为[java.lang.ThreadLocal@3c6db864]），值类型为[com.microsoft.sqlserver.jdbc.SQLServerConnection43]（值为[ConnectionID:78 ClientConnectionId: a8eafa93-2cb2-4338-acf4-163efa6ac34f），但在停止web应用程序时未能将其删除。线程将随着时间的推移而更新，以尝试避免可能的内存泄漏
26-May-2026 16:29:14.454 信息 [Thread-1] org.apache.coyote.AbstractProtocol.stop 正在停止ProtocolHandler ["http-nio-8080"]
26-May-2026 16:29:14.459 信息 [Thread-1] org.apache.coyote.AbstractProtocol.destroy 正在销毁协议处理器 ["http-nio-8080"]
26-May-2026 16:29:16.310 信息 [main] org.apache.catalina.startup.VersionLoggerListener.log Server.服务器版本: Apache Tomcat/10.1.52
26-May-2026 16:29:16.314 信息 [main] org.apache.catalina.startup.VersionLoggerListener.log 服务器构建:        Jan 23 2026 19:29:07 UTC
26-May-2026 16:29:16.314 信息 [main] org.apache.catalina.startup.VersionLoggerListener.log 服务器版本号:      10.1.52.0
26-May-2026 16:29:16.315 信息 [main] org.apache.catalina.startup.VersionLoggerListener.log 操作系统名称:      Windows 11
26-May-2026 16:29:16.315 信息 [main] org.apache.catalina.startup.VersionLoggerListener.log OS.版本:           10.0
26-May-2026 16:29:16.315 信息 [main] org.apache.catalina.startup.VersionLoggerListener.log 架构:              amd64
26-May-2026 16:29:16.315 信息 [main] org.apache.catalina.startup.VersionLoggerListener.log Java 环境变量:     C:\Program Files\Java\jdk-21
26-May-2026 16:29:16.315 信息 [main] org.apache.catalina.startup.VersionLoggerListener.log Java虚拟机版本:    21.0.6+8-LTS-188
26-May-2026 16:29:16.316 信息 [main] org.apache.catalina.startup.VersionLoggerListener.log JVM.供应商:        Oracle Corporation
26-May-2026 16:29:16.316 信息 [main] org.apache.catalina.startup.VersionLoggerListener.log CATALINA_BASE:     D:\creat\property-management\src\main\webapp
26-May-2026 16:29:16.316 信息 [main] org.apache.catalina.startup.VersionLoggerListener.log CATALINA_HOME:     D:\apache-tomcat-10.1.52
26-May-2026 16:29:16.322 信息 [main] org.apache.catalina.startup.VersionLoggerListener.log 命令行参数：       --add-opens=java.base/java.lang=ALL-UNNAMED
26-May-2026 16:29:16.323 信息 [main] org.apache.catalina.startup.VersionLoggerListener.log 命令行参数：       --add-opens=java.base/java.io=ALL-UNNAMED
26-May-2026 16:29:16.323 信息 [main] org.apache.catalina.startup.VersionLoggerListener.log 命令行参数：       --add-opens=java.base/java.util=ALL-UNNAMED
26-May-2026 16:29:16.323 信息 [main] org.apache.catalina.startup.VersionLoggerListener.log 命令行参数：       --add-opens=java.base/java.util.concurrent=ALL-UNNAMED
26-May-2026 16:29:16.323 信息 [main] org.apache.catalina.startup.VersionLoggerListener.log 命令行参数：       --add-opens=java.rmi/sun.rmi.transport=ALL-UNNAMED
26-May-2026 16:29:16.323 信息 [main] org.apache.catalina.startup.VersionLoggerListener.log 命令行参数：       -Dcatalina.home=D:\apache-tomcat-10.1.52
26-May-2026 16:29:16.323 信息 [main] org.apache.catalina.startup.VersionLoggerListener.log 命令行参数：       -Dcatalina.base=D:\creat\property-management\src\main\webapp
26-May-2026 16:29:16.323 信息 [main] org.apache.catalina.startup.VersionLoggerListener.log 命令行参数：       -Djava.io.tmpdir=D:\creat\property-management\src\main\webapp\temp
26-May-2026 16:29:16.324 信息 [main] org.apache.catalina.startup.VersionLoggerListener.log 命令行参数：       -Djava.util.logging.config.file=D:\creat\property-management\src\main\webapp\conf\logging.properties
26-May-2026 16:29:16.324 信息 [main] org.apache.catalina.startup.VersionLoggerListener.log 命令行参数：       -Djava.util.logging.manager=org.apache.juli.ClassLoaderLogManager
26-May-2026 16:29:16.324 信息 [main] org.apache.catalina.startup.VersionLoggerListener.log 命令行参数：       -javaagent:C:\Program Files\JetBrains\IntelliJ IDEA Community Edition 2024.3\lib\idea_rt.jar=4365:C:\Program Files\JetBrains\IntelliJ IDEA Community Edition 2024.3\bin
26-May-2026 16:29:16.324 信息 [main] org.apache.catalina.startup.VersionLoggerListener.log 命令行参数：       -Dfile.encoding=UTF-8
26-May-2026 16:29:16.324 信息 [main] org.apache.catalina.startup.VersionLoggerListener.log 命令行参数：       -Dsun.stdout.encoding=UTF-8
26-May-2026 16:29:16.324 信息 [main] org.apache.catalina.startup.VersionLoggerListener.log 命令行参数：       -Dsun.stderr.encoding=UTF-8
26-May-2026 16:29:16.330 信息 [main] org.apache.catalina.core.AprLifecycleListener.lifecycleEvent 在java.library.path:[C:\Program Files\Java\jdk-21\bin;C:\WINDOWS\Sun\Java\bin;C:\WINDOWS\system32;C:\WINDOWS;C:\Program Files (x86)\VMware\VMware Workstation\bin\;$env:PATH;C:\MinGW\bin;C:\Program Files\NVIDIA Corporation\NVIDIA App\NvDLISR;C:\Program Files\dotnet\;C:\Program Files\nodejs\;C:\Program Files\Git LFS;C:\Windows\System32;C:\Windows;C:\Windows\System32\WindowsPowerShell\v1.0;C:\Program Files (x86)\Microsoft SQL Server\170\Tools\Binn\;C:\Program Files\Microsoft SQL Server\170\Tools\Binn\;C:\Program Files\Microsoft SQL Server\Client SDK\ODBC\180\Tools\Binn\;C:\Program Files\Microsoft SQL Server\170\DTS\Binn\;D:\rational rose\common;C:\tools\deepseek;C:\Program Files\GitHub CLI\;C:\Users\links\.mavis\bin;C:\Users\links\AppData\Local\Microsoft\WindowsApps;C:\Users\links\.dotnet\tools;D:\cursor\resources\app\bin;D:\Microsoft VS Code\bin;C:\MinGW\bin;C:\Users\links\AppData\Roaming\npm;C:\Users\links\AppData\Roaming\npm\bin;C:\Program Files\Git\cmd;C:\Program Files\Git\bin;C:\Program Files\Java\jdk-17\bin;C:\Users\links\AppData\Local\Python\bin;.]上找不到基于APR的Apache Tomcat本机库，该库允许在生产环境中获得最佳性能
26-May-2026 16:29:16.473 信息 [main] org.apache.coyote.AbstractProtocol.init 初始化协议处理器 ["http-nio-8080"]
26-May-2026 16:29:16.483 信息 [main] org.apache.catalina.startup.Catalina.load 服务器在[286]毫秒内初始化
26-May-2026 16:29:16.520 信息 [main] org.apache.catalina.core.StandardService.startInternal 正在启动服务[Catalina]
26-May-2026 16:29:16.520 信息 [main] org.apache.catalina.core.StandardEngine.startInternal 正在启动 Servlet 引擎：[Apache Tomcat/10.1.52]
26-May-2026 16:29:16.526 信息 [main] org.apache.catalina.startup.HostConfig.deployDescriptor 正在部署部署描述符[D:\creat\property-management\src\main\webapp\conf\Catalina\localhost\webapp.xml]。
26-May-2026 16:29:17.282 信息 [main] org.apache.jasper.servlet.TldScanner.scanJars 至少有一个JAR被扫描用于TLD但尚未包含TLD。 为此记录器启用调试日志记录，以获取已扫描但未在其中找到TLD的完整JAR列表。 在扫描期间跳过不需要的JAR可以缩短启动时间和JSP编译时间。
26-May-2026 16:29:17.332 警告 [main] org.apache.catalina.filters.FilterBase.init 未为[org.apache.catalina.filters.SetCharacterEncodingFilter]类型的筛选器定义属性[forceEncoding]
26-May-2026 16:29:17.345 信息 [main] org.apache.catalina.startup.HostConfig.deployDescriptor 部署描述符[D:\creat\property-management\src\main\webapp\conf\Catalina\localhost\webapp.xml]的部署已在[816]ms内完成
26-May-2026 16:29:17.348 信息 [main] org.apache.coyote.AbstractProtocol.start 开始协议处理句柄["http-nio-8080"]
26-May-2026 16:29:17.365 信息 [main] org.apache.catalina.startup.Catalina.start [880]毫秒后服务器启动
26-May-2026 16:31:28.846 信息 [Thread-1] org.apache.coyote.AbstractProtocol.pause 暂停ProtocolHandler["http-nio-8080"]
26-May-2026 16:31:28.849 信息 [Thread-1] org.apache.catalina.core.StandardService.stopInternal 正在停止服务[Catalina]
26-May-2026 16:31:28.851 警告 [Thread-1] org.apache.catalina.loader.WebappClassLoaderBase.clearReferencesJdbc Web应用程序 [webapp] 注册了JDBC驱动程序 [com.microsoft.sqlserver.jdbc.SQLServerDriver]，但在Web应用程序停止时无法注销它。 为防止内存泄漏，JDBC驱动程序已被强制取消注册。
26-May-2026 16:31:28.853 严重 [Thread-1] org.apache.catalina.loader.WebappClassLoaderBase.checkThreadLocalMapForLeaks web应用程序[webapp]创建了一个ThreadLocal，其键类型为[java.lang.ThreadLocal]（值为[java.lang.ThreadLocal@1e38a070]），值类型为[com.microsoft.sqlserver.jdbc.SQLServerConnection43]（值为[ConnectionID:20 ClientConnectionId: 55a426c7-ca85-4ac9-89fa-f8c6bda8cd41），但在停止web应用程序时未能将其删除。线程将随着时间的推移而更新，以尝试避免可能的内存泄漏
26-May-2026 16:31:28.853 严重 [Thread-1] org.apache.catalina.loader.WebappClassLoaderBase.checkThreadLocalMapForLeaks web应用程序[webapp]创建了一个ThreadLocal，其键类型为[java.lang.ThreadLocal]（值为[java.lang.ThreadLocal@1e38a070]），值类型为[com.microsoft.sqlserver.jdbc.SQLServerConnection43]（值为[ConnectionID:2 ClientConnectionId: 44fbc2b5-17b3-41eb-89fb-a66eb7ea5fe0），但在停止web应用程序时未能将其删除。线程将随着时间的推移而更新，以尝试避免可能的内存泄漏
26-May-2026 16:31:28.853 严重 [Thread-1] org.apache.catalina.loader.WebappClassLoaderBase.checkThreadLocalMapForLeaks web应用程序[webapp]创建了一个ThreadLocal，其键类型为[java.lang.ThreadLocal]（值为[java.lang.ThreadLocal@1e38a070]），值类型为[com.microsoft.sqlserver.jdbc.SQLServerConnection43]（值为[ConnectionID:4 ClientConnectionId: ee53f327-6177-4ae8-ad99-a2a563776d50），但在停止web应用程序时未能将其删除。线程将随着时间的推移而更新，以尝试避免可能的内存泄漏
26-May-2026 16:31:28.853 严重 [Thread-1] org.apache.catalina.loader.WebappClassLoaderBase.checkThreadLocalMapForLeaks web应用程序[webapp]创建了一个ThreadLocal，其键类型为[java.lang.ThreadLocal]（值为[java.lang.ThreadLocal@1e38a070]），值类型为[com.microsoft.sqlserver.jdbc.SQLServerConnection43]（值为[ConnectionID:5 ClientConnectionId: b74b6b85-9f22-484a-97e4-32857356147f），但在停止web应用程序时未能将其删除。线程将随着时间的推移而更新，以尝试避免可能的内存泄漏
26-May-2026 16:31:28.853 严重 [Thread-1] org.apache.catalina.loader.WebappClassLoaderBase.checkThreadLocalMapForLeaks web应用程序[webapp]创建了一个ThreadLocal，其键类型为[java.lang.ThreadLocal]（值为[java.lang.ThreadLocal@1e38a070]），值类型为[com.microsoft.sqlserver.jdbc.SQLServerConnection43]（值为[ConnectionID:6 ClientConnectionId: c070fe18-022a-4a3a-84eb-9cc573bedcc6），但在停止web应用程序时未能将其删除。线程将随着时间的推移而更新，以尝试避免可能的内存泄漏
26-May-2026 16:31:28.853 严重 [Thread-1] org.apache.catalina.loader.WebappClassLoaderBase.checkThreadLocalMapForLeaks web应用程序[webapp]创建了一个ThreadLocal，其键类型为[java.lang.ThreadLocal]（值为[java.lang.ThreadLocal@1e38a070]），值类型为[com.microsoft.sqlserver.jdbc.SQLServerConnection43]（值为[ConnectionID:8 ClientConnectionId: 03146032-a658-4aab-ae6b-b6eac66cdc9f），但在停止web应用程序时未能将其删除。线程将随着时间的推移而更新，以尝试避免可能的内存泄漏
26-May-2026 16:31:28.853 严重 [Thread-1] org.apache.catalina.loader.WebappClassLoaderBase.checkThreadLocalMapForLeaks web应用程序[webapp]创建了一个ThreadLocal，其键类型为[java.lang.ThreadLocal]（值为[java.lang.ThreadLocal@1e38a070]），值类型为[com.microsoft.sqlserver.jdbc.SQLServerConnection43]（值为[ConnectionID:13 ClientConnectionId: 4e8aa2c4-1a92-4b39-9624-099868b210d6），但在停止web应用程序时未能将其删除。线程将随着时间的推移而更新，以尝试避免可能的内存泄漏
26-May-2026 16:31:28.855 信息 [Thread-1] org.apache.coyote.AbstractProtocol.stop 正在停止ProtocolHandler ["http-nio-8080"]
26-May-2026 16:31:28.859 信息 [Thread-1] org.apache.coyote.AbstractProtocol.destroy 正在销毁协议处理器 ["http-nio-8080"]
26-May-2026 16:32:13.935 信息 [main] org.apache.catalina.startup.VersionLoggerListener.log Server.服务器版本: Apache Tomcat/10.1.52
26-May-2026 16:32:13.938 信息 [main] org.apache.catalina.startup.VersionLoggerListener.log 服务器构建:        Jan 23 2026 19:29:07 UTC
26-May-2026 16:32:13.938 信息 [main] org.apache.catalina.startup.VersionLoggerListener.log 服务器版本号:      10.1.52.0
26-May-2026 16:32:13.938 信息 [main] org.apache.catalina.startup.VersionLoggerListener.log 操作系统名称:      Windows 11
26-May-2026 16:32:13.938 信息 [main] org.apache.catalina.startup.VersionLoggerListener.log OS.版本:           10.0
26-May-2026 16:32:13.938 信息 [main] org.apache.catalina.startup.VersionLoggerListener.log 架构:              amd64
26-May-2026 16:32:13.938 信息 [main] org.apache.catalina.startup.VersionLoggerListener.log Java 环境变量:     C:\Program Files\Java\jdk-21
26-May-2026 16:32:13.939 信息 [main] org.apache.catalina.startup.VersionLoggerListener.log Java虚拟机版本:    21.0.6+8-LTS-188
26-May-2026 16:32:13.939 信息 [main] org.apache.catalina.startup.VersionLoggerListener.log JVM.供应商:        Oracle Corporation
26-May-2026 16:32:13.939 信息 [main] org.apache.catalina.startup.VersionLoggerListener.log CATALINA_BASE:     D:\creat\property-management\src\main\webapp
26-May-2026 16:32:13.939 信息 [main] org.apache.catalina.startup.VersionLoggerListener.log CATALINA_HOME:     D:\apache-tomcat-10.1.52
26-May-2026 16:32:13.945 信息 [main] org.apache.catalina.startup.VersionLoggerListener.log 命令行参数：       --add-opens=java.base/java.lang=ALL-UNNAMED
26-May-2026 16:32:13.945 信息 [main] org.apache.catalina.startup.VersionLoggerListener.log 命令行参数：       --add-opens=java.base/java.io=ALL-UNNAMED
26-May-2026 16:32:13.945 信息 [main] org.apache.catalina.startup.VersionLoggerListener.log 命令行参数：       --add-opens=java.base/java.util=ALL-UNNAMED
26-May-2026 16:32:13.945 信息 [main] org.apache.catalina.startup.VersionLoggerListener.log 命令行参数：       --add-opens=java.base/java.util.concurrent=ALL-UNNAMED
26-May-2026 16:32:13.945 信息 [main] org.apache.catalina.startup.VersionLoggerListener.log 命令行参数：       --add-opens=java.rmi/sun.rmi.transport=ALL-UNNAMED
26-May-2026 16:32:13.945 信息 [main] org.apache.catalina.startup.VersionLoggerListener.log 命令行参数：       -Dcatalina.home=D:\apache-tomcat-10.1.52
26-May-2026 16:32:13.945 信息 [main] org.apache.catalina.startup.VersionLoggerListener.log 命令行参数：       -Dcatalina.base=D:\creat\property-management\src\main\webapp
26-May-2026 16:32:13.946 信息 [main] org.apache.catalina.startup.VersionLoggerListener.log 命令行参数：       -Djava.io.tmpdir=D:\creat\property-management\src\main\webapp\temp
26-May-2026 16:32:13.946 信息 [main] org.apache.catalina.startup.VersionLoggerListener.log 命令行参数：       -Djava.util.logging.config.file=D:\creat\property-management\src\main\webapp\conf\logging.properties
26-May-2026 16:32:13.946 信息 [main] org.apache.catalina.startup.VersionLoggerListener.log 命令行参数：       -Djava.util.logging.manager=org.apache.juli.ClassLoaderLogManager
26-May-2026 16:32:13.946 信息 [main] org.apache.catalina.startup.VersionLoggerListener.log 命令行参数：       -javaagent:C:\Program Files\JetBrains\IntelliJ IDEA Community Edition 2024.3\lib\idea_rt.jar=12707:C:\Program Files\JetBrains\IntelliJ IDEA Community Edition 2024.3\bin
26-May-2026 16:32:13.946 信息 [main] org.apache.catalina.startup.VersionLoggerListener.log 命令行参数：       -Dfile.encoding=UTF-8
26-May-2026 16:32:13.946 信息 [main] org.apache.catalina.startup.VersionLoggerListener.log 命令行参数：       -Dsun.stdout.encoding=UTF-8
26-May-2026 16:32:13.947 信息 [main] org.apache.catalina.startup.VersionLoggerListener.log 命令行参数：       -Dsun.stderr.encoding=UTF-8
26-May-2026 16:32:13.951 信息 [main] org.apache.catalina.core.AprLifecycleListener.lifecycleEvent 在java.library.path:[C:\Program Files\Java\jdk-21\bin;C:\WINDOWS\Sun\Java\bin;C:\WINDOWS\system32;C:\WINDOWS;C:\Program Files (x86)\VMware\VMware Workstation\bin\;$env:PATH;C:\MinGW\bin;C:\Program Files\NVIDIA Corporation\NVIDIA App\NvDLISR;C:\Program Files\dotnet\;C:\Program Files\nodejs\;C:\Program Files\Git LFS;C:\Windows\System32;C:\Windows;C:\Windows\System32\WindowsPowerShell\v1.0;C:\Program Files (x86)\Microsoft SQL Server\170\Tools\Binn\;C:\Program Files\Microsoft SQL Server\170\Tools\Binn\;C:\Program Files\Microsoft SQL Server\Client SDK\ODBC\180\Tools\Binn\;C:\Program Files\Microsoft SQL Server\170\DTS\Binn\;D:\rational rose\common;C:\tools\deepseek;C:\Program Files\GitHub CLI\;C:\Users\links\.mavis\bin;C:\Users\links\AppData\Local\Microsoft\WindowsApps;C:\Users\links\.dotnet\tools;D:\cursor\resources\app\bin;D:\Microsoft VS Code\bin;C:\MinGW\bin;C:\Users\links\AppData\Roaming\npm;C:\Users\links\AppData\Roaming\npm\bin;C:\Program Files\Git\cmd;C:\Program Files\Git\bin;C:\Program Files\Java\jdk-17\bin;C:\Users\links\AppData\Local\Python\bin;.]上找不到基于APR的Apache Tomcat本机库，该库允许在生产环境中获得最佳性能
26-May-2026 16:32:14.100 信息 [main] org.apache.coyote.AbstractProtocol.init 初始化协议处理器 ["http-nio-8080"]
26-May-2026 16:32:14.110 信息 [main] org.apache.catalina.startup.Catalina.load 服务器在[287]毫秒内初始化
26-May-2026 16:32:14.152 信息 [main] org.apache.catalina.core.StandardService.startInternal 正在启动服务[Catalina]
26-May-2026 16:32:14.152 信息 [main] org.apache.catalina.core.StandardEngine.startInternal 正在启动 Servlet 引擎：[Apache Tomcat/10.1.52]
26-May-2026 16:32:14.162 信息 [main] org.apache.catalina.startup.HostConfig.deployDescriptor 正在部署部署描述符[D:\creat\property-management\src\main\webapp\conf\Catalina\localhost\webapp.xml]。
26-May-2026 16:32:14.884 信息 [main] org.apache.jasper.servlet.TldScanner.scanJars 至少有一个JAR被扫描用于TLD但尚未包含TLD。 为此记录器启用调试日志记录，以获取已扫描但未在其中找到TLD的完整JAR列表。 在扫描期间跳过不需要的JAR可以缩短启动时间和JSP编译时间。
26-May-2026 16:32:14.932 警告 [main] org.apache.catalina.filters.FilterBase.init 未为[org.apache.catalina.filters.SetCharacterEncodingFilter]类型的筛选器定义属性[forceEncoding]
26-May-2026 16:32:14.941 信息 [main] org.apache.catalina.startup.HostConfig.deployDescriptor 部署描述符[D:\creat\property-management\src\main\webapp\conf\Catalina\localhost\webapp.xml]的部署已在[778]ms内完成
26-May-2026 16:32:14.944 信息 [main] org.apache.coyote.AbstractProtocol.start 开始协议处理句柄["http-nio-8080"]
26-May-2026 16:32:14.959 信息 [main] org.apache.catalina.startup.Catalina.start [848]毫秒后服务器启动
26-May-2026 16:35:42.556 信息 [Thread-1] org.apache.coyote.AbstractProtocol.pause 暂停ProtocolHandler["http-nio-8080"]
26-May-2026 16:35:42.559 信息 [Thread-1] org.apache.catalina.core.StandardService.stopInternal 正在停止服务[Catalina]
26-May-2026 16:35:42.562 警告 [Thread-1] org.apache.catalina.loader.WebappClassLoaderBase.clearReferencesJdbc Web应用程序 [webapp] 注册了JDBC驱动程序 [com.microsoft.sqlserver.jdbc.SQLServerDriver]，但在Web应用程序停止时无法注销它。 为防止内存泄漏，JDBC驱动程序已被强制取消注册。
26-May-2026 16:35:42.563 严重 [Thread-1] org.apache.catalina.loader.WebappClassLoaderBase.checkThreadLocalMapForLeaks web应用程序[webapp]创建了一个ThreadLocal，其键类型为[java.lang.ThreadLocal]（值为[java.lang.ThreadLocal@1b80dcc9]），值类型为[com.microsoft.sqlserver.jdbc.SQLServerConnection43]（值为[ConnectionID:29 ClientConnectionId: 58adb399-f4be-4e55-8854-7139355f654c），但在停止web应用程序时未能将其删除。线程将随着时间的推移而更新，以尝试避免可能的内存泄漏
26-May-2026 16:35:42.563 严重 [Thread-1] org.apache.catalina.loader.WebappClassLoaderBase.checkThreadLocalMapForLeaks web应用程序[webapp]创建了一个ThreadLocal，其键类型为[java.lang.ThreadLocal]（值为[java.lang.ThreadLocal@1b80dcc9]），值类型为[com.microsoft.sqlserver.jdbc.SQLServerConnection43]（值为[ConnectionID:30 ClientConnectionId: 71c9d7ed-9e60-42b5-b787-6e972bee6466），但在停止web应用程序时未能将其删除。线程将随着时间的推移而更新，以尝试避免可能的内存泄漏
26-May-2026 16:35:42.563 严重 [Thread-1] org.apache.catalina.loader.WebappClassLoaderBase.checkThreadLocalMapForLeaks web应用程序[webapp]创建了一个ThreadLocal，其键类型为[java.lang.ThreadLocal]（值为[java.lang.ThreadLocal@1b80dcc9]），值类型为[com.microsoft.sqlserver.jdbc.SQLServerConnection43]（值为[ConnectionID:2 ClientConnectionId: 2e318bb4-03e0-484f-866a-c4fbce303509），但在停止web应用程序时未能将其删除。线程将随着时间的推移而更新，以尝试避免可能的内存泄漏
26-May-2026 16:35:42.563 严重 [Thread-1] org.apache.catalina.loader.WebappClassLoaderBase.checkThreadLocalMapForLeaks web应用程序[webapp]创建了一个ThreadLocal，其键类型为[java.lang.ThreadLocal]（值为[java.lang.ThreadLocal@1b80dcc9]），值类型为[com.microsoft.sqlserver.jdbc.SQLServerConnection43]（值为[ConnectionID:31 ClientConnectionId: e6cfd37f-40ab-4b90-8fbc-c884e03b1238），但在停止web应用程序时未能将其删除。线程将随着时间的推移而更新，以尝试避免可能的内存泄漏
26-May-2026 16:35:42.564 严重 [Thread-1] org.apache.catalina.loader.WebappClassLoaderBase.checkThreadLocalMapForLeaks web应用程序[webapp]创建了一个ThreadLocal，其键类型为[java.lang.ThreadLocal]（值为[java.lang.ThreadLocal@1b80dcc9]），值类型为[com.microsoft.sqlserver.jdbc.SQLServerConnection43]（值为[ConnectionID:23 ClientConnectionId: 04bb2c93-74c0-4a2f-a9e4-a7f814e72a31），但在停止web应用程序时未能将其删除。线程将随着时间的推移而更新，以尝试避免可能的内存泄漏
26-May-2026 16:35:42.564 严重 [Thread-1] org.apache.catalina.loader.WebappClassLoaderBase.checkThreadLocalMapForLeaks web应用程序[webapp]创建了一个ThreadLocal，其键类型为[java.lang.ThreadLocal]（值为[java.lang.ThreadLocal@1b80dcc9]），值类型为[com.microsoft.sqlserver.jdbc.SQLServerConnection43]（值为[ConnectionID:26 ClientConnectionId: 86b15c4c-83e2-4943-a4dd-f9a20578de3f），但在停止web应用程序时未能将其删除。线程将随着时间的推移而更新，以尝试避免可能的内存泄漏
26-May-2026 16:35:42.564 严重 [Thread-1] org.apache.catalina.loader.WebappClassLoaderBase.checkThreadLocalMapForLeaks web应用程序[webapp]创建了一个ThreadLocal，其键类型为[java.lang.ThreadLocal]（值为[java.lang.ThreadLocal@1b80dcc9]），值类型为[com.microsoft.sqlserver.jdbc.SQLServerConnection43]（值为[ConnectionID:32 ClientConnectionId: 11553068-6909-4e5b-8c4b-f47a6fcf100a），但在停止web应用程序时未能将其删除。线程将随着时间的推移而更新，以尝试避免可能的内存泄漏
26-May-2026 16:35:42.564 严重 [Thread-1] org.apache.catalina.loader.WebappClassLoaderBase.checkThreadLocalMapForLeaks web应用程序[webapp]创建了一个ThreadLocal，其键类型为[java.lang.ThreadLocal]（值为[java.lang.ThreadLocal@1b80dcc9]），值类型为[com.microsoft.sqlserver.jdbc.SQLServerConnection43]（值为[ConnectionID:9 ClientConnectionId: 5585904f-9192-4cfd-977b-8573bc35d911），但在停止web应用程序时未能将其删除。线程将随着时间的推移而更新，以尝试避免可能的内存泄漏
26-May-2026 16:35:42.564 严重 [Thread-1] org.apache.catalina.loader.WebappClassLoaderBase.checkThreadLocalMapForLeaks web应用程序[webapp]创建了一个ThreadLocal，其键类型为[java.lang.ThreadLocal]（值为[java.lang.ThreadLocal@1b80dcc9]），值类型为[com.microsoft.sqlserver.jdbc.SQLServerConnection43]（值为[ConnectionID:28 ClientConnectionId: 6277f11b-9bfe-49c9-b5e0-56781890fd4d），但在停止web应用程序时未能将其删除。线程将随着时间的推移而更新，以尝试避免可能的内存泄漏
26-May-2026 16:35:42.569 信息 [Thread-1] org.apache.coyote.AbstractProtocol.stop 正在停止ProtocolHandler ["http-nio-8080"]
26-May-2026 16:35:42.575 信息 [Thread-1] org.apache.coyote.AbstractProtocol.destroy 正在销毁协议处理器 ["http-nio-8080"]
26-May-2026 16:35:44.065 信息 [main] org.apache.catalina.startup.VersionLoggerListener.log Server.服务器版本: Apache Tomcat/10.1.52
26-May-2026 16:35:44.068 信息 [main] org.apache.catalina.startup.VersionLoggerListener.log 服务器构建:        Jan 23 2026 19:29:07 UTC
26-May-2026 16:35:44.068 信息 [main] org.apache.catalina.startup.VersionLoggerListener.log 服务器版本号:      10.1.52.0
26-May-2026 16:35:44.068 信息 [main] org.apache.catalina.startup.VersionLoggerListener.log 操作系统名称:      Windows 11
26-May-2026 16:35:44.068 信息 [main] org.apache.catalina.startup.VersionLoggerListener.log OS.版本:           10.0
26-May-2026 16:35:44.069 信息 [main] org.apache.catalina.startup.VersionLoggerListener.log 架构:              amd64
26-May-2026 16:35:44.069 信息 [main] org.apache.catalina.startup.VersionLoggerListener.log Java 环境变量:     C:\Program Files\Java\jdk-21
26-May-2026 16:35:44.069 信息 [main] org.apache.catalina.startup.VersionLoggerListener.log Java虚拟机版本:    21.0.6+8-LTS-188
26-May-2026 16:35:44.069 信息 [main] org.apache.catalina.startup.VersionLoggerListener.log JVM.供应商:        Oracle Corporation
26-May-2026 16:35:44.069 信息 [main] org.apache.catalina.startup.VersionLoggerListener.log CATALINA_BASE:     D:\creat\property-management\src\main\webapp
26-May-2026 16:35:44.069 信息 [main] org.apache.catalina.startup.VersionLoggerListener.log CATALINA_HOME:     D:\apache-tomcat-10.1.52
26-May-2026 16:35:44.075 信息 [main] org.apache.catalina.startup.VersionLoggerListener.log 命令行参数：       --add-opens=java.base/java.lang=ALL-UNNAMED
26-May-2026 16:35:44.075 信息 [main] org.apache.catalina.startup.VersionLoggerListener.log 命令行参数：       --add-opens=java.base/java.io=ALL-UNNAMED
26-May-2026 16:35:44.075 信息 [main] org.apache.catalina.startup.VersionLoggerListener.log 命令行参数：       --add-opens=java.base/java.util=ALL-UNNAMED
26-May-2026 16:35:44.075 信息 [main] org.apache.catalina.startup.VersionLoggerListener.log 命令行参数：       --add-opens=java.base/java.util.concurrent=ALL-UNNAMED
26-May-2026 16:35:44.075 信息 [main] org.apache.catalina.startup.VersionLoggerListener.log 命令行参数：       --add-opens=java.rmi/sun.rmi.transport=ALL-UNNAMED
26-May-2026 16:35:44.075 信息 [main] org.apache.catalina.startup.VersionLoggerListener.log 命令行参数：       -Dcatalina.home=D:\apache-tomcat-10.1.52
26-May-2026 16:35:44.075 信息 [main] org.apache.catalina.startup.VersionLoggerListener.log 命令行参数：       -Dcatalina.base=D:\creat\property-management\src\main\webapp
26-May-2026 16:35:44.076 信息 [main] org.apache.catalina.startup.VersionLoggerListener.log 命令行参数：       -Djava.io.tmpdir=D:\creat\property-management\src\main\webapp\temp
26-May-2026 16:35:44.076 信息 [main] org.apache.catalina.startup.VersionLoggerListener.log 命令行参数：       -Djava.util.logging.config.file=D:\creat\property-management\src\main\webapp\conf\logging.properties
26-May-2026 16:35:44.076 信息 [main] org.apache.catalina.startup.VersionLoggerListener.log 命令行参数：       -Djava.util.logging.manager=org.apache.juli.ClassLoaderLogManager
26-May-2026 16:35:44.076 信息 [main] org.apache.catalina.startup.VersionLoggerListener.log 命令行参数：       -javaagent:C:\Program Files\JetBrains\IntelliJ IDEA Community Edition 2024.3\lib\idea_rt.jar=6966:C:\Program Files\JetBrains\IntelliJ IDEA Community Edition 2024.3\bin
26-May-2026 16:35:44.076 信息 [main] org.apache.catalina.startup.VersionLoggerListener.log 命令行参数：       -Dfile.encoding=UTF-8
26-May-2026 16:35:44.077 信息 [main] org.apache.catalina.startup.VersionLoggerListener.log 命令行参数：       -Dsun.stdout.encoding=UTF-8
26-May-2026 16:35:44.077 信息 [main] org.apache.catalina.startup.VersionLoggerListener.log 命令行参数：       -Dsun.stderr.encoding=UTF-8
26-May-2026 16:35:44.084 信息 [main] org.apache.catalina.core.AprLifecycleListener.lifecycleEvent 在java.library.path:[C:\Program Files\Java\jdk-21\bin;C:\WINDOWS\Sun\Java\bin;C:\WINDOWS\system32;C:\WINDOWS;C:\Program Files (x86)\VMware\VMware Workstation\bin\;$env:PATH;C:\MinGW\bin;C:\Program Files\NVIDIA Corporation\NVIDIA App\NvDLISR;C:\Program Files\dotnet\;C:\Program Files\nodejs\;C:\Program Files\Git LFS;C:\Windows\System32;C:\Windows;C:\Windows\System32\WindowsPowerShell\v1.0;C:\Program Files (x86)\Microsoft SQL Server\170\Tools\Binn\;C:\Program Files\Microsoft SQL Server\170\Tools\Binn\;C:\Program Files\Microsoft SQL Server\Client SDK\ODBC\180\Tools\Binn\;C:\Program Files\Microsoft SQL Server\170\DTS\Binn\;D:\rational rose\common;C:\tools\deepseek;C:\Program Files\GitHub CLI\;C:\Users\links\.mavis\bin;C:\Users\links\AppData\Local\Microsoft\WindowsApps;C:\Users\links\.dotnet\tools;D:\cursor\resources\app\bin;D:\Microsoft VS Code\bin;C:\MinGW\bin;C:\Users\links\AppData\Roaming\npm;C:\Users\links\AppData\Roaming\npm\bin;C:\Program Files\Git\cmd;C:\Program Files\Git\bin;C:\Program Files\Java\jdk-17\bin;C:\Users\links\AppData\Local\Python\bin;.]上找不到基于APR的Apache Tomcat本机库，该库允许在生产环境中获得最佳性能
26-May-2026 16:35:44.232 信息 [main] org.apache.coyote.AbstractProtocol.init 初始化协议处理器 ["http-nio-8080"]
26-May-2026 16:35:44.241 信息 [main] org.apache.catalina.startup.Catalina.load 服务器在[302]毫秒内初始化
26-May-2026 16:35:44.280 信息 [main] org.apache.catalina.core.StandardService.startInternal 正在启动服务[Catalina]
26-May-2026 16:35:44.280 信息 [main] org.apache.catalina.core.StandardEngine.startInternal 正在启动 Servlet 引擎：[Apache Tomcat/10.1.52]
26-May-2026 16:35:44.287 信息 [main] org.apache.catalina.startup.HostConfig.deployDescriptor 正在部署部署描述符[D:\creat\property-management\src\main\webapp\conf\Catalina\localhost\webapp.xml]。
26-May-2026 16:35:44.979 信息 [main] org.apache.jasper.servlet.TldScanner.scanJars 至少有一个JAR被扫描用于TLD但尚未包含TLD。 为此记录器启用调试日志记录，以获取已扫描但未在其中找到TLD的完整JAR列表。 在扫描期间跳过不需要的JAR可以缩短启动时间和JSP编译时间。
26-May-2026 16:35:45.020 警告 [main] org.apache.catalina.filters.FilterBase.init 未为[org.apache.catalina.filters.SetCharacterEncodingFilter]类型的筛选器定义属性[forceEncoding]
26-May-2026 16:35:45.031 信息 [main] org.apache.catalina.startup.HostConfig.deployDescriptor 部署描述符[D:\creat\property-management\src\main\webapp\conf\Catalina\localhost\webapp.xml]的部署已在[741]ms内完成
26-May-2026 16:35:45.033 信息 [main] org.apache.coyote.AbstractProtocol.start 开始协议处理句柄["http-nio-8080"]
26-May-2026 16:35:45.047 信息 [main] org.apache.catalina.startup.Catalina.start [804]毫秒后服务器启动
26-May-2026 16:36:05.202 信息 [Thread-1] org.apache.coyote.AbstractProtocol.pause 暂停ProtocolHandler["http-nio-8080"]
26-May-2026 16:36:05.204 信息 [Thread-1] org.apache.catalina.core.StandardService.stopInternal 正在停止服务[Catalina]
26-May-2026 16:36:05.208 警告 [Thread-1] org.apache.catalina.loader.WebappClassLoaderBase.clearReferencesJdbc Web应用程序 [webapp] 注册了JDBC驱动程序 [com.microsoft.sqlserver.jdbc.SQLServerDriver]，但在Web应用程序停止时无法注销它。 为防止内存泄漏，JDBC驱动程序已被强制取消注册。
26-May-2026 16:36:05.208 严重 [Thread-1] org.apache.catalina.loader.WebappClassLoaderBase.checkThreadLocalMapForLeaks web应用程序[webapp]创建了一个ThreadLocal，其键类型为[java.lang.ThreadLocal]（值为[java.lang.ThreadLocal@17e0dffa]），值类型为[com.microsoft.sqlserver.jdbc.SQLServerConnection43]（值为[ConnectionID:5 ClientConnectionId: 12fdcf6b-4877-4a0a-9a78-f6048164a625），但在停止web应用程序时未能将其删除。线程将随着时间的推移而更新，以尝试避免可能的内存泄漏
26-May-2026 16:36:05.209 严重 [Thread-1] org.apache.catalina.loader.WebappClassLoaderBase.checkThreadLocalMapForLeaks web应用程序[webapp]创建了一个ThreadLocal，其键类型为[java.lang.ThreadLocal]（值为[java.lang.ThreadLocal@17e0dffa]），值类型为[com.microsoft.sqlserver.jdbc.SQLServerConnection43]（值为[ConnectionID:7 ClientConnectionId: 0f2db623-df32-4659-8b55-3a38bb20b0e7），但在停止web应用程序时未能将其删除。线程将随着时间的推移而更新，以尝试避免可能的内存泄漏
26-May-2026 16:36:05.209 严重 [Thread-1] org.apache.catalina.loader.WebappClassLoaderBase.checkThreadLocalMapForLeaks web应用程序[webapp]创建了一个ThreadLocal，其键类型为[java.lang.ThreadLocal]（值为[java.lang.ThreadLocal@17e0dffa]），值类型为[com.microsoft.sqlserver.jdbc.SQLServerConnection43]（值为[ConnectionID:2 ClientConnectionId: bfe051df-e65a-4a45-874c-6a67303ae864），但在停止web应用程序时未能将其删除。线程将随着时间的推移而更新，以尝试避免可能的内存泄漏
26-May-2026 16:36:05.210 信息 [Thread-1] org.apache.coyote.AbstractProtocol.stop 正在停止ProtocolHandler ["http-nio-8080"]
26-May-2026 16:36:05.212 信息 [Thread-1] org.apache.coyote.AbstractProtocol.destroy 正在销毁协议处理器 ["http-nio-8080"]
26-May-2026 17:59:35.694 信息 [main] org.apache.catalina.startup.VersionLoggerListener.log Server.服务器版本: Apache Tomcat/10.1.52
26-May-2026 17:59:35.697 信息 [main] org.apache.catalina.startup.VersionLoggerListener.log 服务器构建:        Jan 23 2026 19:29:07 UTC
26-May-2026 17:59:35.698 信息 [main] org.apache.catalina.startup.VersionLoggerListener.log 服务器版本号:      10.1.52.0
26-May-2026 17:59:35.698 信息 [main] org.apache.catalina.startup.VersionLoggerListener.log 操作系统名称:      Windows 11
26-May-2026 17:59:35.698 信息 [main] org.apache.catalina.startup.VersionLoggerListener.log OS.版本:           10.0
26-May-2026 17:59:35.698 信息 [main] org.apache.catalina.startup.VersionLoggerListener.log 架构:              amd64
26-May-2026 17:59:35.698 信息 [main] org.apache.catalina.startup.VersionLoggerListener.log Java 环境变量:     C:\Program Files\Java\jdk-21
26-May-2026 17:59:35.698 信息 [main] org.apache.catalina.startup.VersionLoggerListener.log Java虚拟机版本:    21.0.6+8-LTS-188
26-May-2026 17:59:35.699 信息 [main] org.apache.catalina.startup.VersionLoggerListener.log JVM.供应商:        Oracle Corporation
26-May-2026 17:59:35.699 信息 [main] org.apache.catalina.startup.VersionLoggerListener.log CATALINA_BASE:     D:\creat\property-management\src\main\webapp
26-May-2026 17:59:35.699 信息 [main] org.apache.catalina.startup.VersionLoggerListener.log CATALINA_HOME:     D:\apache-tomcat-10.1.52
26-May-2026 17:59:35.704 信息 [main] org.apache.catalina.startup.VersionLoggerListener.log 命令行参数：       --add-opens=java.base/java.lang=ALL-UNNAMED
26-May-2026 17:59:35.705 信息 [main] org.apache.catalina.startup.VersionLoggerListener.log 命令行参数：       --add-opens=java.base/java.io=ALL-UNNAMED
26-May-2026 17:59:35.705 信息 [main] org.apache.catalina.startup.VersionLoggerListener.log 命令行参数：       --add-opens=java.base/java.util=ALL-UNNAMED
26-May-2026 17:59:35.705 信息 [main] org.apache.catalina.startup.VersionLoggerListener.log 命令行参数：       --add-opens=java.base/java.util.concurrent=ALL-UNNAMED
26-May-2026 17:59:35.705 信息 [main] org.apache.catalina.startup.VersionLoggerListener.log 命令行参数：       --add-opens=java.rmi/sun.rmi.transport=ALL-UNNAMED
26-May-2026 17:59:35.705 信息 [main] org.apache.catalina.startup.VersionLoggerListener.log 命令行参数：       -Dcatalina.home=D:\apache-tomcat-10.1.52
26-May-2026 17:59:35.705 信息 [main] org.apache.catalina.startup.VersionLoggerListener.log 命令行参数：       -Dcatalina.base=D:\creat\property-management\src\main\webapp
26-May-2026 17:59:35.705 信息 [main] org.apache.catalina.startup.VersionLoggerListener.log 命令行参数：       -Djava.io.tmpdir=D:\creat\property-management\src\main\webapp\temp
26-May-2026 17:59:35.705 信息 [main] org.apache.catalina.startup.VersionLoggerListener.log 命令行参数：       -Djava.util.logging.config.file=D:\creat\property-management\src\main\webapp\conf\logging.properties
26-May-2026 17:59:35.705 信息 [main] org.apache.catalina.startup.VersionLoggerListener.log 命令行参数：       -Djava.util.logging.manager=org.apache.juli.ClassLoaderLogManager
26-May-2026 17:59:35.706 信息 [main] org.apache.catalina.startup.VersionLoggerListener.log 命令行参数：       -javaagent:C:\Program Files\JetBrains\IntelliJ IDEA Community Edition 2024.3\lib\idea_rt.jar=13076:C:\Program Files\JetBrains\IntelliJ IDEA Community Edition 2024.3\bin
26-May-2026 17:59:35.706 信息 [main] org.apache.catalina.startup.VersionLoggerListener.log 命令行参数：       -Dfile.encoding=UTF-8
26-May-2026 17:59:35.706 信息 [main] org.apache.catalina.startup.VersionLoggerListener.log 命令行参数：       -Dsun.stdout.encoding=UTF-8
26-May-2026 17:59:35.706 信息 [main] org.apache.catalina.startup.VersionLoggerListener.log 命令行参数：       -Dsun.stderr.encoding=UTF-8
26-May-2026 17:59:35.712 信息 [main] org.apache.catalina.core.AprLifecycleListener.lifecycleEvent 在java.library.path:[C:\Program Files\Java\jdk-21\bin;C:\WINDOWS\Sun\Java\bin;C:\WINDOWS\system32;C:\WINDOWS;C:\Program Files (x86)\VMware\VMware Workstation\bin\;$env:PATH;C:\MinGW\bin;C:\Program Files\NVIDIA Corporation\NVIDIA App\NvDLISR;C:\Program Files\dotnet\;C:\Program Files\nodejs\;C:\Program Files\Git LFS;C:\Windows\System32;C:\Windows;C:\Windows\System32\WindowsPowerShell\v1.0;C:\Program Files (x86)\Microsoft SQL Server\170\Tools\Binn\;C:\Program Files\Microsoft SQL Server\170\Tools\Binn\;C:\Program Files\Microsoft SQL Server\Client SDK\ODBC\180\Tools\Binn\;C:\Program Files\Microsoft SQL Server\170\DTS\Binn\;D:\rational rose\common;C:\tools\deepseek;C:\Program Files\GitHub CLI\;C:\Users\links\.mavis\bin;C:\Users\links\AppData\Local\Microsoft\WindowsApps;C:\Users\links\.dotnet\tools;D:\cursor\resources\app\bin;D:\Microsoft VS Code\bin;C:\MinGW\bin;C:\Users\links\AppData\Roaming\npm;C:\Users\links\AppData\Roaming\npm\bin;C:\Program Files\Git\cmd;C:\Program Files\Git\bin;C:\Program Files\Java\jdk-17\bin;C:\Users\links\AppData\Local\Python\bin;.]上找不到基于APR的Apache Tomcat本机库，该库允许在生产环境中获得最佳性能
26-May-2026 17:59:35.870 信息 [main] org.apache.coyote.AbstractProtocol.init 初始化协议处理器 ["http-nio-8080"]
26-May-2026 17:59:35.881 信息 [main] org.apache.catalina.startup.Catalina.load 服务器在[314]毫秒内初始化
26-May-2026 17:59:35.922 信息 [main] org.apache.catalina.core.StandardService.startInternal 正在启动服务[Catalina]
26-May-2026 17:59:35.922 信息 [main] org.apache.catalina.core.StandardEngine.startInternal 正在启动 Servlet 引擎：[Apache Tomcat/10.1.52]
26-May-2026 17:59:35.928 信息 [main] org.apache.catalina.startup.HostConfig.deployDescriptor 正在部署部署描述符[D:\creat\property-management\src\main\webapp\conf\Catalina\localhost\webapp.xml]。
26-May-2026 17:59:36.972 信息 [main] org.apache.jasper.servlet.TldScanner.scanJars 至少有一个JAR被扫描用于TLD但尚未包含TLD。 为此记录器启用调试日志记录，以获取已扫描但未在其中找到TLD的完整JAR列表。 在扫描期间跳过不需要的JAR可以缩短启动时间和JSP编译时间。
26-May-2026 17:59:37.014 警告 [main] org.apache.catalina.filters.FilterBase.init 未为[org.apache.catalina.filters.SetCharacterEncodingFilter]类型的筛选器定义属性[forceEncoding]
26-May-2026 17:59:37.026 信息 [main] org.apache.catalina.startup.HostConfig.deployDescriptor 部署描述符[D:\creat\property-management\src\main\webapp\conf\Catalina\localhost\webapp.xml]的部署已在[1,096]ms内完成
26-May-2026 17:59:37.029 信息 [main] org.apache.coyote.AbstractProtocol.start 开始协议处理句柄["http-nio-8080"]
26-May-2026 17:59:37.043 信息 [main] org.apache.catalina.startup.Catalina.start [1160]毫秒后服务器启动
26-May-2026 18:18:00.938 信息 [Thread-1] org.apache.coyote.AbstractProtocol.pause 暂停ProtocolHandler["http-nio-8080"]
26-May-2026 18:18:00.941 信息 [Thread-1] org.apache.catalina.core.StandardService.stopInternal 正在停止服务[Catalina]
26-May-2026 18:18:00.945 警告 [Thread-1] org.apache.catalina.loader.WebappClassLoaderBase.clearReferencesJdbc Web应用程序 [webapp] 注册了JDBC驱动程序 [com.microsoft.sqlserver.jdbc.SQLServerDriver]，但在Web应用程序停止时无法注销它。 为防止内存泄漏，JDBC驱动程序已被强制取消注册。
26-May-2026 18:18:00.946 严重 [Thread-1] org.apache.catalina.loader.WebappClassLoaderBase.checkThreadLocalMapForLeaks web应用程序[webapp]创建了一个ThreadLocal，其键类型为[java.lang.ThreadLocal]（值为[java.lang.ThreadLocal@7fa281e1]），值类型为[com.microsoft.sqlserver.jdbc.SQLServerConnection43]（值为[ConnectionID:156 ClientConnectionId: 1f6cad62-b98a-40e4-a95d-bea7ae1ba4a6），但在停止web应用程序时未能将其删除。线程将随着时间的推移而更新，以尝试避免可能的内存泄漏
26-May-2026 18:18:00.946 严重 [Thread-1] org.apache.catalina.loader.WebappClassLoaderBase.checkThreadLocalMapForLeaks web应用程序[webapp]创建了一个ThreadLocal，其键类型为[java.lang.ThreadLocal]（值为[java.lang.ThreadLocal@7fa281e1]），值类型为[com.microsoft.sqlserver.jdbc.SQLServerConnection43]（值为[ConnectionID:149 ClientConnectionId: 305f80dc-5b1d-444a-b1aa-7dbf0ffafda4），但在停止web应用程序时未能将其删除。线程将随着时间的推移而更新，以尝试避免可能的内存泄漏
26-May-2026 18:18:00.946 严重 [Thread-1] org.apache.catalina.loader.WebappClassLoaderBase.checkThreadLocalMapForLeaks web应用程序[webapp]创建了一个ThreadLocal，其键类型为[java.lang.ThreadLocal]（值为[java.lang.ThreadLocal@7fa281e1]），值类型为[com.microsoft.sqlserver.jdbc.SQLServerConnection43]（值为[ConnectionID:148 ClientConnectionId: 1fa4ca20-c919-4af7-a768-f7419a30b020），但在停止web应用程序时未能将其删除。线程将随着时间的推移而更新，以尝试避免可能的内存泄漏
26-May-2026 18:18:00.946 严重 [Thread-1] org.apache.catalina.loader.WebappClassLoaderBase.checkThreadLocalMapForLeaks web应用程序[webapp]创建了一个ThreadLocal，其键类型为[java.lang.ThreadLocal]（值为[java.lang.ThreadLocal@7fa281e1]），值类型为[com.microsoft.sqlserver.jdbc.SQLServerConnection43]（值为[ConnectionID:139 ClientConnectionId: 373dff91-7dc6-4f39-96d3-27eb7ddddac1），但在停止web应用程序时未能将其删除。线程将随着时间的推移而更新，以尝试避免可能的内存泄漏
26-May-2026 18:18:00.946 严重 [Thread-1] org.apache.catalina.loader.WebappClassLoaderBase.checkThreadLocalMapForLeaks web应用程序[webapp]创建了一个ThreadLocal，其键类型为[java.lang.ThreadLocal]（值为[java.lang.ThreadLocal@7fa281e1]），值类型为[com.microsoft.sqlserver.jdbc.SQLServerConnection43]（值为[ConnectionID:157 ClientConnectionId: 77a6e362-6393-4a1a-a5d6-ccca1e0a89b6），但在停止web应用程序时未能将其删除。线程将随着时间的推移而更新，以尝试避免可能的内存泄漏
26-May-2026 18:18:00.947 严重 [Thread-1] org.apache.catalina.loader.WebappClassLoaderBase.checkThreadLocalMapForLeaks web应用程序[webapp]创建了一个ThreadLocal，其键类型为[java.lang.ThreadLocal]（值为[java.lang.ThreadLocal@7fa281e1]），值类型为[com.microsoft.sqlserver.jdbc.SQLServerConnection43]（值为[ConnectionID:150 ClientConnectionId: 29898069-fccd-4bee-b331-df462ae30f0b），但在停止web应用程序时未能将其删除。线程将随着时间的推移而更新，以尝试避免可能的内存泄漏
26-May-2026 18:18:00.947 严重 [Thread-1] org.apache.catalina.loader.WebappClassLoaderBase.checkThreadLocalMapForLeaks web应用程序[webapp]创建了一个ThreadLocal，其键类型为[java.lang.ThreadLocal]（值为[java.lang.ThreadLocal@7fa281e1]），值类型为[com.microsoft.sqlserver.jdbc.SQLServerConnection43]（值为[ConnectionID:151 ClientConnectionId: 3b4e0a78-a71c-4eb3-9422-306cec88d52b），但在停止web应用程序时未能将其删除。线程将随着时间的推移而更新，以尝试避免可能的内存泄漏
26-May-2026 18:18:00.947 严重 [Thread-1] org.apache.catalina.loader.WebappClassLoaderBase.checkThreadLocalMapForLeaks web应用程序[webapp]创建了一个ThreadLocal，其键类型为[java.lang.ThreadLocal]（值为[java.lang.ThreadLocal@7fa281e1]），值类型为[com.microsoft.sqlserver.jdbc.SQLServerConnection43]（值为[ConnectionID:153 ClientConnectionId: 3c52829e-57c5-4121-b121-0fead592e93a），但在停止web应用程序时未能将其删除。线程将随着时间的推移而更新，以尝试避免可能的内存泄漏
26-May-2026 18:18:00.947 严重 [Thread-1] org.apache.catalina.loader.WebappClassLoaderBase.checkThreadLocalMapForLeaks web应用程序[webapp]创建了一个ThreadLocal，其键类型为[java.lang.ThreadLocal]（值为[java.lang.ThreadLocal@7fa281e1]），值类型为[com.microsoft.sqlserver.jdbc.SQLServerConnection43]（值为[ConnectionID:154 ClientConnectionId: 81a536e0-2fde-43d4-8c94-619a79e07009），但在停止web应用程序时未能将其删除。线程将随着时间的推移而更新，以尝试避免可能的内存泄漏
26-May-2026 18:18:00.950 严重 [Thread-1] org.apache.catalina.loader.WebappClassLoaderBase.checkThreadLocalMapForLeaks web应用程序[webapp]创建了一个ThreadLocal，其键类型为[java.lang.ThreadLocal]（值为[java.lang.ThreadLocal@7fa281e1]），值类型为[com.microsoft.sqlserver.jdbc.SQLServerConnection43]（值为[ConnectionID:145 ClientConnectionId: 5180bb64-23a9-48f8-9330-f9c78a01b9a8），但在停止web应用程序时未能将其删除。线程将随着时间的推移而更新，以尝试避免可能的内存泄漏
26-May-2026 18:18:00.951 信息 [Thread-1] org.apache.coyote.AbstractProtocol.stop 正在停止ProtocolHandler ["http-nio-8080"]
26-May-2026 18:18:00.955 信息 [Thread-1] org.apache.coyote.AbstractProtocol.destroy 正在销毁协议处理器 ["http-nio-8080"]
26-May-2026 18:18:03.414 信息 [main] org.apache.catalina.startup.VersionLoggerListener.log Server.服务器版本: Apache Tomcat/10.1.52
26-May-2026 18:18:03.417 信息 [main] org.apache.catalina.startup.VersionLoggerListener.log 服务器构建:        Jan 23 2026 19:29:07 UTC
26-May-2026 18:18:03.419 信息 [main] org.apache.catalina.startup.VersionLoggerListener.log 服务器版本号:      10.1.52.0
26-May-2026 18:18:03.419 信息 [main] org.apache.catalina.startup.VersionLoggerListener.log 操作系统名称:      Windows 11
26-May-2026 18:18:03.419 信息 [main] org.apache.catalina.startup.VersionLoggerListener.log OS.版本:           10.0
26-May-2026 18:18:03.419 信息 [main] org.apache.catalina.startup.VersionLoggerListener.log 架构:              amd64
26-May-2026 18:18:03.419 信息 [main] org.apache.catalina.startup.VersionLoggerListener.log Java 环境变量:     C:\Program Files\Java\jdk-21
26-May-2026 18:18:03.419 信息 [main] org.apache.catalina.startup.VersionLoggerListener.log Java虚拟机版本:    21.0.6+8-LTS-188
26-May-2026 18:18:03.419 信息 [main] org.apache.catalina.startup.VersionLoggerListener.log JVM.供应商:        Oracle Corporation
26-May-2026 18:18:03.419 信息 [main] org.apache.catalina.startup.VersionLoggerListener.log CATALINA_BASE:     D:\creat\property-management\src\main\webapp
26-May-2026 18:18:03.420 信息 [main] org.apache.catalina.startup.VersionLoggerListener.log CATALINA_HOME:     D:\apache-tomcat-10.1.52
26-May-2026 18:18:03.426 信息 [main] org.apache.catalina.startup.VersionLoggerListener.log 命令行参数：       --add-opens=java.base/java.lang=ALL-UNNAMED
26-May-2026 18:18:03.426 信息 [main] org.apache.catalina.startup.VersionLoggerListener.log 命令行参数：       --add-opens=java.base/java.io=ALL-UNNAMED
26-May-2026 18:18:03.426 信息 [main] org.apache.catalina.startup.VersionLoggerListener.log 命令行参数：       --add-opens=java.base/java.util=ALL-UNNAMED
26-May-2026 18:18:03.426 信息 [main] org.apache.catalina.startup.VersionLoggerListener.log 命令行参数：       --add-opens=java.base/java.util.concurrent=ALL-UNNAMED
26-May-2026 18:18:03.426 信息 [main] org.apache.catalina.startup.VersionLoggerListener.log 命令行参数：       --add-opens=java.rmi/sun.rmi.transport=ALL-UNNAMED
26-May-2026 18:18:03.426 信息 [main] org.apache.catalina.startup.VersionLoggerListener.log 命令行参数：       -Dcatalina.home=D:\apache-tomcat-10.1.52
26-May-2026 18:18:03.427 信息 [main] org.apache.catalina.startup.VersionLoggerListener.log 命令行参数：       -Dcatalina.base=D:\creat\property-management\src\main\webapp
26-May-2026 18:18:03.427 信息 [main] org.apache.catalina.startup.VersionLoggerListener.log 命令行参数：       -Djava.io.tmpdir=D:\creat\property-management\src\main\webapp\temp
26-May-2026 18:18:03.427 信息 [main] org.apache.catalina.startup.VersionLoggerListener.log 命令行参数：       -Djava.util.logging.config.file=D:\creat\property-management\src\main\webapp\conf\logging.properties
26-May-2026 18:18:03.427 信息 [main] org.apache.catalina.startup.VersionLoggerListener.log 命令行参数：       -Djava.util.logging.manager=org.apache.juli.ClassLoaderLogManager
26-May-2026 18:18:03.427 信息 [main] org.apache.catalina.startup.VersionLoggerListener.log 命令行参数：       -javaagent:C:\Program Files\JetBrains\IntelliJ IDEA Community Edition 2024.3\lib\idea_rt.jar=12409:C:\Program Files\JetBrains\IntelliJ IDEA Community Edition 2024.3\bin
26-May-2026 18:18:03.427 信息 [main] org.apache.catalina.startup.VersionLoggerListener.log 命令行参数：       -Dfile.encoding=UTF-8
26-May-2026 18:18:03.428 信息 [main] org.apache.catalina.startup.VersionLoggerListener.log 命令行参数：       -Dsun.stdout.encoding=UTF-8
26-May-2026 18:18:03.428 信息 [main] org.apache.catalina.startup.VersionLoggerListener.log 命令行参数：       -Dsun.stderr.encoding=UTF-8
26-May-2026 18:18:03.434 信息 [main] org.apache.catalina.core.AprLifecycleListener.lifecycleEvent 在java.library.path:[C:\Program Files\Java\jdk-21\bin;C:\WINDOWS\Sun\Java\bin;C:\WINDOWS\system32;C:\WINDOWS;C:\Program Files (x86)\VMware\VMware Workstation\bin\;$env:PATH;C:\MinGW\bin;C:\Program Files\NVIDIA Corporation\NVIDIA App\NvDLISR;C:\Program Files\dotnet\;C:\Program Files\nodejs\;C:\Program Files\Git LFS;C:\Windows\System32;C:\Windows;C:\Windows\System32\WindowsPowerShell\v1.0;C:\Program Files (x86)\Microsoft SQL Server\170\Tools\Binn\;C:\Program Files\Microsoft SQL Server\170\Tools\Binn\;C:\Program Files\Microsoft SQL Server\Client SDK\ODBC\180\Tools\Binn\;C:\Program Files\Microsoft SQL Server\170\DTS\Binn\;D:\rational rose\common;C:\tools\deepseek;C:\Program Files\GitHub CLI\;C:\Users\links\.mavis\bin;C:\Users\links\AppData\Local\Microsoft\WindowsApps;C:\Users\links\.dotnet\tools;D:\cursor\resources\app\bin;D:\Microsoft VS Code\bin;C:\MinGW\bin;C:\Users\links\AppData\Roaming\npm;C:\Users\links\AppData\Roaming\npm\bin;C:\Program Files\Git\cmd;C:\Program Files\Git\bin;C:\Program Files\Java\jdk-17\bin;C:\Users\links\AppData\Local\Python\bin;.]上找不到基于APR的Apache Tomcat本机库，该库允许在生产环境中获得最佳性能
26-May-2026 18:18:03.624 信息 [main] org.apache.coyote.AbstractProtocol.init 初始化协议处理器 ["http-nio-8080"]
26-May-2026 18:18:03.638 信息 [main] org.apache.catalina.startup.Catalina.load 服务器在[340]毫秒内初始化
26-May-2026 18:18:03.683 信息 [main] org.apache.catalina.core.StandardService.startInternal 正在启动服务[Catalina]
26-May-2026 18:18:03.683 信息 [main] org.apache.catalina.core.StandardEngine.startInternal 正在启动 Servlet 引擎：[Apache Tomcat/10.1.52]
26-May-2026 18:18:03.690 信息 [main] org.apache.catalina.startup.HostConfig.deployDescriptor 正在部署部署描述符[D:\creat\property-management\src\main\webapp\conf\Catalina\localhost\webapp.xml]。
26-May-2026 18:18:04.495 信息 [main] org.apache.jasper.servlet.TldScanner.scanJars 至少有一个JAR被扫描用于TLD但尚未包含TLD。 为此记录器启用调试日志记录，以获取已扫描但未在其中找到TLD的完整JAR列表。 在扫描期间跳过不需要的JAR可以缩短启动时间和JSP编译时间。
26-May-2026 18:18:04.541 警告 [main] org.apache.catalina.filters.FilterBase.init 未为[org.apache.catalina.filters.SetCharacterEncodingFilter]类型的筛选器定义属性[forceEncoding]
26-May-2026 18:18:04.551 信息 [main] org.apache.catalina.startup.HostConfig.deployDescriptor 部署描述符[D:\creat\property-management\src\main\webapp\conf\Catalina\localhost\webapp.xml]的部署已在[859]ms内完成
26-May-2026 18:18:04.553 信息 [main] org.apache.coyote.AbstractProtocol.start 开始协议处理句柄["http-nio-8080"]
26-May-2026 18:18:04.568 信息 [main] org.apache.catalina.startup.Catalina.start [928]毫秒后服务器启动
26-May-2026 20:57:08.868 信息 [Thread-1] org.apache.coyote.AbstractProtocol.pause 暂停ProtocolHandler["http-nio-8080"]
26-May-2026 20:57:08.871 信息 [Thread-1] org.apache.catalina.core.StandardService.stopInternal 正在停止服务[Catalina]
26-May-2026 20:57:08.873 警告 [Thread-1] org.apache.catalina.loader.WebappClassLoaderBase.clearReferencesJdbc Web应用程序 [webapp] 注册了JDBC驱动程序 [com.microsoft.sqlserver.jdbc.SQLServerDriver]，但在Web应用程序停止时无法注销它。 为防止内存泄漏，JDBC驱动程序已被强制取消注册。
26-May-2026 20:57:08.875 严重 [Thread-1] org.apache.catalina.loader.WebappClassLoaderBase.checkThreadLocalMapForLeaks web应用程序[webapp]创建了一个ThreadLocal，其键类型为[java.lang.ThreadLocal]（值为[java.lang.ThreadLocal@14824ad3]），值类型为[com.microsoft.sqlserver.jdbc.SQLServerConnection43]（值为[ConnectionID:42 ClientConnectionId: 464cded2-1154-4f97-a76f-b793c22c88f0），但在停止web应用程序时未能将其删除。线程将随着时间的推移而更新，以尝试避免可能的内存泄漏
26-May-2026 20:57:08.875 严重 [Thread-1] org.apache.catalina.loader.WebappClassLoaderBase.checkThreadLocalMapForLeaks web应用程序[webapp]创建了一个ThreadLocal，其键类型为[java.lang.ThreadLocal]（值为[java.lang.ThreadLocal@14824ad3]），值类型为[com.microsoft.sqlserver.jdbc.SQLServerConnection43]（值为[ConnectionID:38 ClientConnectionId: 0022244f-f0b1-4144-8934-dceea52a8415），但在停止web应用程序时未能将其删除。线程将随着时间的推移而更新，以尝试避免可能的内存泄漏
26-May-2026 20:57:08.875 严重 [Thread-1] org.apache.catalina.loader.WebappClassLoaderBase.checkThreadLocalMapForLeaks web应用程序[webapp]创建了一个ThreadLocal，其键类型为[java.lang.ThreadLocal]（值为[java.lang.ThreadLocal@14824ad3]），值类型为[com.microsoft.sqlserver.jdbc.SQLServerConnection43]（值为[ConnectionID:31 ClientConnectionId: f65c8de1-70a9-4007-a0f2-a0b0a411f9d1），但在停止web应用程序时未能将其删除。线程将随着时间的推移而更新，以尝试避免可能的内存泄漏
26-May-2026 20:57:08.875 严重 [Thread-1] org.apache.catalina.loader.WebappClassLoaderBase.checkThreadLocalMapForLeaks web应用程序[webapp]创建了一个ThreadLocal，其键类型为[java.lang.ThreadLocal]（值为[java.lang.ThreadLocal@14824ad3]），值类型为[com.microsoft.sqlserver.jdbc.SQLServerConnection43]（值为[ConnectionID:47 ClientConnectionId: 3aae371f-6400-42eb-b5d1-06565419f70c），但在停止web应用程序时未能将其删除。线程将随着时间的推移而更新，以尝试避免可能的内存泄漏
26-May-2026 20:57:08.875 严重 [Thread-1] org.apache.catalina.loader.WebappClassLoaderBase.checkThreadLocalMapForLeaks web应用程序[webapp]创建了一个ThreadLocal，其键类型为[java.lang.ThreadLocal]（值为[java.lang.ThreadLocal@14824ad3]），值类型为[com.microsoft.sqlserver.jdbc.SQLServerConnection43]（值为[ConnectionID:46 ClientConnectionId: b1c0f84d-50ed-41d3-9ac9-bee1717457eb），但在停止web应用程序时未能将其删除。线程将随着时间的推移而更新，以尝试避免可能的内存泄漏
26-May-2026 20:57:08.875 严重 [Thread-1] org.apache.catalina.loader.WebappClassLoaderBase.checkThreadLocalMapForLeaks web应用程序[webapp]创建了一个ThreadLocal，其键类型为[java.lang.ThreadLocal]（值为[java.lang.ThreadLocal@14824ad3]），值类型为[com.microsoft.sqlserver.jdbc.SQLServerConnection43]（值为[ConnectionID:52 ClientConnectionId: c88bf480-b14c-462e-8835-eb17783f650d），但在停止web应用程序时未能将其删除。线程将随着时间的推移而更新，以尝试避免可能的内存泄漏
26-May-2026 20:57:08.875 严重 [Thread-1] org.apache.catalina.loader.WebappClassLoaderBase.checkThreadLocalMapForLeaks web应用程序[webapp]创建了一个ThreadLocal，其键类型为[java.lang.ThreadLocal]（值为[java.lang.ThreadLocal@14824ad3]），值类型为[com.microsoft.sqlserver.jdbc.SQLServerConnection43]（值为[ConnectionID:37 ClientConnectionId: 53da566c-fff1-4920-acd3-1e22fa2bf112），但在停止web应用程序时未能将其删除。线程将随着时间的推移而更新，以尝试避免可能的内存泄漏
26-May-2026 20:57:08.875 严重 [Thread-1] org.apache.catalina.loader.WebappClassLoaderBase.checkThreadLocalMapForLeaks web应用程序[webapp]创建了一个ThreadLocal，其键类型为[java.lang.ThreadLocal]（值为[java.lang.ThreadLocal@14824ad3]），值类型为[com.microsoft.sqlserver.jdbc.SQLServerConnection43]（值为[ConnectionID:45 ClientConnectionId: 9f696580-f468-4130-bcbf-a574421fde01），但在停止web应用程序时未能将其删除。线程将随着时间的推移而更新，以尝试避免可能的内存泄漏
26-May-2026 20:57:08.875 严重 [Thread-1] org.apache.catalina.loader.WebappClassLoaderBase.checkThreadLocalMapForLeaks web应用程序[webapp]创建了一个ThreadLocal，其键类型为[java.lang.ThreadLocal]（值为[java.lang.ThreadLocal@14824ad3]），值类型为[com.microsoft.sqlserver.jdbc.SQLServerConnection43]（值为[ConnectionID:41 ClientConnectionId: 6198005c-b81e-4882-b3b7-f261edbe52ae），但在停止web应用程序时未能将其删除。线程将随着时间的推移而更新，以尝试避免可能的内存泄漏
26-May-2026 20:57:08.879 严重 [Thread-1] org.apache.catalina.loader.WebappClassLoaderBase.checkThreadLocalMapForLeaks web应用程序[webapp]创建了一个ThreadLocal，其键类型为[java.lang.ThreadLocal]（值为[java.lang.ThreadLocal@14824ad3]），值类型为[com.microsoft.sqlserver.jdbc.SQLServerConnection43]（值为[ConnectionID:40 ClientConnectionId: 5e903165-cf48-4bfc-a507-25c191ce947a），但在停止web应用程序时未能将其删除。线程将随着时间的推移而更新，以尝试避免可能的内存泄漏
26-May-2026 20:57:08.881 信息 [Thread-1] org.apache.coyote.AbstractProtocol.stop 正在停止ProtocolHandler ["http-nio-8080"]
26-May-2026 20:57:08.884 信息 [Thread-1] org.apache.coyote.AbstractProtocol.destroy 正在销毁协议处理器 ["http-nio-8080"]
26-May-2026 20:57:10.719 信息 [main] org.apache.catalina.startup.VersionLoggerListener.log Server.服务器版本: Apache Tomcat/10.1.52
26-May-2026 20:57:10.722 信息 [main] org.apache.catalina.startup.VersionLoggerListener.log 服务器构建:        Jan 23 2026 19:29:07 UTC
26-May-2026 20:57:10.722 信息 [main] org.apache.catalina.startup.VersionLoggerListener.log 服务器版本号:      10.1.52.0
26-May-2026 20:57:10.722 信息 [main] org.apache.catalina.startup.VersionLoggerListener.log 操作系统名称:      Windows 11
26-May-2026 20:57:10.722 信息 [main] org.apache.catalina.startup.VersionLoggerListener.log OS.版本:           10.0
26-May-2026 20:57:10.723 信息 [main] org.apache.catalina.startup.VersionLoggerListener.log 架构:              amd64
26-May-2026 20:57:10.723 信息 [main] org.apache.catalina.startup.VersionLoggerListener.log Java 环境变量:     C:\Program Files\Java\jdk-21
26-May-2026 20:57:10.723 信息 [main] org.apache.catalina.startup.VersionLoggerListener.log Java虚拟机版本:    21.0.6+8-LTS-188
26-May-2026 20:57:10.723 信息 [main] org.apache.catalina.startup.VersionLoggerListener.log JVM.供应商:        Oracle Corporation
26-May-2026 20:57:10.723 信息 [main] org.apache.catalina.startup.VersionLoggerListener.log CATALINA_BASE:     D:\creat\property-management\src\main\webapp
26-May-2026 20:57:10.723 信息 [main] org.apache.catalina.startup.VersionLoggerListener.log CATALINA_HOME:     D:\apache-tomcat-10.1.52
26-May-2026 20:57:10.731 信息 [main] org.apache.catalina.startup.VersionLoggerListener.log 命令行参数：       --add-opens=java.base/java.lang=ALL-UNNAMED
26-May-2026 20:57:10.731 信息 [main] org.apache.catalina.startup.VersionLoggerListener.log 命令行参数：       --add-opens=java.base/java.io=ALL-UNNAMED
26-May-2026 20:57:10.731 信息 [main] org.apache.catalina.startup.VersionLoggerListener.log 命令行参数：       --add-opens=java.base/java.util=ALL-UNNAMED
26-May-2026 20:57:10.731 信息 [main] org.apache.catalina.startup.VersionLoggerListener.log 命令行参数：       --add-opens=java.base/java.util.concurrent=ALL-UNNAMED
26-May-2026 20:57:10.731 信息 [main] org.apache.catalina.startup.VersionLoggerListener.log 命令行参数：       --add-opens=java.rmi/sun.rmi.transport=ALL-UNNAMED
26-May-2026 20:57:10.731 信息 [main] org.apache.catalina.startup.VersionLoggerListener.log 命令行参数：       -Dcatalina.home=D:\apache-tomcat-10.1.52
26-May-2026 20:57:10.731 信息 [main] org.apache.catalina.startup.VersionLoggerListener.log 命令行参数：       -Dcatalina.base=D:\creat\property-management\src\main\webapp
26-May-2026 20:57:10.731 信息 [main] org.apache.catalina.startup.VersionLoggerListener.log 命令行参数：       -Djava.io.tmpdir=D:\creat\property-management\src\main\webapp\temp
26-May-2026 20:57:10.731 信息 [main] org.apache.catalina.startup.VersionLoggerListener.log 命令行参数：       -Djava.util.logging.config.file=D:\creat\property-management\src\main\webapp\conf\logging.properties
26-May-2026 20:57:10.732 信息 [main] org.apache.catalina.startup.VersionLoggerListener.log 命令行参数：       -Djava.util.logging.manager=org.apache.juli.ClassLoaderLogManager
26-May-2026 20:57:10.732 信息 [main] org.apache.catalina.startup.VersionLoggerListener.log 命令行参数：       -javaagent:C:\Program Files\JetBrains\IntelliJ IDEA Community Edition 2024.3\lib\idea_rt.jar=6242:C:\Program Files\JetBrains\IntelliJ IDEA Community Edition 2024.3\bin
26-May-2026 20:57:10.732 信息 [main] org.apache.catalina.startup.VersionLoggerListener.log 命令行参数：       -Dfile.encoding=UTF-8
26-May-2026 20:57:10.732 信息 [main] org.apache.catalina.startup.VersionLoggerListener.log 命令行参数：       -Dsun.stdout.encoding=UTF-8
26-May-2026 20:57:10.732 信息 [main] org.apache.catalina.startup.VersionLoggerListener.log 命令行参数：       -Dsun.stderr.encoding=UTF-8
26-May-2026 20:57:10.738 信息 [main] org.apache.catalina.core.AprLifecycleListener.lifecycleEvent 在java.library.path:[C:\Program Files\Java\jdk-21\bin;C:\WINDOWS\Sun\Java\bin;C:\WINDOWS\system32;C:\WINDOWS;C:\Program Files (x86)\VMware\VMware Workstation\bin\;$env:PATH;C:\MinGW\bin;C:\Program Files\NVIDIA Corporation\NVIDIA App\NvDLISR;C:\Program Files\dotnet\;C:\Program Files\nodejs\;C:\Program Files\Git LFS;C:\Windows\System32;C:\Windows;C:\Windows\System32\WindowsPowerShell\v1.0;C:\Program Files (x86)\Microsoft SQL Server\170\Tools\Binn\;C:\Program Files\Microsoft SQL Server\170\Tools\Binn\;C:\Program Files\Microsoft SQL Server\Client SDK\ODBC\180\Tools\Binn\;C:\Program Files\Microsoft SQL Server\170\DTS\Binn\;D:\rational rose\common;C:\tools\deepseek;C:\Program Files\GitHub CLI\;C:\Users\links\.mavis\bin;C:\Users\links\AppData\Local\Microsoft\WindowsApps;C:\Users\links\.dotnet\tools;D:\cursor\resources\app\bin;D:\Microsoft VS Code\bin;C:\MinGW\bin;C:\Users\links\AppData\Roaming\npm;C:\Users\links\AppData\Roaming\npm\bin;C:\Program Files\Git\cmd;C:\Program Files\Git\bin;C:\Program Files\Java\jdk-17\bin;C:\Users\links\AppData\Local\Python\bin;.]上找不到基于APR的Apache Tomcat本机库，该库允许在生产环境中获得最佳性能
26-May-2026 20:57:10.899 信息 [main] org.apache.coyote.AbstractProtocol.init 初始化协议处理器 ["http-nio-8080"]
26-May-2026 20:57:10.910 信息 [main] org.apache.catalina.startup.Catalina.load 服务器在[314]毫秒内初始化
26-May-2026 20:57:10.955 信息 [main] org.apache.catalina.core.StandardService.startInternal 正在启动服务[Catalina]
26-May-2026 20:57:10.955 信息 [main] org.apache.catalina.core.StandardEngine.startInternal 正在启动 Servlet 引擎：[Apache Tomcat/10.1.52]
26-May-2026 20:57:10.963 信息 [main] org.apache.catalina.startup.HostConfig.deployDescriptor 正在部署部署描述符[D:\creat\property-management\src\main\webapp\conf\Catalina\localhost\webapp.xml]。
26-May-2026 20:57:11.764 信息 [main] org.apache.jasper.servlet.TldScanner.scanJars 至少有一个JAR被扫描用于TLD但尚未包含TLD。 为此记录器启用调试日志记录，以获取已扫描但未在其中找到TLD的完整JAR列表。 在扫描期间跳过不需要的JAR可以缩短启动时间和JSP编译时间。
26-May-2026 20:57:11.809 警告 [main] org.apache.catalina.filters.FilterBase.init 未为[org.apache.catalina.filters.SetCharacterEncodingFilter]类型的筛选器定义属性[forceEncoding]
26-May-2026 20:57:11.821 信息 [main] org.apache.catalina.startup.HostConfig.deployDescriptor 部署描述符[D:\creat\property-management\src\main\webapp\conf\Catalina\localhost\webapp.xml]的部署已在[856]ms内完成
26-May-2026 20:57:11.824 信息 [main] org.apache.coyote.AbstractProtocol.start 开始协议处理句柄["http-nio-8080"]
26-May-2026 20:57:11.842 信息 [main] org.apache.catalina.startup.Catalina.start [931]毫秒后服务器启动
26-May-2026 21:00:43.827 信息 [Thread-1] org.apache.coyote.AbstractProtocol.pause 暂停ProtocolHandler["http-nio-8080"]
26-May-2026 21:00:43.832 信息 [Thread-1] org.apache.catalina.core.StandardService.stopInternal 正在停止服务[Catalina]
26-May-2026 21:00:43.834 警告 [Thread-1] org.apache.catalina.loader.WebappClassLoaderBase.clearReferencesJdbc Web应用程序 [webapp] 注册了JDBC驱动程序 [com.microsoft.sqlserver.jdbc.SQLServerDriver]，但在Web应用程序停止时无法注销它。 为防止内存泄漏，JDBC驱动程序已被强制取消注册。
26-May-2026 21:00:43.835 严重 [Thread-1] org.apache.catalina.loader.WebappClassLoaderBase.checkThreadLocalMapForLeaks web应用程序[webapp]创建了一个ThreadLocal，其键类型为[java.lang.ThreadLocal]（值为[java.lang.ThreadLocal@580276c3]），值类型为[com.microsoft.sqlserver.jdbc.SQLServerConnection43]（值为[ConnectionID:12 ClientConnectionId: 0590dcc6-8b12-4600-9120-3eee782942dc），但在停止web应用程序时未能将其删除。线程将随着时间的推移而更新，以尝试避免可能的内存泄漏
26-May-2026 21:00:43.835 严重 [Thread-1] org.apache.catalina.loader.WebappClassLoaderBase.checkThreadLocalMapForLeaks web应用程序[webapp]创建了一个ThreadLocal，其键类型为[java.lang.ThreadLocal]（值为[java.lang.ThreadLocal@580276c3]），值类型为[com.microsoft.sqlserver.jdbc.SQLServerConnection43]（值为[ConnectionID:15 ClientConnectionId: a93a657a-400e-43f4-98e3-97094c892c39），但在停止web应用程序时未能将其删除。线程将随着时间的推移而更新，以尝试避免可能的内存泄漏
26-May-2026 21:00:43.835 严重 [Thread-1] org.apache.catalina.loader.WebappClassLoaderBase.checkThreadLocalMapForLeaks web应用程序[webapp]创建了一个ThreadLocal，其键类型为[java.lang.ThreadLocal]（值为[java.lang.ThreadLocal@580276c3]），值类型为[com.microsoft.sqlserver.jdbc.SQLServerConnection43]（值为[ConnectionID:16 ClientConnectionId: 38ea1716-a2e3-4b58-aebf-4bb025dfe36e），但在停止web应用程序时未能将其删除。线程将随着时间的推移而更新，以尝试避免可能的内存泄漏
26-May-2026 21:00:43.836 严重 [Thread-1] org.apache.catalina.loader.WebappClassLoaderBase.checkThreadLocalMapForLeaks web应用程序[webapp]创建了一个ThreadLocal，其键类型为[java.lang.ThreadLocal]（值为[java.lang.ThreadLocal@580276c3]），值类型为[com.microsoft.sqlserver.jdbc.SQLServerConnection43]（值为[ConnectionID:17 ClientConnectionId: e8e96745-85e5-4843-ad0b-9f463bdd81aa），但在停止web应用程序时未能将其删除。线程将随着时间的推移而更新，以尝试避免可能的内存泄漏
26-May-2026 21:00:43.836 严重 [Thread-1] org.apache.catalina.loader.WebappClassLoaderBase.checkThreadLocalMapForLeaks web应用程序[webapp]创建了一个ThreadLocal，其键类型为[java.lang.ThreadLocal]（值为[java.lang.ThreadLocal@580276c3]），值类型为[com.microsoft.sqlserver.jdbc.SQLServerConnection43]（值为[ConnectionID:22 ClientConnectionId: 17d581a9-07dd-4efc-8aca-dfc851bcc78a），但在停止web应用程序时未能将其删除。线程将随着时间的推移而更新，以尝试避免可能的内存泄漏
26-May-2026 21:00:43.836 严重 [Thread-1] org.apache.catalina.loader.WebappClassLoaderBase.checkThreadLocalMapForLeaks web应用程序[webapp]创建了一个ThreadLocal，其键类型为[java.lang.ThreadLocal]（值为[java.lang.ThreadLocal@580276c3]），值类型为[com.microsoft.sqlserver.jdbc.SQLServerConnection43]（值为[ConnectionID:7 ClientConnectionId: 1264ea20-bd18-4a8e-b8a4-6ba44cd8f088），但在停止web应用程序时未能将其删除。线程将随着时间的推移而更新，以尝试避免可能的内存泄漏
26-May-2026 21:00:43.836 严重 [Thread-1] org.apache.catalina.loader.WebappClassLoaderBase.checkThreadLocalMapForLeaks web应用程序[webapp]创建了一个ThreadLocal，其键类型为[java.lang.ThreadLocal]（值为[java.lang.ThreadLocal@580276c3]），值类型为[com.microsoft.sqlserver.jdbc.SQLServerConnection43]（值为[ConnectionID:10 ClientConnectionId: ed4d74dc-dbce-4589-9900-8ed4d0a90567），但在停止web应用程序时未能将其删除。线程将随着时间的推移而更新，以尝试避免可能的内存泄漏
26-May-2026 21:00:43.836 严重 [Thread-1] org.apache.catalina.loader.WebappClassLoaderBase.checkThreadLocalMapForLeaks web应用程序[webapp]创建了一个ThreadLocal，其键类型为[java.lang.ThreadLocal]（值为[java.lang.ThreadLocal@580276c3]），值类型为[com.microsoft.sqlserver.jdbc.SQLServerConnection43]（值为[ConnectionID:11 ClientConnectionId: c7d371fa-51d9-46e3-b149-c2c19184b495），但在停止web应用程序时未能将其删除。线程将随着时间的推移而更新，以尝试避免可能的内存泄漏
26-May-2026 21:00:43.838 信息 [Thread-1] org.apache.coyote.AbstractProtocol.stop 正在停止ProtocolHandler ["http-nio-8080"]
26-May-2026 21:00:43.841 信息 [Thread-1] org.apache.coyote.AbstractProtocol.destroy 正在销毁协议处理器 ["http-nio-8080"]
26-May-2026 21:01:35.183 信息 [main] org.apache.catalina.startup.VersionLoggerListener.log Server.服务器版本: Apache Tomcat/10.1.52
26-May-2026 21:01:35.186 信息 [main] org.apache.catalina.startup.VersionLoggerListener.log 服务器构建:        Jan 23 2026 19:29:07 UTC
26-May-2026 21:01:35.187 信息 [main] org.apache.catalina.startup.VersionLoggerListener.log 服务器版本号:      10.1.52.0
26-May-2026 21:01:35.187 信息 [main] org.apache.catalina.startup.VersionLoggerListener.log 操作系统名称:      Windows 11
26-May-2026 21:01:35.187 信息 [main] org.apache.catalina.startup.VersionLoggerListener.log OS.版本:           10.0
26-May-2026 21:01:35.187 信息 [main] org.apache.catalina.startup.VersionLoggerListener.log 架构:              amd64
26-May-2026 21:01:35.189 信息 [main] org.apache.catalina.startup.VersionLoggerListener.log Java 环境变量:     C:\Program Files\Java\jdk-21
26-May-2026 21:01:35.189 信息 [main] org.apache.catalina.startup.VersionLoggerListener.log Java虚拟机版本:    21.0.6+8-LTS-188
26-May-2026 21:01:35.189 信息 [main] org.apache.catalina.startup.VersionLoggerListener.log JVM.供应商:        Oracle Corporation
26-May-2026 21:01:35.189 信息 [main] org.apache.catalina.startup.VersionLoggerListener.log CATALINA_BASE:     D:\creat\property-management\src\main\webapp
26-May-2026 21:01:35.189 信息 [main] org.apache.catalina.startup.VersionLoggerListener.log CATALINA_HOME:     D:\apache-tomcat-10.1.52
26-May-2026 21:01:35.194 信息 [main] org.apache.catalina.startup.VersionLoggerListener.log 命令行参数：       --add-opens=java.base/java.lang=ALL-UNNAMED
26-May-2026 21:01:35.194 信息 [main] org.apache.catalina.startup.VersionLoggerListener.log 命令行参数：       --add-opens=java.base/java.io=ALL-UNNAMED
26-May-2026 21:01:35.194 信息 [main] org.apache.catalina.startup.VersionLoggerListener.log 命令行参数：       --add-opens=java.base/java.util=ALL-UNNAMED
26-May-2026 21:01:35.195 信息 [main] org.apache.catalina.startup.VersionLoggerListener.log 命令行参数：       --add-opens=java.base/java.util.concurrent=ALL-UNNAMED
26-May-2026 21:01:35.195 信息 [main] org.apache.catalina.startup.VersionLoggerListener.log 命令行参数：       --add-opens=java.rmi/sun.rmi.transport=ALL-UNNAMED
26-May-2026 21:01:35.195 信息 [main] org.apache.catalina.startup.VersionLoggerListener.log 命令行参数：       -Dcatalina.home=D:\apache-tomcat-10.1.52
26-May-2026 21:01:35.195 信息 [main] org.apache.catalina.startup.VersionLoggerListener.log 命令行参数：       -Dcatalina.base=D:\creat\property-management\src\main\webapp
26-May-2026 21:01:35.195 信息 [main] org.apache.catalina.startup.VersionLoggerListener.log 命令行参数：       -Djava.io.tmpdir=D:\creat\property-management\src\main\webapp\temp
26-May-2026 21:01:35.195 信息 [main] org.apache.catalina.startup.VersionLoggerListener.log 命令行参数：       -Djava.util.logging.config.file=D:\creat\property-management\src\main\webapp\conf\logging.properties
26-May-2026 21:01:35.195 信息 [main] org.apache.catalina.startup.VersionLoggerListener.log 命令行参数：       -Djava.util.logging.manager=org.apache.juli.ClassLoaderLogManager
26-May-2026 21:01:35.195 信息 [main] org.apache.catalina.startup.VersionLoggerListener.log 命令行参数：       -javaagent:C:\Program Files\JetBrains\IntelliJ IDEA Community Edition 2024.3\lib\idea_rt.jar=14350:C:\Program Files\JetBrains\IntelliJ IDEA Community Edition 2024.3\bin
26-May-2026 21:01:35.195 信息 [main] org.apache.catalina.startup.VersionLoggerListener.log 命令行参数：       -Dfile.encoding=UTF-8
26-May-2026 21:01:35.195 信息 [main] org.apache.catalina.startup.VersionLoggerListener.log 命令行参数：       -Dsun.stdout.encoding=UTF-8
26-May-2026 21:01:35.196 信息 [main] org.apache.catalina.startup.VersionLoggerListener.log 命令行参数：       -Dsun.stderr.encoding=UTF-8
26-May-2026 21:01:35.201 信息 [main] org.apache.catalina.core.AprLifecycleListener.lifecycleEvent 在java.library.path:[C:\Program Files\Java\jdk-21\bin;C:\WINDOWS\Sun\Java\bin;C:\WINDOWS\system32;C:\WINDOWS;C:\Program Files (x86)\VMware\VMware Workstation\bin\;$env:PATH;C:\MinGW\bin;C:\Program Files\NVIDIA Corporation\NVIDIA App\NvDLISR;C:\Program Files\dotnet\;C:\Program Files\nodejs\;C:\Program Files\Git LFS;C:\Windows\System32;C:\Windows;C:\Windows\System32\WindowsPowerShell\v1.0;C:\Program Files (x86)\Microsoft SQL Server\170\Tools\Binn\;C:\Program Files\Microsoft SQL Server\170\Tools\Binn\;C:\Program Files\Microsoft SQL Server\Client SDK\ODBC\180\Tools\Binn\;C:\Program Files\Microsoft SQL Server\170\DTS\Binn\;D:\rational rose\common;C:\tools\deepseek;C:\Program Files\GitHub CLI\;C:\Users\links\.mavis\bin;C:\Users\links\AppData\Local\Microsoft\WindowsApps;C:\Users\links\.dotnet\tools;D:\cursor\resources\app\bin;D:\Microsoft VS Code\bin;C:\MinGW\bin;C:\Users\links\AppData\Roaming\npm;C:\Users\links\AppData\Roaming\npm\bin;C:\Program Files\Git\cmd;C:\Program Files\Git\bin;C:\Program Files\Java\jdk-17\bin;C:\Users\links\AppData\Local\Python\bin;.]上找不到基于APR的Apache Tomcat本机库，该库允许在生产环境中获得最佳性能
26-May-2026 21:01:35.349 信息 [main] org.apache.coyote.AbstractProtocol.init 初始化协议处理器 ["http-nio-8080"]
26-May-2026 21:01:35.360 信息 [main] org.apache.catalina.startup.Catalina.load 服务器在[290]毫秒内初始化
26-May-2026 21:01:35.394 信息 [main] org.apache.catalina.core.StandardService.startInternal 正在启动服务[Catalina]
26-May-2026 21:01:35.394 信息 [main] org.apache.catalina.core.StandardEngine.startInternal 正在启动 Servlet 引擎：[Apache Tomcat/10.1.52]
26-May-2026 21:01:35.404 信息 [main] org.apache.catalina.startup.HostConfig.deployDescriptor 正在部署部署描述符[D:\creat\property-management\src\main\webapp\conf\Catalina\localhost\webapp.xml]。
26-May-2026 21:01:36.136 信息 [main] org.apache.jasper.servlet.TldScanner.scanJars 至少有一个JAR被扫描用于TLD但尚未包含TLD。 为此记录器启用调试日志记录，以获取已扫描但未在其中找到TLD的完整JAR列表。 在扫描期间跳过不需要的JAR可以缩短启动时间和JSP编译时间。
26-May-2026 21:01:36.186 警告 [main] org.apache.catalina.filters.FilterBase.init 未为[org.apache.catalina.filters.SetCharacterEncodingFilter]类型的筛选器定义属性[forceEncoding]
26-May-2026 21:01:36.197 信息 [main] org.apache.catalina.startup.HostConfig.deployDescriptor 部署描述符[D:\creat\property-management\src\main\webapp\conf\Catalina\localhost\webapp.xml]的部署已在[792]ms内完成
26-May-2026 21:01:36.200 信息 [main] org.apache.coyote.AbstractProtocol.start 开始协议处理句柄["http-nio-8080"]
26-May-2026 21:01:36.215 信息 [main] org.apache.catalina.startup.Catalina.start [855]毫秒后服务器启动
26-May-2026 21:04:46.000 信息 [Thread-1] org.apache.coyote.AbstractProtocol.pause 暂停ProtocolHandler["http-nio-8080"]
26-May-2026 21:04:46.003 信息 [Thread-1] org.apache.catalina.core.StandardService.stopInternal 正在停止服务[Catalina]
26-May-2026 21:04:46.006 警告 [Thread-1] org.apache.catalina.loader.WebappClassLoaderBase.clearReferencesJdbc Web应用程序 [webapp] 注册了JDBC驱动程序 [com.microsoft.sqlserver.jdbc.SQLServerDriver]，但在Web应用程序停止时无法注销它。 为防止内存泄漏，JDBC驱动程序已被强制取消注册。
26-May-2026 21:04:46.006 严重 [Thread-1] org.apache.catalina.loader.WebappClassLoaderBase.checkThreadLocalMapForLeaks web应用程序[webapp]创建了一个ThreadLocal，其键类型为[java.lang.ThreadLocal]（值为[java.lang.ThreadLocal@5f2864c1]），值类型为[com.microsoft.sqlserver.jdbc.SQLServerConnection43]（值为[ConnectionID:14 ClientConnectionId: fd970fcc-e936-4bf2-9f53-d01a1e5575c1），但在停止web应用程序时未能将其删除。线程将随着时间的推移而更新，以尝试避免可能的内存泄漏
26-May-2026 21:04:46.006 严重 [Thread-1] org.apache.catalina.loader.WebappClassLoaderBase.checkThreadLocalMapForLeaks web应用程序[webapp]创建了一个ThreadLocal，其键类型为[java.lang.ThreadLocal]（值为[java.lang.ThreadLocal@5f2864c1]），值类型为[com.microsoft.sqlserver.jdbc.SQLServerConnection43]（值为[ConnectionID:27 ClientConnectionId: 5d4763a6-362c-41e3-9921-92a542ddbaf4），但在停止web应用程序时未能将其删除。线程将随着时间的推移而更新，以尝试避免可能的内存泄漏
26-May-2026 21:04:46.006 严重 [Thread-1] org.apache.catalina.loader.WebappClassLoaderBase.checkThreadLocalMapForLeaks web应用程序[webapp]创建了一个ThreadLocal，其键类型为[java.lang.ThreadLocal]（值为[java.lang.ThreadLocal@5f2864c1]），值类型为[com.microsoft.sqlserver.jdbc.SQLServerConnection43]（值为[ConnectionID:26 ClientConnectionId: c1642436-8d27-48e3-8ba0-08844cb2a6ac），但在停止web应用程序时未能将其删除。线程将随着时间的推移而更新，以尝试避免可能的内存泄漏
26-May-2026 21:04:46.006 严重 [Thread-1] org.apache.catalina.loader.WebappClassLoaderBase.checkThreadLocalMapForLeaks web应用程序[webapp]创建了一个ThreadLocal，其键类型为[java.lang.ThreadLocal]（值为[java.lang.ThreadLocal@5f2864c1]），值类型为[com.microsoft.sqlserver.jdbc.SQLServerConnection43]（值为[ConnectionID:28 ClientConnectionId: 8ff7afa4-fa5e-4299-b45a-e2dd693a1482），但在停止web应用程序时未能将其删除。线程将随着时间的推移而更新，以尝试避免可能的内存泄漏
26-May-2026 21:04:46.007 严重 [Thread-1] org.apache.catalina.loader.WebappClassLoaderBase.checkThreadLocalMapForLeaks web应用程序[webapp]创建了一个ThreadLocal，其键类型为[java.lang.ThreadLocal]（值为[java.lang.ThreadLocal@5f2864c1]），值类型为[com.microsoft.sqlserver.jdbc.SQLServerConnection43]（值为[ConnectionID:31 ClientConnectionId: 70b30f8b-102c-4bf8-8485-5ac8fddf849b），但在停止web应用程序时未能将其删除。线程将随着时间的推移而更新，以尝试避免可能的内存泄漏
26-May-2026 21:04:46.007 严重 [Thread-1] org.apache.catalina.loader.WebappClassLoaderBase.checkThreadLocalMapForLeaks web应用程序[webapp]创建了一个ThreadLocal，其键类型为[java.lang.ThreadLocal]（值为[java.lang.ThreadLocal@5f2864c1]），值类型为[com.microsoft.sqlserver.jdbc.SQLServerConnection43]（值为[ConnectionID:32 ClientConnectionId: 9dabe880-eb91-4af9-af83-b72d8d807f69），但在停止web应用程序时未能将其删除。线程将随着时间的推移而更新，以尝试避免可能的内存泄漏
26-May-2026 21:04:46.007 严重 [Thread-1] org.apache.catalina.loader.WebappClassLoaderBase.checkThreadLocalMapForLeaks web应用程序[webapp]创建了一个ThreadLocal，其键类型为[java.lang.ThreadLocal]（值为[java.lang.ThreadLocal@5f2864c1]），值类型为[com.microsoft.sqlserver.jdbc.SQLServerConnection43]（值为[ConnectionID:20 ClientConnectionId: ff63965d-dd52-4367-a3fc-947ca36b7faf），但在停止web应用程序时未能将其删除。线程将随着时间的推移而更新，以尝试避免可能的内存泄漏
26-May-2026 21:04:46.007 严重 [Thread-1] org.apache.catalina.loader.WebappClassLoaderBase.checkThreadLocalMapForLeaks web应用程序[webapp]创建了一个ThreadLocal，其键类型为[java.lang.ThreadLocal]（值为[java.lang.ThreadLocal@5f2864c1]），值类型为[com.microsoft.sqlserver.jdbc.SQLServerConnection43]（值为[ConnectionID:21 ClientConnectionId: 1d2a71c4-8000-4391-a6f0-1a412df0ef63），但在停止web应用程序时未能将其删除。线程将随着时间的推移而更新，以尝试避免可能的内存泄漏
26-May-2026 21:04:46.009 严重 [Thread-1] org.apache.catalina.loader.WebappClassLoaderBase.checkThreadLocalMapForLeaks web应用程序[webapp]创建了一个ThreadLocal，其键类型为[java.lang.ThreadLocal]（值为[java.lang.ThreadLocal@5f2864c1]），值类型为[com.microsoft.sqlserver.jdbc.SQLServerConnection43]（值为[ConnectionID:24 ClientConnectionId: 1577e5bb-1321-4765-acd4-3f818b30011a），但在停止web应用程序时未能将其删除。线程将随着时间的推移而更新，以尝试避免可能的内存泄漏
26-May-2026 21:04:46.009 严重 [Thread-1] org.apache.catalina.loader.WebappClassLoaderBase.checkThreadLocalMapForLeaks web应用程序[webapp]创建了一个ThreadLocal，其键类型为[java.lang.ThreadLocal]（值为[java.lang.ThreadLocal@5f2864c1]），值类型为[com.microsoft.sqlserver.jdbc.SQLServerConnection43]（值为[ConnectionID:25 ClientConnectionId: 23c8546d-a304-4b15-96ae-c61847480b40），但在停止web应用程序时未能将其删除。线程将随着时间的推移而更新，以尝试避免可能的内存泄漏
26-May-2026 21:04:46.011 信息 [Thread-1] org.apache.coyote.AbstractProtocol.stop 正在停止ProtocolHandler ["http-nio-8080"]
26-May-2026 21:04:46.015 信息 [Thread-1] org.apache.coyote.AbstractProtocol.destroy 正在销毁协议处理器 ["http-nio-8080"]
26-May-2026 21:04:47.009 信息 [main] org.apache.catalina.startup.VersionLoggerListener.log Server.服务器版本: Apache Tomcat/10.1.52
26-May-2026 21:04:47.011 信息 [main] org.apache.catalina.startup.VersionLoggerListener.log 服务器构建:        Jan 23 2026 19:29:07 UTC
26-May-2026 21:04:47.011 信息 [main] org.apache.catalina.startup.VersionLoggerListener.log 服务器版本号:      10.1.52.0
26-May-2026 21:04:47.012 信息 [main] org.apache.catalina.startup.VersionLoggerListener.log 操作系统名称:      Windows 11
26-May-2026 21:04:47.012 信息 [main] org.apache.catalina.startup.VersionLoggerListener.log OS.版本:           10.0
26-May-2026 21:04:47.012 信息 [main] org.apache.catalina.startup.VersionLoggerListener.log 架构:              amd64
26-May-2026 21:04:47.012 信息 [main] org.apache.catalina.startup.VersionLoggerListener.log Java 环境变量:     C:\Program Files\Java\jdk-21
26-May-2026 21:04:47.012 信息 [main] org.apache.catalina.startup.VersionLoggerListener.log Java虚拟机版本:    21.0.6+8-LTS-188
26-May-2026 21:04:47.012 信息 [main] org.apache.catalina.startup.VersionLoggerListener.log JVM.供应商:        Oracle Corporation
26-May-2026 21:04:47.012 信息 [main] org.apache.catalina.startup.VersionLoggerListener.log CATALINA_BASE:     D:\creat\property-management\src\main\webapp
26-May-2026 21:04:47.012 信息 [main] org.apache.catalina.startup.VersionLoggerListener.log CATALINA_HOME:     D:\apache-tomcat-10.1.52
26-May-2026 21:04:47.019 信息 [main] org.apache.catalina.startup.VersionLoggerListener.log 命令行参数：       --add-opens=java.base/java.lang=ALL-UNNAMED
26-May-2026 21:04:47.019 信息 [main] org.apache.catalina.startup.VersionLoggerListener.log 命令行参数：       --add-opens=java.base/java.io=ALL-UNNAMED
26-May-2026 21:04:47.019 信息 [main] org.apache.catalina.startup.VersionLoggerListener.log 命令行参数：       --add-opens=java.base/java.util=ALL-UNNAMED
26-May-2026 21:04:47.019 信息 [main] org.apache.catalina.startup.VersionLoggerListener.log 命令行参数：       --add-opens=java.base/java.util.concurrent=ALL-UNNAMED
26-May-2026 21:04:47.019 信息 [main] org.apache.catalina.startup.VersionLoggerListener.log 命令行参数：       --add-opens=java.rmi/sun.rmi.transport=ALL-UNNAMED
26-May-2026 21:04:47.019 信息 [main] org.apache.catalina.startup.VersionLoggerListener.log 命令行参数：       -Dcatalina.home=D:\apache-tomcat-10.1.52
26-May-2026 21:04:47.019 信息 [main] org.apache.catalina.startup.VersionLoggerListener.log 命令行参数：       -Dcatalina.base=D:\creat\property-management\src\main\webapp
26-May-2026 21:04:47.019 信息 [main] org.apache.catalina.startup.VersionLoggerListener.log 命令行参数：       -Djava.io.tmpdir=D:\creat\property-management\src\main\webapp\temp
26-May-2026 21:04:47.019 信息 [main] org.apache.catalina.startup.VersionLoggerListener.log 命令行参数：       -Djava.util.logging.config.file=D:\creat\property-management\src\main\webapp\conf\logging.properties
26-May-2026 21:04:47.020 信息 [main] org.apache.catalina.startup.VersionLoggerListener.log 命令行参数：       -Djava.util.logging.manager=org.apache.juli.ClassLoaderLogManager
26-May-2026 21:04:47.020 信息 [main] org.apache.catalina.startup.VersionLoggerListener.log 命令行参数：       -javaagent:C:\Program Files\JetBrains\IntelliJ IDEA Community Edition 2024.3\lib\idea_rt.jar=11292:C:\Program Files\JetBrains\IntelliJ IDEA Community Edition 2024.3\bin
26-May-2026 21:04:47.020 信息 [main] org.apache.catalina.startup.VersionLoggerListener.log 命令行参数：       -Dfile.encoding=UTF-8
26-May-2026 21:04:47.020 信息 [main] org.apache.catalina.startup.VersionLoggerListener.log 命令行参数：       -Dsun.stdout.encoding=UTF-8
26-May-2026 21:04:47.020 信息 [main] org.apache.catalina.startup.VersionLoggerListener.log 命令行参数：       -Dsun.stderr.encoding=UTF-8
26-May-2026 21:04:47.027 信息 [main] org.apache.catalina.core.AprLifecycleListener.lifecycleEvent 在java.library.path:[C:\Program Files\Java\jdk-21\bin;C:\WINDOWS\Sun\Java\bin;C:\WINDOWS\system32;C:\WINDOWS;C:\Program Files (x86)\VMware\VMware Workstation\bin\;$env:PATH;C:\MinGW\bin;C:\Program Files\NVIDIA Corporation\NVIDIA App\NvDLISR;C:\Program Files\dotnet\;C:\Program Files\nodejs\;C:\Program Files\Git LFS;C:\Windows\System32;C:\Windows;C:\Windows\System32\WindowsPowerShell\v1.0;C:\Program Files (x86)\Microsoft SQL Server\170\Tools\Binn\;C:\Program Files\Microsoft SQL Server\170\Tools\Binn\;C:\Program Files\Microsoft SQL Server\Client SDK\ODBC\180\Tools\Binn\;C:\Program Files\Microsoft SQL Server\170\DTS\Binn\;D:\rational rose\common;C:\tools\deepseek;C:\Program Files\GitHub CLI\;C:\Users\links\.mavis\bin;C:\Users\links\AppData\Local\Microsoft\WindowsApps;C:\Users\links\.dotnet\tools;D:\cursor\resources\app\bin;D:\Microsoft VS Code\bin;C:\MinGW\bin;C:\Users\links\AppData\Roaming\npm;C:\Users\links\AppData\Roaming\npm\bin;C:\Program Files\Git\cmd;C:\Program Files\Git\bin;C:\Program Files\Java\jdk-17\bin;C:\Users\links\AppData\Local\Python\bin;.]上找不到基于APR的Apache Tomcat本机库，该库允许在生产环境中获得最佳性能
26-May-2026 21:04:47.240 信息 [main] org.apache.coyote.AbstractProtocol.init 初始化协议处理器 ["http-nio-8080"]
26-May-2026 21:04:47.252 信息 [main] org.apache.catalina.startup.Catalina.load 服务器在[363]毫秒内初始化
26-May-2026 21:04:47.319 信息 [main] org.apache.catalina.core.StandardService.startInternal 正在启动服务[Catalina]
26-May-2026 21:04:47.319 信息 [main] org.apache.catalina.core.StandardEngine.startInternal 正在启动 Servlet 引擎：[Apache Tomcat/10.1.52]
26-May-2026 21:04:47.325 信息 [main] org.apache.catalina.startup.HostConfig.deployDescriptor 正在部署部署描述符[D:\creat\property-management\src\main\webapp\conf\Catalina\localhost\webapp.xml]。
26-May-2026 21:04:48.052 信息 [main] org.apache.jasper.servlet.TldScanner.scanJars 至少有一个JAR被扫描用于TLD但尚未包含TLD。 为此记录器启用调试日志记录，以获取已扫描但未在其中找到TLD的完整JAR列表。 在扫描期间跳过不需要的JAR可以缩短启动时间和JSP编译时间。
26-May-2026 21:04:48.095 警告 [main] org.apache.catalina.filters.FilterBase.init 未为[org.apache.catalina.filters.SetCharacterEncodingFilter]类型的筛选器定义属性[forceEncoding]
26-May-2026 21:04:48.108 信息 [main] org.apache.catalina.startup.HostConfig.deployDescriptor 部署描述符[D:\creat\property-management\src\main\webapp\conf\Catalina\localhost\webapp.xml]的部署已在[780]ms内完成
26-May-2026 21:04:48.112 信息 [main] org.apache.coyote.AbstractProtocol.start 开始协议处理句柄["http-nio-8080"]
26-May-2026 21:04:48.126 信息 [main] org.apache.catalina.startup.Catalina.start [873]毫秒后服务器启动
26-May-2026 21:06:21.032 信息 [Thread-1] org.apache.coyote.AbstractProtocol.pause 暂停ProtocolHandler["http-nio-8080"]
26-May-2026 21:06:21.034 信息 [Thread-1] org.apache.catalina.core.StandardService.stopInternal 正在停止服务[Catalina]
26-May-2026 21:06:21.037 警告 [Thread-1] org.apache.catalina.loader.WebappClassLoaderBase.clearReferencesJdbc Web应用程序 [webapp] 注册了JDBC驱动程序 [com.microsoft.sqlserver.jdbc.SQLServerDriver]，但在Web应用程序停止时无法注销它。 为防止内存泄漏，JDBC驱动程序已被强制取消注册。
26-May-2026 21:06:21.038 严重 [Thread-1] org.apache.catalina.loader.WebappClassLoaderBase.checkThreadLocalMapForLeaks web应用程序[webapp]创建了一个ThreadLocal，其键类型为[java.lang.ThreadLocal]（值为[java.lang.ThreadLocal@2312bedf]），值类型为[com.microsoft.sqlserver.jdbc.SQLServerConnection43]（值为[ConnectionID:11 ClientConnectionId: 5c8555ad-c20c-41c0-a472-4763e51b44b6），但在停止web应用程序时未能将其删除。线程将随着时间的推移而更新，以尝试避免可能的内存泄漏
26-May-2026 21:06:21.038 严重 [Thread-1] org.apache.catalina.loader.WebappClassLoaderBase.checkThreadLocalMapForLeaks web应用程序[webapp]创建了一个ThreadLocal，其键类型为[java.lang.ThreadLocal]（值为[java.lang.ThreadLocal@2312bedf]），值类型为[com.microsoft.sqlserver.jdbc.SQLServerConnection43]（值为[ConnectionID:2 ClientConnectionId: 7b20e83c-9ed0-48c3-a8c4-4ed8985782fa），但在停止web应用程序时未能将其删除。线程将随着时间的推移而更新，以尝试避免可能的内存泄漏
26-May-2026 21:06:21.038 严重 [Thread-1] org.apache.catalina.loader.WebappClassLoaderBase.checkThreadLocalMapForLeaks web应用程序[webapp]创建了一个ThreadLocal，其键类型为[java.lang.ThreadLocal]（值为[java.lang.ThreadLocal@2312bedf]），值类型为[com.microsoft.sqlserver.jdbc.SQLServerConnection43]（值为[ConnectionID:4 ClientConnectionId: 4694955e-185c-4bde-aa50-570c1774c4e9），但在停止web应用程序时未能将其删除。线程将随着时间的推移而更新，以尝试避免可能的内存泄漏
26-May-2026 21:06:21.038 严重 [Thread-1] org.apache.catalina.loader.WebappClassLoaderBase.checkThreadLocalMapForLeaks web应用程序[webapp]创建了一个ThreadLocal，其键类型为[java.lang.ThreadLocal]（值为[java.lang.ThreadLocal@2312bedf]），值类型为[com.microsoft.sqlserver.jdbc.SQLServerConnection43]（值为[ConnectionID:5 ClientConnectionId: 58cc16a3-f84e-487d-8637-a923364c369d），但在停止web应用程序时未能将其删除。线程将随着时间的推移而更新，以尝试避免可能的内存泄漏
26-May-2026 21:06:21.039 严重 [Thread-1] org.apache.catalina.loader.WebappClassLoaderBase.checkThreadLocalMapForLeaks web应用程序[webapp]创建了一个ThreadLocal，其键类型为[java.lang.ThreadLocal]（值为[java.lang.ThreadLocal@2312bedf]），值类型为[com.microsoft.sqlserver.jdbc.SQLServerConnection43]（值为[ConnectionID:6 ClientConnectionId: 31673ae1-3d48-4aa8-966d-e35443ea174a），但在停止web应用程序时未能将其删除。线程将随着时间的推移而更新，以尝试避免可能的内存泄漏
26-May-2026 21:06:21.039 严重 [Thread-1] org.apache.catalina.loader.WebappClassLoaderBase.checkThreadLocalMapForLeaks web应用程序[webapp]创建了一个ThreadLocal，其键类型为[java.lang.ThreadLocal]（值为[java.lang.ThreadLocal@2312bedf]），值类型为[com.microsoft.sqlserver.jdbc.SQLServerConnection43]（值为[ConnectionID:7 ClientConnectionId: f3a27d72-ac61-471e-9ee6-c262a2bf619b），但在停止web应用程序时未能将其删除。线程将随着时间的推移而更新，以尝试避免可能的内存泄漏
26-May-2026 21:06:21.039 严重 [Thread-1] org.apache.catalina.loader.WebappClassLoaderBase.checkThreadLocalMapForLeaks web应用程序[webapp]创建了一个ThreadLocal，其键类型为[java.lang.ThreadLocal]（值为[java.lang.ThreadLocal@2312bedf]），值类型为[com.microsoft.sqlserver.jdbc.SQLServerConnection43]（值为[ConnectionID:10 ClientConnectionId: 23cdde5c-cead-42b7-aa2d-115d82038508），但在停止web应用程序时未能将其删除。线程将随着时间的推移而更新，以尝试避免可能的内存泄漏
26-May-2026 21:06:21.040 信息 [Thread-1] org.apache.coyote.AbstractProtocol.stop 正在停止ProtocolHandler ["http-nio-8080"]
26-May-2026 21:06:21.042 信息 [Thread-1] org.apache.coyote.AbstractProtocol.destroy 正在销毁协议处理器 ["http-nio-8080"]
26-May-2026 21:06:22.165 信息 [main] org.apache.catalina.startup.VersionLoggerListener.log Server.服务器版本: Apache Tomcat/10.1.52
26-May-2026 21:06:22.171 信息 [main] org.apache.catalina.startup.VersionLoggerListener.log 服务器构建:        Jan 23 2026 19:29:07 UTC
26-May-2026 21:06:22.171 信息 [main] org.apache.catalina.startup.VersionLoggerListener.log 服务器版本号:      10.1.52.0
26-May-2026 21:06:22.172 信息 [main] org.apache.catalina.startup.VersionLoggerListener.log 操作系统名称:      Windows 11
26-May-2026 21:06:22.172 信息 [main] org.apache.catalina.startup.VersionLoggerListener.log OS.版本:           10.0
26-May-2026 21:06:22.172 信息 [main] org.apache.catalina.startup.VersionLoggerListener.log 架构:              amd64
26-May-2026 21:06:22.173 信息 [main] org.apache.catalina.startup.VersionLoggerListener.log Java 环境变量:     C:\Program Files\Java\jdk-21
26-May-2026 21:06:22.174 信息 [main] org.apache.catalina.startup.VersionLoggerListener.log Java虚拟机版本:    21.0.6+8-LTS-188
26-May-2026 21:06:22.175 信息 [main] org.apache.catalina.startup.VersionLoggerListener.log JVM.供应商:        Oracle Corporation
26-May-2026 21:06:22.176 信息 [main] org.apache.catalina.startup.VersionLoggerListener.log CATALINA_BASE:     D:\creat\property-management\src\main\webapp
26-May-2026 21:06:22.177 信息 [main] org.apache.catalina.startup.VersionLoggerListener.log CATALINA_HOME:     D:\apache-tomcat-10.1.52
26-May-2026 21:06:22.184 信息 [main] org.apache.catalina.startup.VersionLoggerListener.log 命令行参数：       --add-opens=java.base/java.lang=ALL-UNNAMED
26-May-2026 21:06:22.184 信息 [main] org.apache.catalina.startup.VersionLoggerListener.log 命令行参数：       --add-opens=java.base/java.io=ALL-UNNAMED
26-May-2026 21:06:22.186 信息 [main] org.apache.catalina.startup.VersionLoggerListener.log 命令行参数：       --add-opens=java.base/java.util=ALL-UNNAMED
26-May-2026 21:06:22.186 信息 [main] org.apache.catalina.startup.VersionLoggerListener.log 命令行参数：       --add-opens=java.base/java.util.concurrent=ALL-UNNAMED
26-May-2026 21:06:22.186 信息 [main] org.apache.catalina.startup.VersionLoggerListener.log 命令行参数：       --add-opens=java.rmi/sun.rmi.transport=ALL-UNNAMED
26-May-2026 21:06:22.186 信息 [main] org.apache.catalina.startup.VersionLoggerListener.log 命令行参数：       -Dcatalina.home=D:\apache-tomcat-10.1.52
26-May-2026 21:06:22.187 信息 [main] org.apache.catalina.startup.VersionLoggerListener.log 命令行参数：       -Dcatalina.base=D:\creat\property-management\src\main\webapp
26-May-2026 21:06:22.188 信息 [main] org.apache.catalina.startup.VersionLoggerListener.log 命令行参数：       -Djava.io.tmpdir=D:\creat\property-management\src\main\webapp\temp
26-May-2026 21:06:22.189 信息 [main] org.apache.catalina.startup.VersionLoggerListener.log 命令行参数：       -Djava.util.logging.config.file=D:\creat\property-management\src\main\webapp\conf\logging.properties
26-May-2026 21:06:22.189 信息 [main] org.apache.catalina.startup.VersionLoggerListener.log 命令行参数：       -Djava.util.logging.manager=org.apache.juli.ClassLoaderLogManager
26-May-2026 21:06:22.189 信息 [main] org.apache.catalina.startup.VersionLoggerListener.log 命令行参数：       -javaagent:C:\Program Files\JetBrains\IntelliJ IDEA Community Edition 2024.3\lib\idea_rt.jar=3931:C:\Program Files\JetBrains\IntelliJ IDEA Community Edition 2024.3\bin
26-May-2026 21:06:22.190 信息 [main] org.apache.catalina.startup.VersionLoggerListener.log 命令行参数：       -Dfile.encoding=UTF-8
26-May-2026 21:06:22.190 信息 [main] org.apache.catalina.startup.VersionLoggerListener.log 命令行参数：       -Dsun.stdout.encoding=UTF-8
26-May-2026 21:06:22.190 信息 [main] org.apache.catalina.startup.VersionLoggerListener.log 命令行参数：       -Dsun.stderr.encoding=UTF-8
26-May-2026 21:06:22.200 信息 [main] org.apache.catalina.core.AprLifecycleListener.lifecycleEvent 在java.library.path:[C:\Program Files\Java\jdk-21\bin;C:\WINDOWS\Sun\Java\bin;C:\WINDOWS\system32;C:\WINDOWS;C:\Program Files (x86)\VMware\VMware Workstation\bin\;$env:PATH;C:\MinGW\bin;C:\Program Files\NVIDIA Corporation\NVIDIA App\NvDLISR;C:\Program Files\dotnet\;C:\Program Files\nodejs\;C:\Program Files\Git LFS;C:\Windows\System32;C:\Windows;C:\Windows\System32\WindowsPowerShell\v1.0;C:\Program Files (x86)\Microsoft SQL Server\170\Tools\Binn\;C:\Program Files\Microsoft SQL Server\170\Tools\Binn\;C:\Program Files\Microsoft SQL Server\Client SDK\ODBC\180\Tools\Binn\;C:\Program Files\Microsoft SQL Server\170\DTS\Binn\;D:\rational rose\common;C:\tools\deepseek;C:\Program Files\GitHub CLI\;C:\Users\links\.mavis\bin;C:\Users\links\AppData\Local\Microsoft\WindowsApps;C:\Users\links\.dotnet\tools;D:\cursor\resources\app\bin;D:\Microsoft VS Code\bin;C:\MinGW\bin;C:\Users\links\AppData\Roaming\npm;C:\Users\links\AppData\Roaming\npm\bin;C:\Program Files\Git\cmd;C:\Program Files\Git\bin;C:\Program Files\Java\jdk-17\bin;C:\Users\links\AppData\Local\Python\bin;.]上找不到基于APR的Apache Tomcat本机库，该库允许在生产环境中获得最佳性能
26-May-2026 21:06:22.401 信息 [main] org.apache.coyote.AbstractProtocol.init 初始化协议处理器 ["http-nio-8080"]
26-May-2026 21:06:22.414 信息 [main] org.apache.catalina.startup.Catalina.load 服务器在[381]毫秒内初始化
26-May-2026 21:06:22.452 信息 [main] org.apache.catalina.core.StandardService.startInternal 正在启动服务[Catalina]
26-May-2026 21:06:22.453 信息 [main] org.apache.catalina.core.StandardEngine.startInternal 正在启动 Servlet 引擎：[Apache Tomcat/10.1.52]
26-May-2026 21:06:22.460 信息 [main] org.apache.catalina.startup.HostConfig.deployDescriptor 正在部署部署描述符[D:\creat\property-management\src\main\webapp\conf\Catalina\localhost\webapp.xml]。
26-May-2026 21:06:23.198 信息 [main] org.apache.jasper.servlet.TldScanner.scanJars 至少有一个JAR被扫描用于TLD但尚未包含TLD。 为此记录器启用调试日志记录，以获取已扫描但未在其中找到TLD的完整JAR列表。 在扫描期间跳过不需要的JAR可以缩短启动时间和JSP编译时间。
26-May-2026 21:06:23.240 警告 [main] org.apache.catalina.filters.FilterBase.init 未为[org.apache.catalina.filters.SetCharacterEncodingFilter]类型的筛选器定义属性[forceEncoding]
26-May-2026 21:06:23.251 信息 [main] org.apache.catalina.startup.HostConfig.deployDescriptor 部署描述符[D:\creat\property-management\src\main\webapp\conf\Catalina\localhost\webapp.xml]的部署已在[789]ms内完成
26-May-2026 21:06:23.254 信息 [main] org.apache.coyote.AbstractProtocol.start 开始协议处理句柄["http-nio-8080"]
26-May-2026 21:06:23.270 信息 [main] org.apache.catalina.startup.Catalina.start [854]毫秒后服务器启动
26-May-2026 21:13:08.302 信息 [Thread-1] org.apache.coyote.AbstractProtocol.pause 暂停ProtocolHandler["http-nio-8080"]
26-May-2026 21:13:08.305 信息 [Thread-1] org.apache.catalina.core.StandardService.stopInternal 正在停止服务[Catalina]
26-May-2026 21:13:08.307 警告 [Thread-1] org.apache.catalina.loader.WebappClassLoaderBase.clearReferencesJdbc Web应用程序 [webapp] 注册了JDBC驱动程序 [com.microsoft.sqlserver.jdbc.SQLServerDriver]，但在Web应用程序停止时无法注销它。 为防止内存泄漏，JDBC驱动程序已被强制取消注册。
26-May-2026 21:13:08.308 严重 [Thread-1] org.apache.catalina.loader.WebappClassLoaderBase.checkThreadLocalMapForLeaks web应用程序[webapp]创建了一个ThreadLocal，其键类型为[java.lang.ThreadLocal]（值为[java.lang.ThreadLocal@50b8d788]），值类型为[com.microsoft.sqlserver.jdbc.SQLServerConnection43]（值为[ConnectionID:6 ClientConnectionId: 0a99f165-f527-44c5-b4ab-f8388ca0f509），但在停止web应用程序时未能将其删除。线程将随着时间的推移而更新，以尝试避免可能的内存泄漏
26-May-2026 21:13:08.308 严重 [Thread-1] org.apache.catalina.loader.WebappClassLoaderBase.checkThreadLocalMapForLeaks web应用程序[webapp]创建了一个ThreadLocal，其键类型为[java.lang.ThreadLocal]（值为[java.lang.ThreadLocal@50b8d788]），值类型为[com.microsoft.sqlserver.jdbc.SQLServerConnection43]（值为[ConnectionID:11 ClientConnectionId: adabb692-275e-4926-a163-dd7d769ee4fa），但在停止web应用程序时未能将其删除。线程将随着时间的推移而更新，以尝试避免可能的内存泄漏
26-May-2026 21:13:08.308 严重 [Thread-1] org.apache.catalina.loader.WebappClassLoaderBase.checkThreadLocalMapForLeaks web应用程序[webapp]创建了一个ThreadLocal，其键类型为[java.lang.ThreadLocal]（值为[java.lang.ThreadLocal@50b8d788]），值类型为[com.microsoft.sqlserver.jdbc.SQLServerConnection43]（值为[ConnectionID:2 ClientConnectionId: 751071ad-fa76-4b12-a758-66b336d1f3ea），但在停止web应用程序时未能将其删除。线程将随着时间的推移而更新，以尝试避免可能的内存泄漏
26-May-2026 21:13:08.308 严重 [Thread-1] org.apache.catalina.loader.WebappClassLoaderBase.checkThreadLocalMapForLeaks web应用程序[webapp]创建了一个ThreadLocal，其键类型为[java.lang.ThreadLocal]（值为[java.lang.ThreadLocal@50b8d788]），值类型为[com.microsoft.sqlserver.jdbc.SQLServerConnection43]（值为[ConnectionID:9 ClientConnectionId: cc871a13-283e-4adc-934a-8880cf3e4041），但在停止web应用程序时未能将其删除。线程将随着时间的推移而更新，以尝试避免可能的内存泄漏
26-May-2026 21:13:08.308 严重 [Thread-1] org.apache.catalina.loader.WebappClassLoaderBase.checkThreadLocalMapForLeaks web应用程序[webapp]创建了一个ThreadLocal，其键类型为[java.lang.ThreadLocal]（值为[java.lang.ThreadLocal@50b8d788]），值类型为[com.microsoft.sqlserver.jdbc.SQLServerConnection43]（值为[ConnectionID:10 ClientConnectionId: ebe146f9-9331-4f16-81fc-5c5b410bad01），但在停止web应用程序时未能将其删除。线程将随着时间的推移而更新，以尝试避免可能的内存泄漏
26-May-2026 21:13:08.310 严重 [Thread-1] org.apache.catalina.loader.WebappClassLoaderBase.checkThreadLocalMapForLeaks web应用程序[webapp]创建了一个ThreadLocal，其键类型为[java.lang.ThreadLocal]（值为[java.lang.ThreadLocal@50b8d788]），值类型为[com.microsoft.sqlserver.jdbc.SQLServerConnection43]（值为[ConnectionID:14 ClientConnectionId: 3927cf79-3b08-4187-8de6-2a31985d7b45），但在停止web应用程序时未能将其删除。线程将随着时间的推移而更新，以尝试避免可能的内存泄漏
26-May-2026 21:13:08.310 严重 [Thread-1] org.apache.catalina.loader.WebappClassLoaderBase.checkThreadLocalMapForLeaks web应用程序[webapp]创建了一个ThreadLocal，其键类型为[java.lang.ThreadLocal]（值为[java.lang.ThreadLocal@50b8d788]），值类型为[com.microsoft.sqlserver.jdbc.SQLServerConnection43]（值为[ConnectionID:15 ClientConnectionId: eb9f68da-7d92-45c5-a88b-8d00bd391856），但在停止web应用程序时未能将其删除。线程将随着时间的推移而更新，以尝试避免可能的内存泄漏
26-May-2026 21:13:08.310 严重 [Thread-1] org.apache.catalina.loader.WebappClassLoaderBase.checkThreadLocalMapForLeaks web应用程序[webapp]创建了一个ThreadLocal，其键类型为[java.lang.ThreadLocal]（值为[java.lang.ThreadLocal@50b8d788]），值类型为[com.microsoft.sqlserver.jdbc.SQLServerConnection43]（值为[ConnectionID:5 ClientConnectionId: 3b2e9ef0-7d92-4d34-906e-7cbeff0e761e），但在停止web应用程序时未能将其删除。线程将随着时间的推移而更新，以尝试避免可能的内存泄漏
26-May-2026 21:13:08.311 信息 [Thread-1] org.apache.coyote.AbstractProtocol.stop 正在停止ProtocolHandler ["http-nio-8080"]
26-May-2026 21:13:08.314 信息 [Thread-1] org.apache.coyote.AbstractProtocol.destroy 正在销毁协议处理器 ["http-nio-8080"]
26-May-2026 21:13:10.441 信息 [main] org.apache.catalina.startup.VersionLoggerListener.log Server.服务器版本: Apache Tomcat/10.1.52
26-May-2026 21:13:10.444 信息 [main] org.apache.catalina.startup.VersionLoggerListener.log 服务器构建:        Jan 23 2026 19:29:07 UTC
26-May-2026 21:13:10.444 信息 [main] org.apache.catalina.startup.VersionLoggerListener.log 服务器版本号:      10.1.52.0
26-May-2026 21:13:10.445 信息 [main] org.apache.catalina.startup.VersionLoggerListener.log 操作系统名称:      Windows 11
26-May-2026 21:13:10.445 信息 [main] org.apache.catalina.startup.VersionLoggerListener.log OS.版本:           10.0
26-May-2026 21:13:10.445 信息 [main] org.apache.catalina.startup.VersionLoggerListener.log 架构:              amd64
26-May-2026 21:13:10.445 信息 [main] org.apache.catalina.startup.VersionLoggerListener.log Java 环境变量:     C:\Program Files\Java\jdk-21
26-May-2026 21:13:10.445 信息 [main] org.apache.catalina.startup.VersionLoggerListener.log Java虚拟机版本:    21.0.6+8-LTS-188
26-May-2026 21:13:10.445 信息 [main] org.apache.catalina.startup.VersionLoggerListener.log JVM.供应商:        Oracle Corporation
26-May-2026 21:13:10.445 信息 [main] org.apache.catalina.startup.VersionLoggerListener.log CATALINA_BASE:     D:\creat\property-management\src\main\webapp
26-May-2026 21:13:10.445 信息 [main] org.apache.catalina.startup.VersionLoggerListener.log CATALINA_HOME:     D:\apache-tomcat-10.1.52
26-May-2026 21:13:10.451 信息 [main] org.apache.catalina.startup.VersionLoggerListener.log 命令行参数：       --add-opens=java.base/java.lang=ALL-UNNAMED
26-May-2026 21:13:10.451 信息 [main] org.apache.catalina.startup.VersionLoggerListener.log 命令行参数：       --add-opens=java.base/java.io=ALL-UNNAMED
26-May-2026 21:13:10.451 信息 [main] org.apache.catalina.startup.VersionLoggerListener.log 命令行参数：       --add-opens=java.base/java.util=ALL-UNNAMED
26-May-2026 21:13:10.452 信息 [main] org.apache.catalina.startup.VersionLoggerListener.log 命令行参数：       --add-opens=java.base/java.util.concurrent=ALL-UNNAMED
26-May-2026 21:13:10.452 信息 [main] org.apache.catalina.startup.VersionLoggerListener.log 命令行参数：       --add-opens=java.rmi/sun.rmi.transport=ALL-UNNAMED
26-May-2026 21:13:10.452 信息 [main] org.apache.catalina.startup.VersionLoggerListener.log 命令行参数：       -Dcatalina.home=D:\apache-tomcat-10.1.52
26-May-2026 21:13:10.452 信息 [main] org.apache.catalina.startup.VersionLoggerListener.log 命令行参数：       -Dcatalina.base=D:\creat\property-management\src\main\webapp
26-May-2026 21:13:10.452 信息 [main] org.apache.catalina.startup.VersionLoggerListener.log 命令行参数：       -Djava.io.tmpdir=D:\creat\property-management\src\main\webapp\temp
26-May-2026 21:13:10.452 信息 [main] org.apache.catalina.startup.VersionLoggerListener.log 命令行参数：       -Djava.util.logging.config.file=D:\creat\property-management\src\main\webapp\conf\logging.properties
26-May-2026 21:13:10.452 信息 [main] org.apache.catalina.startup.VersionLoggerListener.log 命令行参数：       -Djava.util.logging.manager=org.apache.juli.ClassLoaderLogManager
26-May-2026 21:13:10.452 信息 [main] org.apache.catalina.startup.VersionLoggerListener.log 命令行参数：       -javaagent:C:\Program Files\JetBrains\IntelliJ IDEA Community Edition 2024.3\lib\idea_rt.jar=1855:C:\Program Files\JetBrains\IntelliJ IDEA Community Edition 2024.3\bin
26-May-2026 21:13:10.452 信息 [main] org.apache.catalina.startup.VersionLoggerListener.log 命令行参数：       -Dfile.encoding=UTF-8
26-May-2026 21:13:10.453 信息 [main] org.apache.catalina.startup.VersionLoggerListener.log 命令行参数：       -Dsun.stdout.encoding=UTF-8
26-May-2026 21:13:10.453 信息 [main] org.apache.catalina.startup.VersionLoggerListener.log 命令行参数：       -Dsun.stderr.encoding=UTF-8
26-May-2026 21:13:10.459 信息 [main] org.apache.catalina.core.AprLifecycleListener.lifecycleEvent 在java.library.path:[C:\Program Files\Java\jdk-21\bin;C:\WINDOWS\Sun\Java\bin;C:\WINDOWS\system32;C:\WINDOWS;C:\Program Files (x86)\VMware\VMware Workstation\bin\;$env:PATH;C:\MinGW\bin;C:\Program Files\NVIDIA Corporation\NVIDIA App\NvDLISR;C:\Program Files\dotnet\;C:\Program Files\nodejs\;C:\Program Files\Git LFS;C:\Windows\System32;C:\Windows;C:\Windows\System32\WindowsPowerShell\v1.0;C:\Program Files (x86)\Microsoft SQL Server\170\Tools\Binn\;C:\Program Files\Microsoft SQL Server\170\Tools\Binn\;C:\Program Files\Microsoft SQL Server\Client SDK\ODBC\180\Tools\Binn\;C:\Program Files\Microsoft SQL Server\170\DTS\Binn\;D:\rational rose\common;C:\tools\deepseek;C:\Program Files\GitHub CLI\;C:\Users\links\.mavis\bin;C:\Users\links\AppData\Local\Microsoft\WindowsApps;C:\Users\links\.dotnet\tools;D:\cursor\resources\app\bin;D:\Microsoft VS Code\bin;C:\MinGW\bin;C:\Users\links\AppData\Roaming\npm;C:\Users\links\AppData\Roaming\npm\bin;C:\Program Files\Git\cmd;C:\Program Files\Git\bin;C:\Program Files\Java\jdk-17\bin;C:\Users\links\AppData\Local\Python\bin;.]上找不到基于APR的Apache Tomcat本机库，该库允许在生产环境中获得最佳性能
26-May-2026 21:13:10.608 信息 [main] org.apache.coyote.AbstractProtocol.init 初始化协议处理器 ["http-nio-8080"]
26-May-2026 21:13:10.619 信息 [main] org.apache.catalina.startup.Catalina.load 服务器在[288]毫秒内初始化
26-May-2026 21:13:10.653 信息 [main] org.apache.catalina.core.StandardService.startInternal 正在启动服务[Catalina]
26-May-2026 21:13:10.653 信息 [main] org.apache.catalina.core.StandardEngine.startInternal 正在启动 Servlet 引擎：[Apache Tomcat/10.1.52]
26-May-2026 21:13:10.659 信息 [main] org.apache.catalina.startup.HostConfig.deployDescriptor 正在部署部署描述符[D:\creat\property-management\src\main\webapp\conf\Catalina\localhost\webapp.xml]。
26-May-2026 21:13:11.378 信息 [main] org.apache.jasper.servlet.TldScanner.scanJars 至少有一个JAR被扫描用于TLD但尚未包含TLD。 为此记录器启用调试日志记录，以获取已扫描但未在其中找到TLD的完整JAR列表。 在扫描期间跳过不需要的JAR可以缩短启动时间和JSP编译时间。
26-May-2026 21:13:11.421 警告 [main] org.apache.catalina.filters.FilterBase.init 未为[org.apache.catalina.filters.SetCharacterEncodingFilter]类型的筛选器定义属性[forceEncoding]
26-May-2026 21:13:11.431 信息 [main] org.apache.catalina.startup.HostConfig.deployDescriptor 部署描述符[D:\creat\property-management\src\main\webapp\conf\Catalina\localhost\webapp.xml]的部署已在[770]ms内完成
26-May-2026 21:13:11.434 信息 [main] org.apache.coyote.AbstractProtocol.start 开始协议处理句柄["http-nio-8080"]
26-May-2026 21:13:11.450 信息 [main] org.apache.catalina.startup.Catalina.start [831]毫秒后服务器启动
26-May-2026 21:23:59.921 信息 [Thread-1] org.apache.coyote.AbstractProtocol.pause 暂停ProtocolHandler["http-nio-8080"]
26-May-2026 21:23:59.923 信息 [Thread-1] org.apache.catalina.core.StandardService.stopInternal 正在停止服务[Catalina]
26-May-2026 21:23:59.927 警告 [Thread-1] org.apache.catalina.loader.WebappClassLoaderBase.clearReferencesJdbc Web应用程序 [webapp] 注册了JDBC驱动程序 [com.microsoft.sqlserver.jdbc.SQLServerDriver]，但在Web应用程序停止时无法注销它。 为防止内存泄漏，JDBC驱动程序已被强制取消注册。
26-May-2026 21:23:59.928 严重 [Thread-1] org.apache.catalina.loader.WebappClassLoaderBase.checkThreadLocalMapForLeaks web应用程序[webapp]创建了一个ThreadLocal，其键类型为[java.lang.ThreadLocal]（值为[java.lang.ThreadLocal@2f709d16]），值类型为[com.microsoft.sqlserver.jdbc.SQLServerConnection43]（值为[ConnectionID:41 ClientConnectionId: 6664ded6-9303-44ff-8bca-529f054b72d1），但在停止web应用程序时未能将其删除。线程将随着时间的推移而更新，以尝试避免可能的内存泄漏
26-May-2026 21:23:59.929 严重 [Thread-1] org.apache.catalina.loader.WebappClassLoaderBase.checkThreadLocalMapForLeaks web应用程序[webapp]创建了一个ThreadLocal，其键类型为[java.lang.ThreadLocal]（值为[java.lang.ThreadLocal@2f709d16]），值类型为[com.microsoft.sqlserver.jdbc.SQLServerConnection43]（值为[ConnectionID:18 ClientConnectionId: a9ee70a4-56eb-49e9-9a5b-d06428c746c1），但在停止web应用程序时未能将其删除。线程将随着时间的推移而更新，以尝试避免可能的内存泄漏
26-May-2026 21:23:59.929 严重 [Thread-1] org.apache.catalina.loader.WebappClassLoaderBase.checkThreadLocalMapForLeaks web应用程序[webapp]创建了一个ThreadLocal，其键类型为[java.lang.ThreadLocal]（值为[java.lang.ThreadLocal@2f709d16]），值类型为[com.microsoft.sqlserver.jdbc.SQLServerConnection43]（值为[ConnectionID:11 ClientConnectionId: 061e05ec-48a4-424e-a557-2092e1a823e4），但在停止web应用程序时未能将其删除。线程将随着时间的推移而更新，以尝试避免可能的内存泄漏
26-May-2026 21:23:59.929 严重 [Thread-1] org.apache.catalina.loader.WebappClassLoaderBase.checkThreadLocalMapForLeaks web应用程序[webapp]创建了一个ThreadLocal，其键类型为[java.lang.ThreadLocal]（值为[java.lang.ThreadLocal@2f709d16]），值类型为[com.microsoft.sqlserver.jdbc.SQLServerConnection43]（值为[ConnectionID:30 ClientConnectionId: efb6ab99-a3f8-43d7-9410-8f641546c13e），但在停止web应用程序时未能将其删除。线程将随着时间的推移而更新，以尝试避免可能的内存泄漏
26-May-2026 21:23:59.929 严重 [Thread-1] org.apache.catalina.loader.WebappClassLoaderBase.checkThreadLocalMapForLeaks web应用程序[webapp]创建了一个ThreadLocal，其键类型为[java.lang.ThreadLocal]（值为[java.lang.ThreadLocal@2f709d16]），值类型为[com.microsoft.sqlserver.jdbc.SQLServerConnection43]（值为[ConnectionID:31 ClientConnectionId: 75ad1567-5f5d-4d36-be71-9bdbcec81178），但在停止web应用程序时未能将其删除。线程将随着时间的推移而更新，以尝试避免可能的内存泄漏
26-May-2026 21:23:59.929 严重 [Thread-1] org.apache.catalina.loader.WebappClassLoaderBase.checkThreadLocalMapForLeaks web应用程序[webapp]创建了一个ThreadLocal，其键类型为[java.lang.ThreadLocal]（值为[java.lang.ThreadLocal@2f709d16]），值类型为[com.microsoft.sqlserver.jdbc.SQLServerConnection43]（值为[ConnectionID:32 ClientConnectionId: 196ddf05-f089-4aa3-a95e-73436bcd8ecf），但在停止web应用程序时未能将其删除。线程将随着时间的推移而更新，以尝试避免可能的内存泄漏
26-May-2026 21:23:59.929 严重 [Thread-1] org.apache.catalina.loader.WebappClassLoaderBase.checkThreadLocalMapForLeaks web应用程序[webapp]创建了一个ThreadLocal，其键类型为[java.lang.ThreadLocal]（值为[java.lang.ThreadLocal@2f709d16]），值类型为[com.microsoft.sqlserver.jdbc.SQLServerConnection43]（值为[ConnectionID:38 ClientConnectionId: 670c811b-1ab2-42fa-b31a-1a936ede1274），但在停止web应用程序时未能将其删除。线程将随着时间的推移而更新，以尝试避免可能的内存泄漏
26-May-2026 21:23:59.929 严重 [Thread-1] org.apache.catalina.loader.WebappClassLoaderBase.checkThreadLocalMapForLeaks web应用程序[webapp]创建了一个ThreadLocal，其键类型为[java.lang.ThreadLocal]（值为[java.lang.ThreadLocal@2f709d16]），值类型为[com.microsoft.sqlserver.jdbc.SQLServerConnection43]（值为[ConnectionID:39 ClientConnectionId: aab0498e-b09e-490e-896a-d43c6869a1a8），但在停止web应用程序时未能将其删除。线程将随着时间的推移而更新，以尝试避免可能的内存泄漏
26-May-2026 21:23:59.929 严重 [Thread-1] org.apache.catalina.loader.WebappClassLoaderBase.checkThreadLocalMapForLeaks web应用程序[webapp]创建了一个ThreadLocal，其键类型为[java.lang.ThreadLocal]（值为[java.lang.ThreadLocal@2f709d16]），值类型为[com.microsoft.sqlserver.jdbc.SQLServerConnection43]（值为[ConnectionID:40 ClientConnectionId: ab1f0c10-a201-4300-93d4-920c13dc2406），但在停止web应用程序时未能将其删除。线程将随着时间的推移而更新，以尝试避免可能的内存泄漏
26-May-2026 21:23:59.929 严重 [Thread-1] org.apache.catalina.loader.WebappClassLoaderBase.checkThreadLocalMapForLeaks web应用程序[webapp]创建了一个ThreadLocal，其键类型为[java.lang.ThreadLocal]（值为[java.lang.ThreadLocal@2f709d16]），值类型为[com.microsoft.sqlserver.jdbc.SQLServerConnection43]（值为[ConnectionID:28 ClientConnectionId: f0f50a45-f693-4b99-a10d-4c39f60c7615），但在停止web应用程序时未能将其删除。线程将随着时间的推移而更新，以尝试避免可能的内存泄漏
26-May-2026 21:23:59.935 信息 [Thread-1] org.apache.coyote.AbstractProtocol.stop 正在停止ProtocolHandler ["http-nio-8080"]
26-May-2026 21:23:59.958 信息 [Thread-1] org.apache.coyote.AbstractProtocol.destroy 正在销毁协议处理器 ["http-nio-8080"]
26-May-2026 21:24:01.631 信息 [main] org.apache.catalina.startup.VersionLoggerListener.log Server.服务器版本: Apache Tomcat/10.1.52
26-May-2026 21:24:01.634 信息 [main] org.apache.catalina.startup.VersionLoggerListener.log 服务器构建:        Jan 23 2026 19:29:07 UTC
26-May-2026 21:24:01.634 信息 [main] org.apache.catalina.startup.VersionLoggerListener.log 服务器版本号:      10.1.52.0
26-May-2026 21:24:01.635 信息 [main] org.apache.catalina.startup.VersionLoggerListener.log 操作系统名称:      Windows 11
26-May-2026 21:24:01.635 信息 [main] org.apache.catalina.startup.VersionLoggerListener.log OS.版本:           10.0
26-May-2026 21:24:01.635 信息 [main] org.apache.catalina.startup.VersionLoggerListener.log 架构:              amd64
26-May-2026 21:24:01.635 信息 [main] org.apache.catalina.startup.VersionLoggerListener.log Java 环境变量:     C:\Program Files\Java\jdk-21
26-May-2026 21:24:01.636 信息 [main] org.apache.catalina.startup.VersionLoggerListener.log Java虚拟机版本:    21.0.6+8-LTS-188
26-May-2026 21:24:01.636 信息 [main] org.apache.catalina.startup.VersionLoggerListener.log JVM.供应商:        Oracle Corporation
26-May-2026 21:24:01.636 信息 [main] org.apache.catalina.startup.VersionLoggerListener.log CATALINA_BASE:     D:\creat\property-management\src\main\webapp
26-May-2026 21:24:01.636 信息 [main] org.apache.catalina.startup.VersionLoggerListener.log CATALINA_HOME:     D:\apache-tomcat-10.1.52
26-May-2026 21:24:01.643 信息 [main] org.apache.catalina.startup.VersionLoggerListener.log 命令行参数：       --add-opens=java.base/java.lang=ALL-UNNAMED
26-May-2026 21:24:01.643 信息 [main] org.apache.catalina.startup.VersionLoggerListener.log 命令行参数：       --add-opens=java.base/java.io=ALL-UNNAMED
26-May-2026 21:24:01.643 信息 [main] org.apache.catalina.startup.VersionLoggerListener.log 命令行参数：       --add-opens=java.base/java.util=ALL-UNNAMED
26-May-2026 21:24:01.643 信息 [main] org.apache.catalina.startup.VersionLoggerListener.log 命令行参数：       --add-opens=java.base/java.util.concurrent=ALL-UNNAMED
26-May-2026 21:24:01.644 信息 [main] org.apache.catalina.startup.VersionLoggerListener.log 命令行参数：       --add-opens=java.rmi/sun.rmi.transport=ALL-UNNAMED
26-May-2026 21:24:01.644 信息 [main] org.apache.catalina.startup.VersionLoggerListener.log 命令行参数：       -Dcatalina.home=D:\apache-tomcat-10.1.52
26-May-2026 21:24:01.644 信息 [main] org.apache.catalina.startup.VersionLoggerListener.log 命令行参数：       -Dcatalina.base=D:\creat\property-management\src\main\webapp
26-May-2026 21:24:01.644 信息 [main] org.apache.catalina.startup.VersionLoggerListener.log 命令行参数：       -Djava.io.tmpdir=D:\creat\property-management\src\main\webapp\temp
26-May-2026 21:24:01.645 信息 [main] org.apache.catalina.startup.VersionLoggerListener.log 命令行参数：       -Djava.util.logging.config.file=D:\creat\property-management\src\main\webapp\conf\logging.properties
26-May-2026 21:24:01.645 信息 [main] org.apache.catalina.startup.VersionLoggerListener.log 命令行参数：       -Djava.util.logging.manager=org.apache.juli.ClassLoaderLogManager
26-May-2026 21:24:01.645 信息 [main] org.apache.catalina.startup.VersionLoggerListener.log 命令行参数：       -javaagent:C:\Program Files\JetBrains\IntelliJ IDEA Community Edition 2024.3\lib\idea_rt.jar=10485:C:\Program Files\JetBrains\IntelliJ IDEA Community Edition 2024.3\bin
26-May-2026 21:24:01.645 信息 [main] org.apache.catalina.startup.VersionLoggerListener.log 命令行参数：       -Dfile.encoding=UTF-8
26-May-2026 21:24:01.645 信息 [main] org.apache.catalina.startup.VersionLoggerListener.log 命令行参数：       -Dsun.stdout.encoding=UTF-8
26-May-2026 21:24:01.645 信息 [main] org.apache.catalina.startup.VersionLoggerListener.log 命令行参数：       -Dsun.stderr.encoding=UTF-8
26-May-2026 21:24:01.652 信息 [main] org.apache.catalina.core.AprLifecycleListener.lifecycleEvent 在java.library.path:[C:\Program Files\Java\jdk-21\bin;C:\WINDOWS\Sun\Java\bin;C:\WINDOWS\system32;C:\WINDOWS;C:\Program Files (x86)\VMware\VMware Workstation\bin\;$env:PATH;C:\MinGW\bin;C:\Program Files\NVIDIA Corporation\NVIDIA App\NvDLISR;C:\Program Files\dotnet\;C:\Program Files\nodejs\;C:\Program Files\Git LFS;C:\Windows\System32;C:\Windows;C:\Windows\System32\WindowsPowerShell\v1.0;C:\Program Files (x86)\Microsoft SQL Server\170\Tools\Binn\;C:\Program Files\Microsoft SQL Server\170\Tools\Binn\;C:\Program Files\Microsoft SQL Server\Client SDK\ODBC\180\Tools\Binn\;C:\Program Files\Microsoft SQL Server\170\DTS\Binn\;D:\rational rose\common;C:\tools\deepseek;C:\Program Files\GitHub CLI\;C:\Users\links\.mavis\bin;C:\Users\links\AppData\Local\Microsoft\WindowsApps;C:\Users\links\.dotnet\tools;D:\cursor\resources\app\bin;D:\Microsoft VS Code\bin;C:\MinGW\bin;C:\Users\links\AppData\Roaming\npm;C:\Users\links\AppData\Roaming\npm\bin;C:\Program Files\Git\cmd;C:\Program Files\Git\bin;C:\Program Files\Java\jdk-17\bin;C:\Users\links\AppData\Local\Python\bin;.]上找不到基于APR的Apache Tomcat本机库，该库允许在生产环境中获得最佳性能
26-May-2026 21:24:01.811 信息 [main] org.apache.coyote.AbstractProtocol.init 初始化协议处理器 ["http-nio-8080"]
26-May-2026 21:24:01.823 信息 [main] org.apache.catalina.startup.Catalina.load 服务器在[311]毫秒内初始化
26-May-2026 21:24:01.864 信息 [main] org.apache.catalina.core.StandardService.startInternal 正在启动服务[Catalina]
26-May-2026 21:24:01.864 信息 [main] org.apache.catalina.core.StandardEngine.startInternal 正在启动 Servlet 引擎：[Apache Tomcat/10.1.52]
26-May-2026 21:24:01.871 信息 [main] org.apache.catalina.startup.HostConfig.deployDescriptor 正在部署部署描述符[D:\creat\property-management\src\main\webapp\conf\Catalina\localhost\webapp.xml]。
26-May-2026 21:24:02.639 信息 [main] org.apache.jasper.servlet.TldScanner.scanJars 至少有一个JAR被扫描用于TLD但尚未包含TLD。 为此记录器启用调试日志记录，以获取已扫描但未在其中找到TLD的完整JAR列表。 在扫描期间跳过不需要的JAR可以缩短启动时间和JSP编译时间。
26-May-2026 21:24:02.687 警告 [main] org.apache.catalina.filters.FilterBase.init 未为[org.apache.catalina.filters.SetCharacterEncodingFilter]类型的筛选器定义属性[forceEncoding]
26-May-2026 21:24:02.697 信息 [main] org.apache.catalina.startup.HostConfig.deployDescriptor 部署描述符[D:\creat\property-management\src\main\webapp\conf\Catalina\localhost\webapp.xml]的部署已在[824]ms内完成
26-May-2026 21:24:02.701 信息 [main] org.apache.coyote.AbstractProtocol.start 开始协议处理句柄["http-nio-8080"]
26-May-2026 21:24:02.716 信息 [main] org.apache.catalina.startup.Catalina.start [893]毫秒后服务器启动
26-May-2026 21:27:07.855 信息 [Thread-1] org.apache.coyote.AbstractProtocol.pause 暂停ProtocolHandler["http-nio-8080"]
26-May-2026 21:27:07.858 信息 [Thread-1] org.apache.catalina.core.StandardService.stopInternal 正在停止服务[Catalina]
26-May-2026 21:27:07.861 警告 [Thread-1] org.apache.catalina.loader.WebappClassLoaderBase.clearReferencesJdbc Web应用程序 [webapp] 注册了JDBC驱动程序 [com.microsoft.sqlserver.jdbc.SQLServerDriver]，但在Web应用程序停止时无法注销它。 为防止内存泄漏，JDBC驱动程序已被强制取消注册。
26-May-2026 21:27:07.862 严重 [Thread-1] org.apache.catalina.loader.WebappClassLoaderBase.checkThreadLocalMapForLeaks web应用程序[webapp]创建了一个ThreadLocal，其键类型为[java.lang.ThreadLocal]（值为[java.lang.ThreadLocal@479ec4cb]），值类型为[com.microsoft.sqlserver.jdbc.SQLServerConnection43]（值为[ConnectionID:2 ClientConnectionId: c49751dc-4b92-4c9f-bfef-e92d895e49b5），但在停止web应用程序时未能将其删除。线程将随着时间的推移而更新，以尝试避免可能的内存泄漏
26-May-2026 21:27:07.863 严重 [Thread-1] org.apache.catalina.loader.WebappClassLoaderBase.checkThreadLocalMapForLeaks web应用程序[webapp]创建了一个ThreadLocal，其键类型为[java.lang.ThreadLocal]（值为[java.lang.ThreadLocal@479ec4cb]），值类型为[com.microsoft.sqlserver.jdbc.SQLServerConnection43]（值为[ConnectionID:4 ClientConnectionId: 104dfc05-9a38-477c-8a08-7b82265ff417），但在停止web应用程序时未能将其删除。线程将随着时间的推移而更新，以尝试避免可能的内存泄漏
26-May-2026 21:27:07.863 严重 [Thread-1] org.apache.catalina.loader.WebappClassLoaderBase.checkThreadLocalMapForLeaks web应用程序[webapp]创建了一个ThreadLocal，其键类型为[java.lang.ThreadLocal]（值为[java.lang.ThreadLocal@479ec4cb]），值类型为[com.microsoft.sqlserver.jdbc.SQLServerConnection43]（值为[ConnectionID:6 ClientConnectionId: 359d894e-919b-476b-9b08-d6464b6e70b7），但在停止web应用程序时未能将其删除。线程将随着时间的推移而更新，以尝试避免可能的内存泄漏
26-May-2026 21:27:07.863 严重 [Thread-1] org.apache.catalina.loader.WebappClassLoaderBase.checkThreadLocalMapForLeaks web应用程序[webapp]创建了一个ThreadLocal，其键类型为[java.lang.ThreadLocal]（值为[java.lang.ThreadLocal@479ec4cb]），值类型为[com.microsoft.sqlserver.jdbc.SQLServerConnection43]（值为[ConnectionID:5 ClientConnectionId: aa280481-dcd8-4c54-ac7e-3de2a691cb00），但在停止web应用程序时未能将其删除。线程将随着时间的推移而更新，以尝试避免可能的内存泄漏
26-May-2026 21:27:07.863 严重 [Thread-1] org.apache.catalina.loader.WebappClassLoaderBase.checkThreadLocalMapForLeaks web应用程序[webapp]创建了一个ThreadLocal，其键类型为[java.lang.ThreadLocal]（值为[java.lang.ThreadLocal@479ec4cb]），值类型为[com.microsoft.sqlserver.jdbc.SQLServerConnection43]（值为[ConnectionID:12 ClientConnectionId: 9d8042c6-ae2e-49bc-8ee4-2b8a53ba5ac3），但在停止web应用程序时未能将其删除。线程将随着时间的推移而更新，以尝试避免可能的内存泄漏
26-May-2026 21:27:07.863 严重 [Thread-1] org.apache.catalina.loader.WebappClassLoaderBase.checkThreadLocalMapForLeaks web应用程序[webapp]创建了一个ThreadLocal，其键类型为[java.lang.ThreadLocal]（值为[java.lang.ThreadLocal@479ec4cb]），值类型为[com.microsoft.sqlserver.jdbc.SQLServerConnection43]（值为[ConnectionID:13 ClientConnectionId: 656c2a5b-0b69-4f49-a3b4-25590faa3340），但在停止web应用程序时未能将其删除。线程将随着时间的推移而更新，以尝试避免可能的内存泄漏
26-May-2026 21:27:07.865 信息 [Thread-1] org.apache.coyote.AbstractProtocol.stop 正在停止ProtocolHandler ["http-nio-8080"]
26-May-2026 21:27:07.869 信息 [Thread-1] org.apache.coyote.AbstractProtocol.destroy 正在销毁协议处理器 ["http-nio-8080"]
26-May-2026 21:27:09.562 信息 [main] org.apache.catalina.startup.VersionLoggerListener.log Server.服务器版本: Apache Tomcat/10.1.52
26-May-2026 21:27:09.565 信息 [main] org.apache.catalina.startup.VersionLoggerListener.log 服务器构建:        Jan 23 2026 19:29:07 UTC
26-May-2026 21:27:09.565 信息 [main] org.apache.catalina.startup.VersionLoggerListener.log 服务器版本号:      10.1.52.0
26-May-2026 21:27:09.566 信息 [main] org.apache.catalina.startup.VersionLoggerListener.log 操作系统名称:      Windows 11
26-May-2026 21:27:09.566 信息 [main] org.apache.catalina.startup.VersionLoggerListener.log OS.版本:           10.0
26-May-2026 21:27:09.566 信息 [main] org.apache.catalina.startup.VersionLoggerListener.log 架构:              amd64
26-May-2026 21:27:09.566 信息 [main] org.apache.catalina.startup.VersionLoggerListener.log Java 环境变量:     C:\Program Files\Java\jdk-21
26-May-2026 21:27:09.566 信息 [main] org.apache.catalina.startup.VersionLoggerListener.log Java虚拟机版本:    21.0.6+8-LTS-188
26-May-2026 21:27:09.566 信息 [main] org.apache.catalina.startup.VersionLoggerListener.log JVM.供应商:        Oracle Corporation
26-May-2026 21:27:09.566 信息 [main] org.apache.catalina.startup.VersionLoggerListener.log CATALINA_BASE:     D:\creat\property-management\src\main\webapp
26-May-2026 21:27:09.566 信息 [main] org.apache.catalina.startup.VersionLoggerListener.log CATALINA_HOME:     D:\apache-tomcat-10.1.52
26-May-2026 21:27:09.573 信息 [main] org.apache.catalina.startup.VersionLoggerListener.log 命令行参数：       --add-opens=java.base/java.lang=ALL-UNNAMED
26-May-2026 21:27:09.573 信息 [main] org.apache.catalina.startup.VersionLoggerListener.log 命令行参数：       --add-opens=java.base/java.io=ALL-UNNAMED
26-May-2026 21:27:09.573 信息 [main] org.apache.catalina.startup.VersionLoggerListener.log 命令行参数：       --add-opens=java.base/java.util=ALL-UNNAMED
26-May-2026 21:27:09.573 信息 [main] org.apache.catalina.startup.VersionLoggerListener.log 命令行参数：       --add-opens=java.base/java.util.concurrent=ALL-UNNAMED
26-May-2026 21:27:09.573 信息 [main] org.apache.catalina.startup.VersionLoggerListener.log 命令行参数：       --add-opens=java.rmi/sun.rmi.transport=ALL-UNNAMED
26-May-2026 21:27:09.574 信息 [main] org.apache.catalina.startup.VersionLoggerListener.log 命令行参数：       -Dcatalina.home=D:\apache-tomcat-10.1.52
26-May-2026 21:27:09.574 信息 [main] org.apache.catalina.startup.VersionLoggerListener.log 命令行参数：       -Dcatalina.base=D:\creat\property-management\src\main\webapp
26-May-2026 21:27:09.574 信息 [main] org.apache.catalina.startup.VersionLoggerListener.log 命令行参数：       -Djava.io.tmpdir=D:\creat\property-management\src\main\webapp\temp
26-May-2026 21:27:09.574 信息 [main] org.apache.catalina.startup.VersionLoggerListener.log 命令行参数：       -Djava.util.logging.config.file=D:\creat\property-management\src\main\webapp\conf\logging.properties
26-May-2026 21:27:09.574 信息 [main] org.apache.catalina.startup.VersionLoggerListener.log 命令行参数：       -Djava.util.logging.manager=org.apache.juli.ClassLoaderLogManager
26-May-2026 21:27:09.575 信息 [main] org.apache.catalina.startup.VersionLoggerListener.log 命令行参数：       -javaagent:C:\Program Files\JetBrains\IntelliJ IDEA Community Edition 2024.3\lib\idea_rt.jar=5970:C:\Program Files\JetBrains\IntelliJ IDEA Community Edition 2024.3\bin
26-May-2026 21:27:09.575 信息 [main] org.apache.catalina.startup.VersionLoggerListener.log 命令行参数：       -Dfile.encoding=UTF-8
26-May-2026 21:27:09.575 信息 [main] org.apache.catalina.startup.VersionLoggerListener.log 命令行参数：       -Dsun.stdout.encoding=UTF-8
26-May-2026 21:27:09.575 信息 [main] org.apache.catalina.startup.VersionLoggerListener.log 命令行参数：       -Dsun.stderr.encoding=UTF-8
26-May-2026 21:27:09.581 信息 [main] org.apache.catalina.core.AprLifecycleListener.lifecycleEvent 在java.library.path:[C:\Program Files\Java\jdk-21\bin;C:\WINDOWS\Sun\Java\bin;C:\WINDOWS\system32;C:\WINDOWS;C:\Program Files (x86)\VMware\VMware Workstation\bin\;$env:PATH;C:\MinGW\bin;C:\Program Files\NVIDIA Corporation\NVIDIA App\NvDLISR;C:\Program Files\dotnet\;C:\Program Files\nodejs\;C:\Program Files\Git LFS;C:\Windows\System32;C:\Windows;C:\Windows\System32\WindowsPowerShell\v1.0;C:\Program Files (x86)\Microsoft SQL Server\170\Tools\Binn\;C:\Program Files\Microsoft SQL Server\170\Tools\Binn\;C:\Program Files\Microsoft SQL Server\Client SDK\ODBC\180\Tools\Binn\;C:\Program Files\Microsoft SQL Server\170\DTS\Binn\;D:\rational rose\common;C:\tools\deepseek;C:\Program Files\GitHub CLI\;C:\Users\links\.mavis\bin;C:\Users\links\AppData\Local\Microsoft\WindowsApps;C:\Users\links\.dotnet\tools;D:\cursor\resources\app\bin;D:\Microsoft VS Code\bin;C:\MinGW\bin;C:\Users\links\AppData\Roaming\npm;C:\Users\links\AppData\Roaming\npm\bin;C:\Program Files\Git\cmd;C:\Program Files\Git\bin;C:\Program Files\Java\jdk-17\bin;C:\Users\links\AppData\Local\Python\bin;.]上找不到基于APR的Apache Tomcat本机库，该库允许在生产环境中获得最佳性能
26-May-2026 21:27:09.737 信息 [main] org.apache.coyote.AbstractProtocol.init 初始化协议处理器 ["http-nio-8080"]
26-May-2026 21:27:09.747 信息 [main] org.apache.catalina.startup.Catalina.load 服务器在[298]毫秒内初始化
26-May-2026 21:27:09.787 信息 [main] org.apache.catalina.core.StandardService.startInternal 正在启动服务[Catalina]
26-May-2026 21:27:09.789 信息 [main] org.apache.catalina.core.StandardEngine.startInternal 正在启动 Servlet 引擎：[Apache Tomcat/10.1.52]
26-May-2026 21:27:09.795 信息 [main] org.apache.catalina.startup.HostConfig.deployDescriptor 正在部署部署描述符[D:\creat\property-management\src\main\webapp\conf\Catalina\localhost\webapp.xml]。
26-May-2026 21:27:10.510 信息 [main] org.apache.jasper.servlet.TldScanner.scanJars 至少有一个JAR被扫描用于TLD但尚未包含TLD。 为此记录器启用调试日志记录，以获取已扫描但未在其中找到TLD的完整JAR列表。 在扫描期间跳过不需要的JAR可以缩短启动时间和JSP编译时间。
26-May-2026 21:27:10.554 警告 [main] org.apache.catalina.filters.FilterBase.init 未为[org.apache.catalina.filters.SetCharacterEncodingFilter]类型的筛选器定义属性[forceEncoding]
26-May-2026 21:27:10.564 信息 [main] org.apache.catalina.startup.HostConfig.deployDescriptor 部署描述符[D:\creat\property-management\src\main\webapp\conf\Catalina\localhost\webapp.xml]的部署已在[767]ms内完成
26-May-2026 21:27:10.569 信息 [main] org.apache.coyote.AbstractProtocol.start 开始协议处理句柄["http-nio-8080"]
26-May-2026 21:27:10.582 信息 [main] org.apache.catalina.startup.Catalina.start [834]毫秒后服务器启动
26-May-2026 21:28:12.932 信息 [Thread-1] org.apache.coyote.AbstractProtocol.pause 暂停ProtocolHandler["http-nio-8080"]
26-May-2026 21:28:12.936 信息 [Thread-1] org.apache.catalina.core.StandardService.stopInternal 正在停止服务[Catalina]
26-May-2026 21:28:12.938 警告 [Thread-1] org.apache.catalina.loader.WebappClassLoaderBase.clearReferencesJdbc Web应用程序 [webapp] 注册了JDBC驱动程序 [com.microsoft.sqlserver.jdbc.SQLServerDriver]，但在Web应用程序停止时无法注销它。 为防止内存泄漏，JDBC驱动程序已被强制取消注册。
26-May-2026 21:28:12.939 严重 [Thread-1] org.apache.catalina.loader.WebappClassLoaderBase.checkThreadLocalMapForLeaks web应用程序[webapp]创建了一个ThreadLocal，其键类型为[java.lang.ThreadLocal]（值为[java.lang.ThreadLocal@2a3ab9bb]），值类型为[com.microsoft.sqlserver.jdbc.SQLServerConnection43]（值为[ConnectionID:14 ClientConnectionId: 39685d00-3568-4673-845e-831f13be06c0），但在停止web应用程序时未能将其删除。线程将随着时间的推移而更新，以尝试避免可能的内存泄漏
26-May-2026 21:28:12.939 严重 [Thread-1] org.apache.catalina.loader.WebappClassLoaderBase.checkThreadLocalMapForLeaks web应用程序[webapp]创建了一个ThreadLocal，其键类型为[java.lang.ThreadLocal]（值为[java.lang.ThreadLocal@2a3ab9bb]），值类型为[com.microsoft.sqlserver.jdbc.SQLServerConnection43]（值为[ConnectionID:6 ClientConnectionId: b44f2b06-c507-42e7-8e18-7595cbf34acd），但在停止web应用程序时未能将其删除。线程将随着时间的推移而更新，以尝试避免可能的内存泄漏
26-May-2026 21:28:12.940 严重 [Thread-1] org.apache.catalina.loader.WebappClassLoaderBase.checkThreadLocalMapForLeaks web应用程序[webapp]创建了一个ThreadLocal，其键类型为[java.lang.ThreadLocal]（值为[java.lang.ThreadLocal@2a3ab9bb]），值类型为[com.microsoft.sqlserver.jdbc.SQLServerConnection43]（值为[ConnectionID:13 ClientConnectionId: fc6cc99b-20da-43c6-99b9-616f83b83c73），但在停止web应用程序时未能将其删除。线程将随着时间的推移而更新，以尝试避免可能的内存泄漏
26-May-2026 21:28:12.940 严重 [Thread-1] org.apache.catalina.loader.WebappClassLoaderBase.checkThreadLocalMapForLeaks web应用程序[webapp]创建了一个ThreadLocal，其键类型为[java.lang.ThreadLocal]（值为[java.lang.ThreadLocal@2a3ab9bb]），值类型为[com.microsoft.sqlserver.jdbc.SQLServerConnection43]（值为[ConnectionID:2 ClientConnectionId: 8cc19c45-1d3d-4f09-a94d-175dc220283e），但在停止web应用程序时未能将其删除。线程将随着时间的推移而更新，以尝试避免可能的内存泄漏
26-May-2026 21:28:12.940 严重 [Thread-1] org.apache.catalina.loader.WebappClassLoaderBase.checkThreadLocalMapForLeaks web应用程序[webapp]创建了一个ThreadLocal，其键类型为[java.lang.ThreadLocal]（值为[java.lang.ThreadLocal@2a3ab9bb]），值类型为[com.microsoft.sqlserver.jdbc.SQLServerConnection43]（值为[ConnectionID:4 ClientConnectionId: e3a50497-69a7-4f4a-8939-ccb50ae8eb79），但在停止web应用程序时未能将其删除。线程将随着时间的推移而更新，以尝试避免可能的内存泄漏
26-May-2026 21:28:12.940 严重 [Thread-1] org.apache.catalina.loader.WebappClassLoaderBase.checkThreadLocalMapForLeaks web应用程序[webapp]创建了一个ThreadLocal，其键类型为[java.lang.ThreadLocal]（值为[java.lang.ThreadLocal@2a3ab9bb]），值类型为[com.microsoft.sqlserver.jdbc.SQLServerConnection43]（值为[ConnectionID:5 ClientConnectionId: fd9c1dbf-f879-4907-a05e-90b5836c7217），但在停止web应用程序时未能将其删除。线程将随着时间的推移而更新，以尝试避免可能的内存泄漏
26-May-2026 21:28:12.940 严重 [Thread-1] org.apache.catalina.loader.WebappClassLoaderBase.checkThreadLocalMapForLeaks web应用程序[webapp]创建了一个ThreadLocal，其键类型为[java.lang.ThreadLocal]（值为[java.lang.ThreadLocal@2a3ab9bb]），值类型为[com.microsoft.sqlserver.jdbc.SQLServerConnection43]（值为[ConnectionID:12 ClientConnectionId: 5e988bc6-e8a4-4a0d-86f0-e2dbcfdc77c3），但在停止web应用程序时未能将其删除。线程将随着时间的推移而更新，以尝试避免可能的内存泄漏
26-May-2026 21:28:12.942 信息 [Thread-1] org.apache.coyote.AbstractProtocol.stop 正在停止ProtocolHandler ["http-nio-8080"]
26-May-2026 21:28:12.945 信息 [Thread-1] org.apache.coyote.AbstractProtocol.destroy 正在销毁协议处理器 ["http-nio-8080"]
26-May-2026 21:28:13.952 信息 [main] org.apache.catalina.startup.VersionLoggerListener.log Server.服务器版本: Apache Tomcat/10.1.52
26-May-2026 21:28:13.955 信息 [main] org.apache.catalina.startup.VersionLoggerListener.log 服务器构建:        Jan 23 2026 19:29:07 UTC
26-May-2026 21:28:13.955 信息 [main] org.apache.catalina.startup.VersionLoggerListener.log 服务器版本号:      10.1.52.0
26-May-2026 21:28:13.955 信息 [main] org.apache.catalina.startup.VersionLoggerListener.log 操作系统名称:      Windows 11
26-May-2026 21:28:13.955 信息 [main] org.apache.catalina.startup.VersionLoggerListener.log OS.版本:           10.0
26-May-2026 21:28:13.955 信息 [main] org.apache.catalina.startup.VersionLoggerListener.log 架构:              amd64
26-May-2026 21:28:13.956 信息 [main] org.apache.catalina.startup.VersionLoggerListener.log Java 环境变量:     C:\Program Files\Java\jdk-21
26-May-2026 21:28:13.956 信息 [main] org.apache.catalina.startup.VersionLoggerListener.log Java虚拟机版本:    21.0.6+8-LTS-188
26-May-2026 21:28:13.956 信息 [main] org.apache.catalina.startup.VersionLoggerListener.log JVM.供应商:        Oracle Corporation
26-May-2026 21:28:13.956 信息 [main] org.apache.catalina.startup.VersionLoggerListener.log CATALINA_BASE:     D:\creat\property-management\src\main\webapp
26-May-2026 21:28:13.956 信息 [main] org.apache.catalina.startup.VersionLoggerListener.log CATALINA_HOME:     D:\apache-tomcat-10.1.52
26-May-2026 21:28:13.962 信息 [main] org.apache.catalina.startup.VersionLoggerListener.log 命令行参数：       --add-opens=java.base/java.lang=ALL-UNNAMED
26-May-2026 21:28:13.962 信息 [main] org.apache.catalina.startup.VersionLoggerListener.log 命令行参数：       --add-opens=java.base/java.io=ALL-UNNAMED
26-May-2026 21:28:13.962 信息 [main] org.apache.catalina.startup.VersionLoggerListener.log 命令行参数：       --add-opens=java.base/java.util=ALL-UNNAMED
26-May-2026 21:28:13.962 信息 [main] org.apache.catalina.startup.VersionLoggerListener.log 命令行参数：       --add-opens=java.base/java.util.concurrent=ALL-UNNAMED
26-May-2026 21:28:13.963 信息 [main] org.apache.catalina.startup.VersionLoggerListener.log 命令行参数：       --add-opens=java.rmi/sun.rmi.transport=ALL-UNNAMED
26-May-2026 21:28:13.963 信息 [main] org.apache.catalina.startup.VersionLoggerListener.log 命令行参数：       -Dcatalina.home=D:\apache-tomcat-10.1.52
26-May-2026 21:28:13.963 信息 [main] org.apache.catalina.startup.VersionLoggerListener.log 命令行参数：       -Dcatalina.base=D:\creat\property-management\src\main\webapp
26-May-2026 21:28:13.963 信息 [main] org.apache.catalina.startup.VersionLoggerListener.log 命令行参数：       -Djava.io.tmpdir=D:\creat\property-management\src\main\webapp\temp
26-May-2026 21:28:13.963 信息 [main] org.apache.catalina.startup.VersionLoggerListener.log 命令行参数：       -Djava.util.logging.config.file=D:\creat\property-management\src\main\webapp\conf\logging.properties
26-May-2026 21:28:13.963 信息 [main] org.apache.catalina.startup.VersionLoggerListener.log 命令行参数：       -Djava.util.logging.manager=org.apache.juli.ClassLoaderLogManager
26-May-2026 21:28:13.963 信息 [main] org.apache.catalina.startup.VersionLoggerListener.log 命令行参数：       -javaagent:C:\Program Files\JetBrains\IntelliJ IDEA Community Edition 2024.3\lib\idea_rt.jar=4899:C:\Program Files\JetBrains\IntelliJ IDEA Community Edition 2024.3\bin
26-May-2026 21:28:13.963 信息 [main] org.apache.catalina.startup.VersionLoggerListener.log 命令行参数：       -Dfile.encoding=UTF-8
26-May-2026 21:28:13.965 信息 [main] org.apache.catalina.startup.VersionLoggerListener.log 命令行参数：       -Dsun.stdout.encoding=UTF-8
26-May-2026 21:28:13.965 信息 [main] org.apache.catalina.startup.VersionLoggerListener.log 命令行参数：       -Dsun.stderr.encoding=UTF-8
26-May-2026 21:28:13.970 信息 [main] org.apache.catalina.core.AprLifecycleListener.lifecycleEvent 在java.library.path:[C:\Program Files\Java\jdk-21\bin;C:\WINDOWS\Sun\Java\bin;C:\WINDOWS\system32;C:\WINDOWS;C:\Program Files (x86)\VMware\VMware Workstation\bin\;$env:PATH;C:\MinGW\bin;C:\Program Files\NVIDIA Corporation\NVIDIA App\NvDLISR;C:\Program Files\dotnet\;C:\Program Files\nodejs\;C:\Program Files\Git LFS;C:\Windows\System32;C:\Windows;C:\Windows\System32\WindowsPowerShell\v1.0;C:\Program Files (x86)\Microsoft SQL Server\170\Tools\Binn\;C:\Program Files\Microsoft SQL Server\170\Tools\Binn\;C:\Program Files\Microsoft SQL Server\Client SDK\ODBC\180\Tools\Binn\;C:\Program Files\Microsoft SQL Server\170\DTS\Binn\;D:\rational rose\common;C:\tools\deepseek;C:\Program Files\GitHub CLI\;C:\Users\links\.mavis\bin;C:\Users\links\AppData\Local\Microsoft\WindowsApps;C:\Users\links\.dotnet\tools;D:\cursor\resources\app\bin;D:\Microsoft VS Code\bin;C:\MinGW\bin;C:\Users\links\AppData\Roaming\npm;C:\Users\links\AppData\Roaming\npm\bin;C:\Program Files\Git\cmd;C:\Program Files\Git\bin;C:\Program Files\Java\jdk-17\bin;C:\Users\links\AppData\Local\Python\bin;.]上找不到基于APR的Apache Tomcat本机库，该库允许在生产环境中获得最佳性能
26-May-2026 21:28:14.189 信息 [main] org.apache.coyote.AbstractProtocol.init 初始化协议处理器 ["http-nio-8080"]
26-May-2026 21:28:14.205 信息 [main] org.apache.catalina.startup.Catalina.load 服务器在[372]毫秒内初始化
26-May-2026 21:28:14.245 信息 [main] org.apache.catalina.core.StandardService.startInternal 正在启动服务[Catalina]
26-May-2026 21:28:14.245 信息 [main] org.apache.catalina.core.StandardEngine.startInternal 正在启动 Servlet 引擎：[Apache Tomcat/10.1.52]
26-May-2026 21:28:14.253 信息 [main] org.apache.catalina.startup.HostConfig.deployDescriptor 正在部署部署描述符[D:\creat\property-management\src\main\webapp\conf\Catalina\localhost\webapp.xml]。
26-May-2026 21:28:15.005 信息 [main] org.apache.jasper.servlet.TldScanner.scanJars 至少有一个JAR被扫描用于TLD但尚未包含TLD。 为此记录器启用调试日志记录，以获取已扫描但未在其中找到TLD的完整JAR列表。 在扫描期间跳过不需要的JAR可以缩短启动时间和JSP编译时间。
26-May-2026 21:28:15.056 警告 [main] org.apache.catalina.filters.FilterBase.init 未为[org.apache.catalina.filters.SetCharacterEncodingFilter]类型的筛选器定义属性[forceEncoding]
26-May-2026 21:28:15.066 信息 [main] org.apache.catalina.startup.HostConfig.deployDescriptor 部署描述符[D:\creat\property-management\src\main\webapp\conf\Catalina\localhost\webapp.xml]的部署已在[813]ms内完成
26-May-2026 21:28:15.066 信息 [main] org.apache.coyote.AbstractProtocol.start 开始协议处理句柄["http-nio-8080"]
26-May-2026 21:28:15.087 信息 [main] org.apache.catalina.startup.Catalina.start [882]毫秒后服务器启动
26-May-2026 21:37:34.160 信息 [Thread-1] org.apache.coyote.AbstractProtocol.pause 暂停ProtocolHandler["http-nio-8080"]
26-May-2026 21:37:34.162 信息 [Thread-1] org.apache.catalina.core.StandardService.stopInternal 正在停止服务[Catalina]
26-May-2026 21:37:34.165 警告 [Thread-1] org.apache.catalina.loader.WebappClassLoaderBase.clearReferencesJdbc Web应用程序 [webapp] 注册了JDBC驱动程序 [com.microsoft.sqlserver.jdbc.SQLServerDriver]，但在Web应用程序停止时无法注销它。 为防止内存泄漏，JDBC驱动程序已被强制取消注册。
26-May-2026 21:37:34.166 严重 [Thread-1] org.apache.catalina.loader.WebappClassLoaderBase.checkThreadLocalMapForLeaks web应用程序[webapp]创建了一个ThreadLocal，其键类型为[java.lang.ThreadLocal]（值为[java.lang.ThreadLocal@256457fc]），值类型为[com.microsoft.sqlserver.jdbc.SQLServerConnection43]（值为[ConnectionID:47 ClientConnectionId: 1f777e4e-0ff2-49f0-9003-4f4eda5046e1），但在停止web应用程序时未能将其删除。线程将随着时间的推移而更新，以尝试避免可能的内存泄漏
26-May-2026 21:37:34.166 严重 [Thread-1] org.apache.catalina.loader.WebappClassLoaderBase.checkThreadLocalMapForLeaks web应用程序[webapp]创建了一个ThreadLocal，其键类型为[java.lang.ThreadLocal]（值为[java.lang.ThreadLocal@256457fc]），值类型为[com.microsoft.sqlserver.jdbc.SQLServerConnection43]（值为[ConnectionID:20 ClientConnectionId: c1448d70-ebfb-4390-899d-424cd9df4795），但在停止web应用程序时未能将其删除。线程将随着时间的推移而更新，以尝试避免可能的内存泄漏
26-May-2026 21:37:34.166 严重 [Thread-1] org.apache.catalina.loader.WebappClassLoaderBase.checkThreadLocalMapForLeaks web应用程序[webapp]创建了一个ThreadLocal，其键类型为[java.lang.ThreadLocal]（值为[java.lang.ThreadLocal@256457fc]），值类型为[com.microsoft.sqlserver.jdbc.SQLServerConnection43]（值为[ConnectionID:48 ClientConnectionId: f0da25d6-9ba1-460a-a990-54c827d8b781），但在停止web应用程序时未能将其删除。线程将随着时间的推移而更新，以尝试避免可能的内存泄漏
26-May-2026 21:37:34.166 严重 [Thread-1] org.apache.catalina.loader.WebappClassLoaderBase.checkThreadLocalMapForLeaks web应用程序[webapp]创建了一个ThreadLocal，其键类型为[java.lang.ThreadLocal]（值为[java.lang.ThreadLocal@256457fc]），值类型为[com.microsoft.sqlserver.jdbc.SQLServerConnection43]（值为[ConnectionID:40 ClientConnectionId: 10fefa5c-cbce-4cfc-b81f-53fbf45ee580），但在停止web应用程序时未能将其删除。线程将随着时间的推移而更新，以尝试避免可能的内存泄漏
26-May-2026 21:37:34.166 严重 [Thread-1] org.apache.catalina.loader.WebappClassLoaderBase.checkThreadLocalMapForLeaks web应用程序[webapp]创建了一个ThreadLocal，其键类型为[java.lang.ThreadLocal]（值为[java.lang.ThreadLocal@256457fc]），值类型为[com.microsoft.sqlserver.jdbc.SQLServerConnection43]（值为[ConnectionID:44 ClientConnectionId: c34bcab4-165e-4134-a7f3-4d5445d4f176），但在停止web应用程序时未能将其删除。线程将随着时间的推移而更新，以尝试避免可能的内存泄漏
26-May-2026 21:37:34.166 严重 [Thread-1] org.apache.catalina.loader.WebappClassLoaderBase.checkThreadLocalMapForLeaks web应用程序[webapp]创建了一个ThreadLocal，其键类型为[java.lang.ThreadLocal]（值为[java.lang.ThreadLocal@256457fc]），值类型为[com.microsoft.sqlserver.jdbc.SQLServerConnection43]（值为[ConnectionID:39 ClientConnectionId: 0d5baa19-e103-419a-8d2d-4faeeb8d26fa），但在停止web应用程序时未能将其删除。线程将随着时间的推移而更新，以尝试避免可能的内存泄漏
26-May-2026 21:37:34.167 严重 [Thread-1] org.apache.catalina.loader.WebappClassLoaderBase.checkThreadLocalMapForLeaks web应用程序[webapp]创建了一个ThreadLocal，其键类型为[java.lang.ThreadLocal]（值为[java.lang.ThreadLocal@256457fc]），值类型为[com.microsoft.sqlserver.jdbc.SQLServerConnection43]（值为[ConnectionID:50 ClientConnectionId: c31ba706-84dd-4d4c-b668-f81d693122fb），但在停止web应用程序时未能将其删除。线程将随着时间的推移而更新，以尝试避免可能的内存泄漏
26-May-2026 21:37:34.167 严重 [Thread-1] org.apache.catalina.loader.WebappClassLoaderBase.checkThreadLocalMapForLeaks web应用程序[webapp]创建了一个ThreadLocal，其键类型为[java.lang.ThreadLocal]（值为[java.lang.ThreadLocal@256457fc]），值类型为[com.microsoft.sqlserver.jdbc.SQLServerConnection43]（值为[ConnectionID:45 ClientConnectionId: f5a33af5-4f08-42ae-918f-1b3c39be0a8c），但在停止web应用程序时未能将其删除。线程将随着时间的推移而更新，以尝试避免可能的内存泄漏
26-May-2026 21:37:34.167 严重 [Thread-1] org.apache.catalina.loader.WebappClassLoaderBase.checkThreadLocalMapForLeaks web应用程序[webapp]创建了一个ThreadLocal，其键类型为[java.lang.ThreadLocal]（值为[java.lang.ThreadLocal@256457fc]），值类型为[com.microsoft.sqlserver.jdbc.SQLServerConnection43]（值为[ConnectionID:46 ClientConnectionId: d5784904-194d-4ea5-83ba-aca8fced2028），但在停止web应用程序时未能将其删除。线程将随着时间的推移而更新，以尝试避免可能的内存泄漏
26-May-2026 21:37:34.169 信息 [Thread-1] org.apache.coyote.AbstractProtocol.stop 正在停止ProtocolHandler ["http-nio-8080"]
26-May-2026 21:37:34.173 信息 [Thread-1] org.apache.coyote.AbstractProtocol.destroy 正在销毁协议处理器 ["http-nio-8080"]
26-May-2026 21:37:35.864 信息 [main] org.apache.catalina.startup.VersionLoggerListener.log Server.服务器版本: Apache Tomcat/10.1.52
26-May-2026 21:37:35.868 信息 [main] org.apache.catalina.startup.VersionLoggerListener.log 服务器构建:        Jan 23 2026 19:29:07 UTC
26-May-2026 21:37:35.869 信息 [main] org.apache.catalina.startup.VersionLoggerListener.log 服务器版本号:      10.1.52.0
26-May-2026 21:37:35.869 信息 [main] org.apache.catalina.startup.VersionLoggerListener.log 操作系统名称:      Windows 11
26-May-2026 21:37:35.869 信息 [main] org.apache.catalina.startup.VersionLoggerListener.log OS.版本:           10.0
26-May-2026 21:37:35.869 信息 [main] org.apache.catalina.startup.VersionLoggerListener.log 架构:              amd64
26-May-2026 21:37:35.870 信息 [main] org.apache.catalina.startup.VersionLoggerListener.log Java 环境变量:     C:\Program Files\Java\jdk-21
26-May-2026 21:37:35.870 信息 [main] org.apache.catalina.startup.VersionLoggerListener.log Java虚拟机版本:    21.0.6+8-LTS-188
26-May-2026 21:37:35.870 信息 [main] org.apache.catalina.startup.VersionLoggerListener.log JVM.供应商:        Oracle Corporation
26-May-2026 21:37:35.870 信息 [main] org.apache.catalina.startup.VersionLoggerListener.log CATALINA_BASE:     D:\creat\property-management\src\main\webapp
26-May-2026 21:37:35.870 信息 [main] org.apache.catalina.startup.VersionLoggerListener.log CATALINA_HOME:     D:\apache-tomcat-10.1.52
26-May-2026 21:37:35.878 信息 [main] org.apache.catalina.startup.VersionLoggerListener.log 命令行参数：       --add-opens=java.base/java.lang=ALL-UNNAMED
26-May-2026 21:37:35.878 信息 [main] org.apache.catalina.startup.VersionLoggerListener.log 命令行参数：       --add-opens=java.base/java.io=ALL-UNNAMED
26-May-2026 21:37:35.878 信息 [main] org.apache.catalina.startup.VersionLoggerListener.log 命令行参数：       --add-opens=java.base/java.util=ALL-UNNAMED
26-May-2026 21:37:35.878 信息 [main] org.apache.catalina.startup.VersionLoggerListener.log 命令行参数：       --add-opens=java.base/java.util.concurrent=ALL-UNNAMED
26-May-2026 21:37:35.878 信息 [main] org.apache.catalina.startup.VersionLoggerListener.log 命令行参数：       --add-opens=java.rmi/sun.rmi.transport=ALL-UNNAMED
26-May-2026 21:37:35.879 信息 [main] org.apache.catalina.startup.VersionLoggerListener.log 命令行参数：       -Dcatalina.home=D:\apache-tomcat-10.1.52
26-May-2026 21:37:35.879 信息 [main] org.apache.catalina.startup.VersionLoggerListener.log 命令行参数：       -Dcatalina.base=D:\creat\property-management\src\main\webapp
26-May-2026 21:37:35.879 信息 [main] org.apache.catalina.startup.VersionLoggerListener.log 命令行参数：       -Djava.io.tmpdir=D:\creat\property-management\src\main\webapp\temp
26-May-2026 21:37:35.879 信息 [main] org.apache.catalina.startup.VersionLoggerListener.log 命令行参数：       -Djava.util.logging.config.file=D:\creat\property-management\src\main\webapp\conf\logging.properties
26-May-2026 21:37:35.879 信息 [main] org.apache.catalina.startup.VersionLoggerListener.log 命令行参数：       -Djava.util.logging.manager=org.apache.juli.ClassLoaderLogManager
26-May-2026 21:37:35.879 信息 [main] org.apache.catalina.startup.VersionLoggerListener.log 命令行参数：       -javaagent:C:\Program Files\JetBrains\IntelliJ IDEA Community Edition 2024.3\lib\idea_rt.jar=9965:C:\Program Files\JetBrains\IntelliJ IDEA Community Edition 2024.3\bin
26-May-2026 21:37:35.879 信息 [main] org.apache.catalina.startup.VersionLoggerListener.log 命令行参数：       -Dfile.encoding=UTF-8
26-May-2026 21:37:35.880 信息 [main] org.apache.catalina.startup.VersionLoggerListener.log 命令行参数：       -Dsun.stdout.encoding=UTF-8
26-May-2026 21:37:35.880 信息 [main] org.apache.catalina.startup.VersionLoggerListener.log 命令行参数：       -Dsun.stderr.encoding=UTF-8
26-May-2026 21:37:35.885 信息 [main] org.apache.catalina.core.AprLifecycleListener.lifecycleEvent 在java.library.path:[C:\Program Files\Java\jdk-21\bin;C:\WINDOWS\Sun\Java\bin;C:\WINDOWS\system32;C:\WINDOWS;C:\Program Files (x86)\VMware\VMware Workstation\bin\;$env:PATH;C:\MinGW\bin;C:\Program Files\NVIDIA Corporation\NVIDIA App\NvDLISR;C:\Program Files\dotnet\;C:\Program Files\nodejs\;C:\Program Files\Git LFS;C:\Windows\System32;C:\Windows;C:\Windows\System32\WindowsPowerShell\v1.0;C:\Program Files (x86)\Microsoft SQL Server\170\Tools\Binn\;C:\Program Files\Microsoft SQL Server\170\Tools\Binn\;C:\Program Files\Microsoft SQL Server\Client SDK\ODBC\180\Tools\Binn\;C:\Program Files\Microsoft SQL Server\170\DTS\Binn\;D:\rational rose\common;C:\tools\deepseek;C:\Program Files\GitHub CLI\;C:\Users\links\.mavis\bin;C:\Users\links\AppData\Local\Microsoft\WindowsApps;C:\Users\links\.dotnet\tools;D:\cursor\resources\app\bin;D:\Microsoft VS Code\bin;C:\MinGW\bin;C:\Users\links\AppData\Roaming\npm;C:\Users\links\AppData\Roaming\npm\bin;C:\Program Files\Git\cmd;C:\Program Files\Git\bin;C:\Program Files\Java\jdk-17\bin;C:\Users\links\AppData\Local\Python\bin;.]上找不到基于APR的Apache Tomcat本机库，该库允许在生产环境中获得最佳性能
26-May-2026 21:37:36.037 信息 [main] org.apache.coyote.AbstractProtocol.init 初始化协议处理器 ["http-nio-8080"]
26-May-2026 21:37:36.048 信息 [main] org.apache.catalina.startup.Catalina.load 服务器在[304]毫秒内初始化
26-May-2026 21:37:36.093 信息 [main] org.apache.catalina.core.StandardService.startInternal 正在启动服务[Catalina]
26-May-2026 21:37:36.093 信息 [main] org.apache.catalina.core.StandardEngine.startInternal 正在启动 Servlet 引擎：[Apache Tomcat/10.1.52]
26-May-2026 21:37:36.102 信息 [main] org.apache.catalina.startup.HostConfig.deployDescriptor 正在部署部署描述符[D:\creat\property-management\src\main\webapp\conf\Catalina\localhost\webapp.xml]。
26-May-2026 21:37:36.867 信息 [main] org.apache.jasper.servlet.TldScanner.scanJars 至少有一个JAR被扫描用于TLD但尚未包含TLD。 为此记录器启用调试日志记录，以获取已扫描但未在其中找到TLD的完整JAR列表。 在扫描期间跳过不需要的JAR可以缩短启动时间和JSP编译时间。
26-May-2026 21:37:36.918 警告 [main] org.apache.catalina.filters.FilterBase.init 未为[org.apache.catalina.filters.SetCharacterEncodingFilter]类型的筛选器定义属性[forceEncoding]
26-May-2026 21:37:36.929 信息 [main] org.apache.catalina.startup.HostConfig.deployDescriptor 部署描述符[D:\creat\property-management\src\main\webapp\conf\Catalina\localhost\webapp.xml]的部署已在[826]ms内完成
26-May-2026 21:37:36.933 信息 [main] org.apache.coyote.AbstractProtocol.start 开始协议处理句柄["http-nio-8080"]
26-May-2026 21:37:36.948 信息 [main] org.apache.catalina.startup.Catalina.start [898]毫秒后服务器启动
26-May-2026 21:40:01.591 信息 [Thread-1] org.apache.coyote.AbstractProtocol.pause 暂停ProtocolHandler["http-nio-8080"]
26-May-2026 21:40:01.593 信息 [Thread-1] org.apache.catalina.core.StandardService.stopInternal 正在停止服务[Catalina]
26-May-2026 21:40:01.596 警告 [Thread-1] org.apache.catalina.loader.WebappClassLoaderBase.clearReferencesJdbc Web应用程序 [webapp] 注册了JDBC驱动程序 [com.microsoft.sqlserver.jdbc.SQLServerDriver]，但在Web应用程序停止时无法注销它。 为防止内存泄漏，JDBC驱动程序已被强制取消注册。
26-May-2026 21:40:01.597 严重 [Thread-1] org.apache.catalina.loader.WebappClassLoaderBase.checkThreadLocalMapForLeaks web应用程序[webapp]创建了一个ThreadLocal，其键类型为[java.lang.ThreadLocal]（值为[java.lang.ThreadLocal@d59ac3a]），值类型为[com.microsoft.sqlserver.jdbc.SQLServerConnection43]（值为[ConnectionID:16 ClientConnectionId: a9f229e9-ccee-4459-9e35-03aac984dbe6），但在停止web应用程序时未能将其删除。线程将随着时间的推移而更新，以尝试避免可能的内存泄漏
26-May-2026 21:40:01.598 严重 [Thread-1] org.apache.catalina.loader.WebappClassLoaderBase.checkThreadLocalMapForLeaks web应用程序[webapp]创建了一个ThreadLocal，其键类型为[java.lang.ThreadLocal]（值为[java.lang.ThreadLocal@d59ac3a]），值类型为[com.microsoft.sqlserver.jdbc.SQLServerConnection43]（值为[ConnectionID:4 ClientConnectionId: fa779fef-1195-4e32-88a2-c75a1add3ad7），但在停止web应用程序时未能将其删除。线程将随着时间的推移而更新，以尝试避免可能的内存泄漏
26-May-2026 21:40:01.598 严重 [Thread-1] org.apache.catalina.loader.WebappClassLoaderBase.checkThreadLocalMapForLeaks web应用程序[webapp]创建了一个ThreadLocal，其键类型为[java.lang.ThreadLocal]（值为[java.lang.ThreadLocal@d59ac3a]），值类型为[com.microsoft.sqlserver.jdbc.SQLServerConnection43]（值为[ConnectionID:2 ClientConnectionId: 03c812bf-716b-4ac4-a62d-e7aa853a9251），但在停止web应用程序时未能将其删除。线程将随着时间的推移而更新，以尝试避免可能的内存泄漏
26-May-2026 21:40:01.598 严重 [Thread-1] org.apache.catalina.loader.WebappClassLoaderBase.checkThreadLocalMapForLeaks web应用程序[webapp]创建了一个ThreadLocal，其键类型为[java.lang.ThreadLocal]（值为[java.lang.ThreadLocal@d59ac3a]），值类型为[com.microsoft.sqlserver.jdbc.SQLServerConnection43]（值为[ConnectionID:5 ClientConnectionId: aa40b966-15cc-437a-8476-fcdcffd4831d），但在停止web应用程序时未能将其删除。线程将随着时间的推移而更新，以尝试避免可能的内存泄漏
26-May-2026 21:40:01.598 严重 [Thread-1] org.apache.catalina.loader.WebappClassLoaderBase.checkThreadLocalMapForLeaks web应用程序[webapp]创建了一个ThreadLocal，其键类型为[java.lang.ThreadLocal]（值为[java.lang.ThreadLocal@d59ac3a]），值类型为[com.microsoft.sqlserver.jdbc.SQLServerConnection43]（值为[ConnectionID:7 ClientConnectionId: 00ac0094-3a62-48ea-adf3-a6d9776b1d6a），但在停止web应用程序时未能将其删除。线程将随着时间的推移而更新，以尝试避免可能的内存泄漏
26-May-2026 21:40:01.598 严重 [Thread-1] org.apache.catalina.loader.WebappClassLoaderBase.checkThreadLocalMapForLeaks web应用程序[webapp]创建了一个ThreadLocal，其键类型为[java.lang.ThreadLocal]（值为[java.lang.ThreadLocal@d59ac3a]），值类型为[com.microsoft.sqlserver.jdbc.SQLServerConnection43]（值为[ConnectionID:13 ClientConnectionId: 9e3d63c8-2518-41d7-99a0-89baf4075a83），但在停止web应用程序时未能将其删除。线程将随着时间的推移而更新，以尝试避免可能的内存泄漏
26-May-2026 21:40:01.598 严重 [Thread-1] org.apache.catalina.loader.WebappClassLoaderBase.checkThreadLocalMapForLeaks web应用程序[webapp]创建了一个ThreadLocal，其键类型为[java.lang.ThreadLocal]（值为[java.lang.ThreadLocal@d59ac3a]），值类型为[com.microsoft.sqlserver.jdbc.SQLServerConnection43]（值为[ConnectionID:14 ClientConnectionId: e3859cfe-9514-4ad7-a661-88160256e50d），但在停止web应用程序时未能将其删除。线程将随着时间的推移而更新，以尝试避免可能的内存泄漏
26-May-2026 21:40:01.600 信息 [Thread-1] org.apache.coyote.AbstractProtocol.stop 正在停止ProtocolHandler ["http-nio-8080"]
26-May-2026 21:40:01.604 信息 [Thread-1] org.apache.coyote.AbstractProtocol.destroy 正在销毁协议处理器 ["http-nio-8080"]
26-May-2026 21:42:56.385 信息 [main] org.apache.catalina.startup.VersionLoggerListener.log Server.服务器版本: Apache Tomcat/10.1.52
26-May-2026 21:42:56.387 信息 [main] org.apache.catalina.startup.VersionLoggerListener.log 服务器构建:        Jan 23 2026 19:29:07 UTC
26-May-2026 21:42:56.388 信息 [main] org.apache.catalina.startup.VersionLoggerListener.log 服务器版本号:      10.1.52.0
26-May-2026 21:42:56.388 信息 [main] org.apache.catalina.startup.VersionLoggerListener.log 操作系统名称:      Windows 11
26-May-2026 21:42:56.388 信息 [main] org.apache.catalina.startup.VersionLoggerListener.log OS.版本:           10.0
26-May-2026 21:42:56.388 信息 [main] org.apache.catalina.startup.VersionLoggerListener.log 架构:              amd64
26-May-2026 21:42:56.388 信息 [main] org.apache.catalina.startup.VersionLoggerListener.log Java 环境变量:     C:\Program Files\Java\jdk-21
26-May-2026 21:42:56.389 信息 [main] org.apache.catalina.startup.VersionLoggerListener.log Java虚拟机版本:    21.0.6+8-LTS-188
26-May-2026 21:42:56.389 信息 [main] org.apache.catalina.startup.VersionLoggerListener.log JVM.供应商:        Oracle Corporation
26-May-2026 21:42:56.389 信息 [main] org.apache.catalina.startup.VersionLoggerListener.log CATALINA_BASE:     D:\creat\property-management\src\main\webapp
26-May-2026 21:42:56.389 信息 [main] org.apache.catalina.startup.VersionLoggerListener.log CATALINA_HOME:     D:\apache-tomcat-10.1.52
26-May-2026 21:42:56.396 信息 [main] org.apache.catalina.startup.VersionLoggerListener.log 命令行参数：       --add-opens=java.base/java.lang=ALL-UNNAMED
26-May-2026 21:42:56.396 信息 [main] org.apache.catalina.startup.VersionLoggerListener.log 命令行参数：       --add-opens=java.base/java.io=ALL-UNNAMED
26-May-2026 21:42:56.397 信息 [main] org.apache.catalina.startup.VersionLoggerListener.log 命令行参数：       --add-opens=java.base/java.util=ALL-UNNAMED
26-May-2026 21:42:56.397 信息 [main] org.apache.catalina.startup.VersionLoggerListener.log 命令行参数：       --add-opens=java.base/java.util.concurrent=ALL-UNNAMED
26-May-2026 21:42:56.397 信息 [main] org.apache.catalina.startup.VersionLoggerListener.log 命令行参数：       --add-opens=java.rmi/sun.rmi.transport=ALL-UNNAMED
26-May-2026 21:42:56.397 信息 [main] org.apache.catalina.startup.VersionLoggerListener.log 命令行参数：       -Dcatalina.home=D:\apache-tomcat-10.1.52
26-May-2026 21:42:56.397 信息 [main] org.apache.catalina.startup.VersionLoggerListener.log 命令行参数：       -Dcatalina.base=D:\creat\property-management\src\main\webapp
26-May-2026 21:42:56.398 信息 [main] org.apache.catalina.startup.VersionLoggerListener.log 命令行参数：       -Djava.io.tmpdir=D:\creat\property-management\src\main\webapp\temp
26-May-2026 21:42:56.398 信息 [main] org.apache.catalina.startup.VersionLoggerListener.log 命令行参数：       -Djava.util.logging.config.file=D:\creat\property-management\src\main\webapp\conf\logging.properties
26-May-2026 21:42:56.399 信息 [main] org.apache.catalina.startup.VersionLoggerListener.log 命令行参数：       -Djava.util.logging.manager=org.apache.juli.ClassLoaderLogManager
26-May-2026 21:42:56.399 信息 [main] org.apache.catalina.startup.VersionLoggerListener.log 命令行参数：       -javaagent:C:\Program Files\JetBrains\IntelliJ IDEA Community Edition 2024.3\lib\idea_rt.jar=11749:C:\Program Files\JetBrains\IntelliJ IDEA Community Edition 2024.3\bin
26-May-2026 21:42:56.399 信息 [main] org.apache.catalina.startup.VersionLoggerListener.log 命令行参数：       -Dfile.encoding=UTF-8
26-May-2026 21:42:56.400 信息 [main] org.apache.catalina.startup.VersionLoggerListener.log 命令行参数：       -Dsun.stdout.encoding=UTF-8
26-May-2026 21:42:56.400 信息 [main] org.apache.catalina.startup.VersionLoggerListener.log 命令行参数：       -Dsun.stderr.encoding=UTF-8
26-May-2026 21:42:56.406 信息 [main] org.apache.catalina.core.AprLifecycleListener.lifecycleEvent 在java.library.path:[C:\Program Files\Java\jdk-21\bin;C:\WINDOWS\Sun\Java\bin;C:\WINDOWS\system32;C:\WINDOWS;C:\Program Files (x86)\VMware\VMware Workstation\bin\;$env:PATH;C:\MinGW\bin;C:\Program Files\NVIDIA Corporation\NVIDIA App\NvDLISR;C:\Program Files\dotnet\;C:\Program Files\nodejs\;C:\Program Files\Git LFS;C:\Windows\System32;C:\Windows;C:\Windows\System32\WindowsPowerShell\v1.0;C:\Program Files (x86)\Microsoft SQL Server\170\Tools\Binn\;C:\Program Files\Microsoft SQL Server\170\Tools\Binn\;C:\Program Files\Microsoft SQL Server\Client SDK\ODBC\180\Tools\Binn\;C:\Program Files\Microsoft SQL Server\170\DTS\Binn\;D:\rational rose\common;C:\tools\deepseek;C:\Program Files\GitHub CLI\;C:\Users\links\.mavis\bin;C:\Users\links\AppData\Local\Microsoft\WindowsApps;C:\Users\links\.dotnet\tools;D:\cursor\resources\app\bin;D:\Microsoft VS Code\bin;C:\MinGW\bin;C:\Users\links\AppData\Roaming\npm;C:\Users\links\AppData\Roaming\npm\bin;C:\Program Files\Git\cmd;C:\Program Files\Git\bin;C:\Program Files\Java\jdk-17\bin;C:\Users\links\AppData\Local\Python\bin;.]上找不到基于APR的Apache Tomcat本机库，该库允许在生产环境中获得最佳性能
26-May-2026 21:42:56.566 信息 [main] org.apache.coyote.AbstractProtocol.init 初始化协议处理器 ["http-nio-8080"]
26-May-2026 21:42:56.577 信息 [main] org.apache.catalina.startup.Catalina.load 服务器在[307]毫秒内初始化
26-May-2026 21:42:56.615 信息 [main] org.apache.catalina.core.StandardService.startInternal 正在启动服务[Catalina]
26-May-2026 21:42:56.615 信息 [main] org.apache.catalina.core.StandardEngine.startInternal 正在启动 Servlet 引擎：[Apache Tomcat/10.1.52]
26-May-2026 21:42:56.622 信息 [main] org.apache.catalina.startup.HostConfig.deployDescriptor 正在部署部署描述符[D:\creat\property-management\src\main\webapp\conf\Catalina\localhost\webapp.xml]。
26-May-2026 21:42:57.420 信息 [main] org.apache.jasper.servlet.TldScanner.scanJars 至少有一个JAR被扫描用于TLD但尚未包含TLD。 为此记录器启用调试日志记录，以获取已扫描但未在其中找到TLD的完整JAR列表。 在扫描期间跳过不需要的JAR可以缩短启动时间和JSP编译时间。
26-May-2026 21:42:57.471 警告 [main] org.apache.catalina.filters.FilterBase.init 未为[org.apache.catalina.filters.SetCharacterEncodingFilter]类型的筛选器定义属性[forceEncoding]
26-May-2026 21:42:57.482 信息 [main] org.apache.catalina.startup.HostConfig.deployDescriptor 部署描述符[D:\creat\property-management\src\main\webapp\conf\Catalina\localhost\webapp.xml]的部署已在[858]ms内完成
26-May-2026 21:42:57.486 信息 [main] org.apache.coyote.AbstractProtocol.start 开始协议处理句柄["http-nio-8080"]
26-May-2026 21:42:57.500 信息 [main] org.apache.catalina.startup.Catalina.start [922]毫秒后服务器启动
26-May-2026 21:50:14.229 信息 [Thread-1] org.apache.coyote.AbstractProtocol.pause 暂停ProtocolHandler["http-nio-8080"]
26-May-2026 21:50:14.231 信息 [Thread-1] org.apache.catalina.core.StandardService.stopInternal 正在停止服务[Catalina]
26-May-2026 21:50:14.234 警告 [Thread-1] org.apache.catalina.loader.WebappClassLoaderBase.clearReferencesJdbc Web应用程序 [webapp] 注册了JDBC驱动程序 [com.microsoft.sqlserver.jdbc.SQLServerDriver]，但在Web应用程序停止时无法注销它。 为防止内存泄漏，JDBC驱动程序已被强制取消注册。
26-May-2026 21:50:14.235 严重 [Thread-1] org.apache.catalina.loader.WebappClassLoaderBase.checkThreadLocalMapForLeaks web应用程序[webapp]创建了一个ThreadLocal，其键类型为[java.lang.ThreadLocal]（值为[java.lang.ThreadLocal@1e5ea385]），值类型为[com.microsoft.sqlserver.jdbc.SQLServerConnection43]（值为[ConnectionID:116 ClientConnectionId: 3ba7473f-026c-4565-9167-d8f27a248192），但在停止web应用程序时未能将其删除。线程将随着时间的推移而更新，以尝试避免可能的内存泄漏
26-May-2026 21:50:14.235 严重 [Thread-1] org.apache.catalina.loader.WebappClassLoaderBase.checkThreadLocalMapForLeaks web应用程序[webapp]创建了一个ThreadLocal，其键类型为[java.lang.ThreadLocal]（值为[java.lang.ThreadLocal@1e5ea385]），值类型为[com.microsoft.sqlserver.jdbc.SQLServerConnection43]（值为[ConnectionID:119 ClientConnectionId: 74343277-94fb-4baf-92d4-6768350e8b98），但在停止web应用程序时未能将其删除。线程将随着时间的推移而更新，以尝试避免可能的内存泄漏
26-May-2026 21:50:14.235 严重 [Thread-1] org.apache.catalina.loader.WebappClassLoaderBase.checkThreadLocalMapForLeaks web应用程序[webapp]创建了一个ThreadLocal，其键类型为[java.lang.ThreadLocal]（值为[java.lang.ThreadLocal@1e5ea385]），值类型为[com.microsoft.sqlserver.jdbc.SQLServerConnection43]（值为[ConnectionID:128 ClientConnectionId: 8e521d60-4679-4332-94f0-2072c303dbd3），但在停止web应用程序时未能将其删除。线程将随着时间的推移而更新，以尝试避免可能的内存泄漏
26-May-2026 21:50:14.235 严重 [Thread-1] org.apache.catalina.loader.WebappClassLoaderBase.checkThreadLocalMapForLeaks web应用程序[webapp]创建了一个ThreadLocal，其键类型为[java.lang.ThreadLocal]（值为[java.lang.ThreadLocal@1e5ea385]），值类型为[com.microsoft.sqlserver.jdbc.SQLServerConnection43]（值为[ConnectionID:130 ClientConnectionId: 9228e84a-a7b3-44f0-8bfb-386f8d0440b3），但在停止web应用程序时未能将其删除。线程将随着时间的推移而更新，以尝试避免可能的内存泄漏
26-May-2026 21:50:14.235 严重 [Thread-1] org.apache.catalina.loader.WebappClassLoaderBase.checkThreadLocalMapForLeaks web应用程序[webapp]创建了一个ThreadLocal，其键类型为[java.lang.ThreadLocal]（值为[java.lang.ThreadLocal@1e5ea385]），值类型为[com.microsoft.sqlserver.jdbc.SQLServerConnection43]（值为[ConnectionID:126 ClientConnectionId: 58aafb19-9426-4a31-878f-d42ce8ca0e95），但在停止web应用程序时未能将其删除。线程将随着时间的推移而更新，以尝试避免可能的内存泄漏
26-May-2026 21:50:14.237 严重 [Thread-1] org.apache.catalina.loader.WebappClassLoaderBase.checkThreadLocalMapForLeaks web应用程序[webapp]创建了一个ThreadLocal，其键类型为[java.lang.ThreadLocal]（值为[java.lang.ThreadLocal@1e5ea385]），值类型为[com.microsoft.sqlserver.jdbc.SQLServerConnection43]（值为[ConnectionID:133 ClientConnectionId: 9d9fa5da-00a4-4df1-a59d-34de8d3520ac），但在停止web应用程序时未能将其删除。线程将随着时间的推移而更新，以尝试避免可能的内存泄漏
26-May-2026 21:50:14.237 严重 [Thread-1] org.apache.catalina.loader.WebappClassLoaderBase.checkThreadLocalMapForLeaks web应用程序[webapp]创建了一个ThreadLocal，其键类型为[java.lang.ThreadLocal]（值为[java.lang.ThreadLocal@1e5ea385]），值类型为[com.microsoft.sqlserver.jdbc.SQLServerConnection43]（值为[ConnectionID:127 ClientConnectionId: 326ce2b3-f799-4ca9-bae2-e80a8ef84012），但在停止web应用程序时未能将其删除。线程将随着时间的推移而更新，以尝试避免可能的内存泄漏
26-May-2026 21:50:14.237 严重 [Thread-1] org.apache.catalina.loader.WebappClassLoaderBase.checkThreadLocalMapForLeaks web应用程序[webapp]创建了一个ThreadLocal，其键类型为[java.lang.ThreadLocal]（值为[java.lang.ThreadLocal@1e5ea385]），值类型为[com.microsoft.sqlserver.jdbc.SQLServerConnection43]（值为[ConnectionID:114 ClientConnectionId: 6ad4015c-5305-4dbd-9de6-3241b2ba2a36），但在停止web应用程序时未能将其删除。线程将随着时间的推移而更新，以尝试避免可能的内存泄漏
26-May-2026 21:50:14.239 信息 [Thread-1] org.apache.coyote.AbstractProtocol.stop 正在停止ProtocolHandler ["http-nio-8080"]
26-May-2026 21:50:14.242 信息 [Thread-1] org.apache.coyote.AbstractProtocol.destroy 正在销毁协议处理器 ["http-nio-8080"]
26-May-2026 21:50:15.228 信息 [main] org.apache.catalina.startup.VersionLoggerListener.log Server.服务器版本: Apache Tomcat/10.1.52
26-May-2026 21:50:15.232 信息 [main] org.apache.catalina.startup.VersionLoggerListener.log 服务器构建:        Jan 23 2026 19:29:07 UTC
26-May-2026 21:50:15.233 信息 [main] org.apache.catalina.startup.VersionLoggerListener.log 服务器版本号:      10.1.52.0
26-May-2026 21:50:15.233 信息 [main] org.apache.catalina.startup.VersionLoggerListener.log 操作系统名称:      Windows 11
26-May-2026 21:50:15.233 信息 [main] org.apache.catalina.startup.VersionLoggerListener.log OS.版本:           10.0
26-May-2026 21:50:15.233 信息 [main] org.apache.catalina.startup.VersionLoggerListener.log 架构:              amd64
26-May-2026 21:50:15.233 信息 [main] org.apache.catalina.startup.VersionLoggerListener.log Java 环境变量:     C:\Program Files\Java\jdk-21
26-May-2026 21:50:15.233 信息 [main] org.apache.catalina.startup.VersionLoggerListener.log Java虚拟机版本:    21.0.6+8-LTS-188
26-May-2026 21:50:15.234 信息 [main] org.apache.catalina.startup.VersionLoggerListener.log JVM.供应商:        Oracle Corporation
26-May-2026 21:50:15.234 信息 [main] org.apache.catalina.startup.VersionLoggerListener.log CATALINA_BASE:     D:\creat\property-management\src\main\webapp
26-May-2026 21:50:15.234 信息 [main] org.apache.catalina.startup.VersionLoggerListener.log CATALINA_HOME:     D:\apache-tomcat-10.1.52
26-May-2026 21:50:15.239 信息 [main] org.apache.catalina.startup.VersionLoggerListener.log 命令行参数：       --add-opens=java.base/java.lang=ALL-UNNAMED
26-May-2026 21:50:15.240 信息 [main] org.apache.catalina.startup.VersionLoggerListener.log 命令行参数：       --add-opens=java.base/java.io=ALL-UNNAMED
26-May-2026 21:50:15.240 信息 [main] org.apache.catalina.startup.VersionLoggerListener.log 命令行参数：       --add-opens=java.base/java.util=ALL-UNNAMED
26-May-2026 21:50:15.240 信息 [main] org.apache.catalina.startup.VersionLoggerListener.log 命令行参数：       --add-opens=java.base/java.util.concurrent=ALL-UNNAMED
26-May-2026 21:50:15.240 信息 [main] org.apache.catalina.startup.VersionLoggerListener.log 命令行参数：       --add-opens=java.rmi/sun.rmi.transport=ALL-UNNAMED
26-May-2026 21:50:15.240 信息 [main] org.apache.catalina.startup.VersionLoggerListener.log 命令行参数：       -Dcatalina.home=D:\apache-tomcat-10.1.52
26-May-2026 21:50:15.240 信息 [main] org.apache.catalina.startup.VersionLoggerListener.log 命令行参数：       -Dcatalina.base=D:\creat\property-management\src\main\webapp
26-May-2026 21:50:15.240 信息 [main] org.apache.catalina.startup.VersionLoggerListener.log 命令行参数：       -Djava.io.tmpdir=D:\creat\property-management\src\main\webapp\temp
26-May-2026 21:50:15.240 信息 [main] org.apache.catalina.startup.VersionLoggerListener.log 命令行参数：       -Djava.util.logging.config.file=D:\creat\property-management\src\main\webapp\conf\logging.properties
26-May-2026 21:50:15.240 信息 [main] org.apache.catalina.startup.VersionLoggerListener.log 命令行参数：       -Djava.util.logging.manager=org.apache.juli.ClassLoaderLogManager
26-May-2026 21:50:15.242 信息 [main] org.apache.catalina.startup.VersionLoggerListener.log 命令行参数：       -javaagent:C:\Program Files\JetBrains\IntelliJ IDEA Community Edition 2024.3\lib\idea_rt.jar=8217:C:\Program Files\JetBrains\IntelliJ IDEA Community Edition 2024.3\bin
26-May-2026 21:50:15.242 信息 [main] org.apache.catalina.startup.VersionLoggerListener.log 命令行参数：       -Dfile.encoding=UTF-8
26-May-2026 21:50:15.242 信息 [main] org.apache.catalina.startup.VersionLoggerListener.log 命令行参数：       -Dsun.stdout.encoding=UTF-8
26-May-2026 21:50:15.242 信息 [main] org.apache.catalina.startup.VersionLoggerListener.log 命令行参数：       -Dsun.stderr.encoding=UTF-8
26-May-2026 21:50:15.247 信息 [main] org.apache.catalina.core.AprLifecycleListener.lifecycleEvent 在java.library.path:[C:\Program Files\Java\jdk-21\bin;C:\WINDOWS\Sun\Java\bin;C:\WINDOWS\system32;C:\WINDOWS;C:\Program Files (x86)\VMware\VMware Workstation\bin\;$env:PATH;C:\MinGW\bin;C:\Program Files\NVIDIA Corporation\NVIDIA App\NvDLISR;C:\Program Files\dotnet\;C:\Program Files\nodejs\;C:\Program Files\Git LFS;C:\Windows\System32;C:\Windows;C:\Windows\System32\WindowsPowerShell\v1.0;C:\Program Files (x86)\Microsoft SQL Server\170\Tools\Binn\;C:\Program Files\Microsoft SQL Server\170\Tools\Binn\;C:\Program Files\Microsoft SQL Server\Client SDK\ODBC\180\Tools\Binn\;C:\Program Files\Microsoft SQL Server\170\DTS\Binn\;D:\rational rose\common;C:\tools\deepseek;C:\Program Files\GitHub CLI\;C:\Users\links\.mavis\bin;C:\Users\links\AppData\Local\Microsoft\WindowsApps;C:\Users\links\.dotnet\tools;D:\cursor\resources\app\bin;D:\Microsoft VS Code\bin;C:\MinGW\bin;C:\Users\links\AppData\Roaming\npm;C:\Users\links\AppData\Roaming\npm\bin;C:\Program Files\Git\cmd;C:\Program Files\Git\bin;C:\Program Files\Java\jdk-17\bin;C:\Users\links\AppData\Local\Python\bin;.]上找不到基于APR的Apache Tomcat本机库，该库允许在生产环境中获得最佳性能
26-May-2026 21:50:15.443 信息 [main] org.apache.coyote.AbstractProtocol.init 初始化协议处理器 ["http-nio-8080"]
26-May-2026 21:50:15.454 信息 [main] org.apache.catalina.startup.Catalina.load 服务器在[338]毫秒内初始化
26-May-2026 21:50:15.517 信息 [main] org.apache.catalina.core.StandardService.startInternal 正在启动服务[Catalina]
26-May-2026 21:50:15.517 信息 [main] org.apache.catalina.core.StandardEngine.startInternal 正在启动 Servlet 引擎：[Apache Tomcat/10.1.52]
26-May-2026 21:50:15.523 信息 [main] org.apache.catalina.startup.HostConfig.deployDescriptor 正在部署部署描述符[D:\creat\property-management\src\main\webapp\conf\Catalina\localhost\webapp.xml]。
26-May-2026 21:50:16.268 信息 [main] org.apache.jasper.servlet.TldScanner.scanJars 至少有一个JAR被扫描用于TLD但尚未包含TLD。 为此记录器启用调试日志记录，以获取已扫描但未在其中找到TLD的完整JAR列表。 在扫描期间跳过不需要的JAR可以缩短启动时间和JSP编译时间。
26-May-2026 21:50:16.317 警告 [main] org.apache.catalina.filters.FilterBase.init 未为[org.apache.catalina.filters.SetCharacterEncodingFilter]类型的筛选器定义属性[forceEncoding]
26-May-2026 21:50:16.327 信息 [main] org.apache.catalina.startup.HostConfig.deployDescriptor 部署描述符[D:\creat\property-management\src\main\webapp\conf\Catalina\localhost\webapp.xml]的部署已在[802]ms内完成
26-May-2026 21:50:16.330 信息 [main] org.apache.coyote.AbstractProtocol.start 开始协议处理句柄["http-nio-8080"]
26-May-2026 21:50:16.345 信息 [main] org.apache.catalina.startup.Catalina.start [888]毫秒后服务器启动
26-May-2026 21:51:15.728 信息 [Thread-1] org.apache.coyote.AbstractProtocol.pause 暂停ProtocolHandler["http-nio-8080"]
26-May-2026 21:51:15.732 信息 [Thread-1] org.apache.catalina.core.StandardService.stopInternal 正在停止服务[Catalina]
26-May-2026 21:51:15.735 警告 [Thread-1] org.apache.catalina.loader.WebappClassLoaderBase.clearReferencesJdbc Web应用程序 [webapp] 注册了JDBC驱动程序 [com.microsoft.sqlserver.jdbc.SQLServerDriver]，但在Web应用程序停止时无法注销它。 为防止内存泄漏，JDBC驱动程序已被强制取消注册。
26-May-2026 21:51:15.736 严重 [Thread-1] org.apache.catalina.loader.WebappClassLoaderBase.checkThreadLocalMapForLeaks web应用程序[webapp]创建了一个ThreadLocal，其键类型为[java.lang.ThreadLocal]（值为[java.lang.ThreadLocal@ea6856c]），值类型为[com.microsoft.sqlserver.jdbc.SQLServerConnection43]（值为[ConnectionID:2 ClientConnectionId: 0ed7fba6-8957-416c-b34d-eb380b6612bd），但在停止web应用程序时未能将其删除。线程将随着时间的推移而更新，以尝试避免可能的内存泄漏
26-May-2026 21:51:15.736 严重 [Thread-1] org.apache.catalina.loader.WebappClassLoaderBase.checkThreadLocalMapForLeaks web应用程序[webapp]创建了一个ThreadLocal，其键类型为[java.lang.ThreadLocal]（值为[java.lang.ThreadLocal@ea6856c]），值类型为[com.microsoft.sqlserver.jdbc.SQLServerConnection43]（值为[ConnectionID:4 ClientConnectionId: c970b95f-4a07-4631-9d78-6bae2ad2536e），但在停止web应用程序时未能将其删除。线程将随着时间的推移而更新，以尝试避免可能的内存泄漏
26-May-2026 21:51:15.736 严重 [Thread-1] org.apache.catalina.loader.WebappClassLoaderBase.checkThreadLocalMapForLeaks web应用程序[webapp]创建了一个ThreadLocal，其键类型为[java.lang.ThreadLocal]（值为[java.lang.ThreadLocal@ea6856c]），值类型为[com.microsoft.sqlserver.jdbc.SQLServerConnection43]（值为[ConnectionID:10 ClientConnectionId: af362320-7a3d-4991-922a-2319d1bfed02），但在停止web应用程序时未能将其删除。线程将随着时间的推移而更新，以尝试避免可能的内存泄漏
26-May-2026 21:51:15.736 严重 [Thread-1] org.apache.catalina.loader.WebappClassLoaderBase.checkThreadLocalMapForLeaks web应用程序[webapp]创建了一个ThreadLocal，其键类型为[java.lang.ThreadLocal]（值为[java.lang.ThreadLocal@ea6856c]），值类型为[com.microsoft.sqlserver.jdbc.SQLServerConnection43]（值为[ConnectionID:5 ClientConnectionId: 52158c44-e7b7-438a-b665-12d691fb1259），但在停止web应用程序时未能将其删除。线程将随着时间的推移而更新，以尝试避免可能的内存泄漏
26-May-2026 21:51:15.736 严重 [Thread-1] org.apache.catalina.loader.WebappClassLoaderBase.checkThreadLocalMapForLeaks web应用程序[webapp]创建了一个ThreadLocal，其键类型为[java.lang.ThreadLocal]（值为[java.lang.ThreadLocal@ea6856c]），值类型为[com.microsoft.sqlserver.jdbc.SQLServerConnection43]（值为[ConnectionID:7 ClientConnectionId: 15a30c68-7e7b-4497-8ac6-a27809be8921），但在停止web应用程序时未能将其删除。线程将随着时间的推移而更新，以尝试避免可能的内存泄漏
26-May-2026 21:51:15.736 严重 [Thread-1] org.apache.catalina.loader.WebappClassLoaderBase.checkThreadLocalMapForLeaks web应用程序[webapp]创建了一个ThreadLocal，其键类型为[java.lang.ThreadLocal]（值为[java.lang.ThreadLocal@ea6856c]），值类型为[com.microsoft.sqlserver.jdbc.SQLServerConnection43]（值为[ConnectionID:12 ClientConnectionId: c9eca4e3-4140-45e6-a121-0057c171807b），但在停止web应用程序时未能将其删除。线程将随着时间的推移而更新，以尝试避免可能的内存泄漏
26-May-2026 21:51:15.736 严重 [Thread-1] org.apache.catalina.loader.WebappClassLoaderBase.checkThreadLocalMapForLeaks web应用程序[webapp]创建了一个ThreadLocal，其键类型为[java.lang.ThreadLocal]（值为[java.lang.ThreadLocal@ea6856c]），值类型为[com.microsoft.sqlserver.jdbc.SQLServerConnection43]（值为[ConnectionID:11 ClientConnectionId: 001dac2c-7e37-4e86-8a25-e4aa22783f74），但在停止web应用程序时未能将其删除。线程将随着时间的推移而更新，以尝试避免可能的内存泄漏
26-May-2026 21:51:15.738 信息 [Thread-1] org.apache.coyote.AbstractProtocol.stop 正在停止ProtocolHandler ["http-nio-8080"]
26-May-2026 21:51:15.741 信息 [Thread-1] org.apache.coyote.AbstractProtocol.destroy 正在销毁协议处理器 ["http-nio-8080"]
26-May-2026 21:51:17.297 信息 [main] org.apache.catalina.startup.VersionLoggerListener.log Server.服务器版本: Apache Tomcat/10.1.52
26-May-2026 21:51:17.300 信息 [main] org.apache.catalina.startup.VersionLoggerListener.log 服务器构建:        Jan 23 2026 19:29:07 UTC
26-May-2026 21:51:17.300 信息 [main] org.apache.catalina.startup.VersionLoggerListener.log 服务器版本号:      10.1.52.0
26-May-2026 21:51:17.300 信息 [main] org.apache.catalina.startup.VersionLoggerListener.log 操作系统名称:      Windows 11
26-May-2026 21:51:17.300 信息 [main] org.apache.catalina.startup.VersionLoggerListener.log OS.版本:           10.0
26-May-2026 21:51:17.300 信息 [main] org.apache.catalina.startup.VersionLoggerListener.log 架构:              amd64
26-May-2026 21:51:17.300 信息 [main] org.apache.catalina.startup.VersionLoggerListener.log Java 环境变量:     C:\Program Files\Java\jdk-21
26-May-2026 21:51:17.301 信息 [main] org.apache.catalina.startup.VersionLoggerListener.log Java虚拟机版本:    21.0.6+8-LTS-188
26-May-2026 21:51:17.301 信息 [main] org.apache.catalina.startup.VersionLoggerListener.log JVM.供应商:        Oracle Corporation
26-May-2026 21:51:17.301 信息 [main] org.apache.catalina.startup.VersionLoggerListener.log CATALINA_BASE:     D:\creat\property-management\src\main\webapp
26-May-2026 21:51:17.301 信息 [main] org.apache.catalina.startup.VersionLoggerListener.log CATALINA_HOME:     D:\apache-tomcat-10.1.52
26-May-2026 21:51:17.307 信息 [main] org.apache.catalina.startup.VersionLoggerListener.log 命令行参数：       --add-opens=java.base/java.lang=ALL-UNNAMED
26-May-2026 21:51:17.307 信息 [main] org.apache.catalina.startup.VersionLoggerListener.log 命令行参数：       --add-opens=java.base/java.io=ALL-UNNAMED
26-May-2026 21:51:17.307 信息 [main] org.apache.catalina.startup.VersionLoggerListener.log 命令行参数：       --add-opens=java.base/java.util=ALL-UNNAMED
26-May-2026 21:51:17.307 信息 [main] org.apache.catalina.startup.VersionLoggerListener.log 命令行参数：       --add-opens=java.base/java.util.concurrent=ALL-UNNAMED
26-May-2026 21:51:17.307 信息 [main] org.apache.catalina.startup.VersionLoggerListener.log 命令行参数：       --add-opens=java.rmi/sun.rmi.transport=ALL-UNNAMED
26-May-2026 21:51:17.307 信息 [main] org.apache.catalina.startup.VersionLoggerListener.log 命令行参数：       -Dcatalina.home=D:\apache-tomcat-10.1.52
26-May-2026 21:51:17.307 信息 [main] org.apache.catalina.startup.VersionLoggerListener.log 命令行参数：       -Dcatalina.base=D:\creat\property-management\src\main\webapp
26-May-2026 21:51:17.307 信息 [main] org.apache.catalina.startup.VersionLoggerListener.log 命令行参数：       -Djava.io.tmpdir=D:\creat\property-management\src\main\webapp\temp
26-May-2026 21:51:17.308 信息 [main] org.apache.catalina.startup.VersionLoggerListener.log 命令行参数：       -Djava.util.logging.config.file=D:\creat\property-management\src\main\webapp\conf\logging.properties
26-May-2026 21:51:17.308 信息 [main] org.apache.catalina.startup.VersionLoggerListener.log 命令行参数：       -Djava.util.logging.manager=org.apache.juli.ClassLoaderLogManager
26-May-2026 21:51:17.308 信息 [main] org.apache.catalina.startup.VersionLoggerListener.log 命令行参数：       -javaagent:C:\Program Files\JetBrains\IntelliJ IDEA Community Edition 2024.3\lib\idea_rt.jar=8523:C:\Program Files\JetBrains\IntelliJ IDEA Community Edition 2024.3\bin
26-May-2026 21:51:17.308 信息 [main] org.apache.catalina.startup.VersionLoggerListener.log 命令行参数：       -Dfile.encoding=UTF-8
26-May-2026 21:51:17.308 信息 [main] org.apache.catalina.startup.VersionLoggerListener.log 命令行参数：       -Dsun.stdout.encoding=UTF-8
26-May-2026 21:51:17.308 信息 [main] org.apache.catalina.startup.VersionLoggerListener.log 命令行参数：       -Dsun.stderr.encoding=UTF-8
26-May-2026 21:51:17.313 信息 [main] org.apache.catalina.core.AprLifecycleListener.lifecycleEvent 在java.library.path:[C:\Program Files\Java\jdk-21\bin;C:\WINDOWS\Sun\Java\bin;C:\WINDOWS\system32;C:\WINDOWS;C:\Program Files (x86)\VMware\VMware Workstation\bin\;$env:PATH;C:\MinGW\bin;C:\Program Files\NVIDIA Corporation\NVIDIA App\NvDLISR;C:\Program Files\dotnet\;C:\Program Files\nodejs\;C:\Program Files\Git LFS;C:\Windows\System32;C:\Windows;C:\Windows\System32\WindowsPowerShell\v1.0;C:\Program Files (x86)\Microsoft SQL Server\170\Tools\Binn\;C:\Program Files\Microsoft SQL Server\170\Tools\Binn\;C:\Program Files\Microsoft SQL Server\Client SDK\ODBC\180\Tools\Binn\;C:\Program Files\Microsoft SQL Server\170\DTS\Binn\;D:\rational rose\common;C:\tools\deepseek;C:\Program Files\GitHub CLI\;C:\Users\links\.mavis\bin;C:\Users\links\AppData\Local\Microsoft\WindowsApps;C:\Users\links\.dotnet\tools;D:\cursor\resources\app\bin;D:\Microsoft VS Code\bin;C:\MinGW\bin;C:\Users\links\AppData\Roaming\npm;C:\Users\links\AppData\Roaming\npm\bin;C:\Program Files\Git\cmd;C:\Program Files\Git\bin;C:\Program Files\Java\jdk-17\bin;C:\Users\links\AppData\Local\Python\bin;.]上找不到基于APR的Apache Tomcat本机库，该库允许在生产环境中获得最佳性能
26-May-2026 21:51:17.475 信息 [main] org.apache.coyote.AbstractProtocol.init 初始化协议处理器 ["http-nio-8080"]
26-May-2026 21:51:17.484 信息 [main] org.apache.catalina.startup.Catalina.load 服务器在[311]毫秒内初始化
26-May-2026 21:51:17.527 信息 [main] org.apache.catalina.core.StandardService.startInternal 正在启动服务[Catalina]
26-May-2026 21:51:17.527 信息 [main] org.apache.catalina.core.StandardEngine.startInternal 正在启动 Servlet 引擎：[Apache Tomcat/10.1.52]
26-May-2026 21:51:17.533 信息 [main] org.apache.catalina.startup.HostConfig.deployDescriptor 正在部署部署描述符[D:\creat\property-management\src\main\webapp\conf\Catalina\localhost\webapp.xml]。
26-May-2026 21:51:18.294 信息 [main] org.apache.jasper.servlet.TldScanner.scanJars 至少有一个JAR被扫描用于TLD但尚未包含TLD。 为此记录器启用调试日志记录，以获取已扫描但未在其中找到TLD的完整JAR列表。 在扫描期间跳过不需要的JAR可以缩短启动时间和JSP编译时间。
26-May-2026 21:51:18.340 警告 [main] org.apache.catalina.filters.FilterBase.init 未为[org.apache.catalina.filters.SetCharacterEncodingFilter]类型的筛选器定义属性[forceEncoding]
26-May-2026 21:51:18.353 信息 [main] org.apache.catalina.startup.HostConfig.deployDescriptor 部署描述符[D:\creat\property-management\src\main\webapp\conf\Catalina\localhost\webapp.xml]的部署已在[820]ms内完成
26-May-2026 21:51:18.361 信息 [main] org.apache.coyote.AbstractProtocol.start 开始协议处理句柄["http-nio-8080"]
26-May-2026 21:51:18.378 信息 [main] org.apache.catalina.startup.Catalina.start [893]毫秒后服务器启动
26-May-2026 21:53:33.662 信息 [Thread-1] org.apache.coyote.AbstractProtocol.pause 暂停ProtocolHandler["http-nio-8080"]
26-May-2026 21:53:33.667 信息 [Thread-1] org.apache.catalina.core.StandardService.stopInternal 正在停止服务[Catalina]
26-May-2026 21:53:33.670 警告 [Thread-1] org.apache.catalina.loader.WebappClassLoaderBase.clearReferencesJdbc Web应用程序 [webapp] 注册了JDBC驱动程序 [com.microsoft.sqlserver.jdbc.SQLServerDriver]，但在Web应用程序停止时无法注销它。 为防止内存泄漏，JDBC驱动程序已被强制取消注册。
26-May-2026 21:53:33.671 严重 [Thread-1] org.apache.catalina.loader.WebappClassLoaderBase.checkThreadLocalMapForLeaks web应用程序[webapp]创建了一个ThreadLocal，其键类型为[java.lang.ThreadLocal]（值为[java.lang.ThreadLocal@2c299445]），值类型为[com.microsoft.sqlserver.jdbc.SQLServerConnection43]（值为[ConnectionID:2 ClientConnectionId: c34ce1a3-a7aa-4267-8cf3-d41758dcbb39），但在停止web应用程序时未能将其删除。线程将随着时间的推移而更新，以尝试避免可能的内存泄漏
26-May-2026 21:53:33.671 严重 [Thread-1] org.apache.catalina.loader.WebappClassLoaderBase.checkThreadLocalMapForLeaks web应用程序[webapp]创建了一个ThreadLocal，其键类型为[java.lang.ThreadLocal]（值为[java.lang.ThreadLocal@2c299445]），值类型为[com.microsoft.sqlserver.jdbc.SQLServerConnection43]（值为[ConnectionID:7 ClientConnectionId: 1e3e4e29-787a-4a46-a9a6-73e109133d11），但在停止web应用程序时未能将其删除。线程将随着时间的推移而更新，以尝试避免可能的内存泄漏
26-May-2026 21:53:33.671 严重 [Thread-1] org.apache.catalina.loader.WebappClassLoaderBase.checkThreadLocalMapForLeaks web应用程序[webapp]创建了一个ThreadLocal，其键类型为[java.lang.ThreadLocal]（值为[java.lang.ThreadLocal@2c299445]），值类型为[com.microsoft.sqlserver.jdbc.SQLServerConnection43]（值为[ConnectionID:4 ClientConnectionId: 98718a77-cf6f-40dc-a374-f1f85514305b），但在停止web应用程序时未能将其删除。线程将随着时间的推移而更新，以尝试避免可能的内存泄漏
26-May-2026 21:53:33.671 严重 [Thread-1] org.apache.catalina.loader.WebappClassLoaderBase.checkThreadLocalMapForLeaks web应用程序[webapp]创建了一个ThreadLocal，其键类型为[java.lang.ThreadLocal]（值为[java.lang.ThreadLocal@2c299445]），值类型为[com.microsoft.sqlserver.jdbc.SQLServerConnection43]（值为[ConnectionID:5 ClientConnectionId: 17b7a437-f0de-4710-96d4-97492361cdad），但在停止web应用程序时未能将其删除。线程将随着时间的推移而更新，以尝试避免可能的内存泄漏
26-May-2026 21:53:33.672 严重 [Thread-1] org.apache.catalina.loader.WebappClassLoaderBase.checkThreadLocalMapForLeaks web应用程序[webapp]创建了一个ThreadLocal，其键类型为[java.lang.ThreadLocal]（值为[java.lang.ThreadLocal@2c299445]），值类型为[com.microsoft.sqlserver.jdbc.SQLServerConnection43]（值为[ConnectionID:11 ClientConnectionId: e6284299-8285-4957-be2b-d9aa194bdae7），但在停止web应用程序时未能将其删除。线程将随着时间的推移而更新，以尝试避免可能的内存泄漏
26-May-2026 21:53:33.673 信息 [Thread-1] org.apache.coyote.AbstractProtocol.stop 正在停止ProtocolHandler ["http-nio-8080"]
26-May-2026 21:53:33.676 信息 [Thread-1] org.apache.coyote.AbstractProtocol.destroy 正在销毁协议处理器 ["http-nio-8080"]
26-May-2026 21:53:35.771 信息 [main] org.apache.catalina.startup.VersionLoggerListener.log Server.服务器版本: Apache Tomcat/10.1.52
26-May-2026 21:53:35.775 信息 [main] org.apache.catalina.startup.VersionLoggerListener.log 服务器构建:        Jan 23 2026 19:29:07 UTC
26-May-2026 21:53:35.776 信息 [main] org.apache.catalina.startup.VersionLoggerListener.log 服务器版本号:      10.1.52.0
26-May-2026 21:53:35.776 信息 [main] org.apache.catalina.startup.VersionLoggerListener.log 操作系统名称:      Windows 11
26-May-2026 21:53:35.776 信息 [main] org.apache.catalina.startup.VersionLoggerListener.log OS.版本:           10.0
26-May-2026 21:53:35.776 信息 [main] org.apache.catalina.startup.VersionLoggerListener.log 架构:              amd64
26-May-2026 21:53:35.776 信息 [main] org.apache.catalina.startup.VersionLoggerListener.log Java 环境变量:     C:\Program Files\Java\jdk-21
26-May-2026 21:53:35.776 信息 [main] org.apache.catalina.startup.VersionLoggerListener.log Java虚拟机版本:    21.0.6+8-LTS-188
26-May-2026 21:53:35.777 信息 [main] org.apache.catalina.startup.VersionLoggerListener.log JVM.供应商:        Oracle Corporation
26-May-2026 21:53:35.777 信息 [main] org.apache.catalina.startup.VersionLoggerListener.log CATALINA_BASE:     D:\creat\property-management\src\main\webapp
26-May-2026 21:53:35.777 信息 [main] org.apache.catalina.startup.VersionLoggerListener.log CATALINA_HOME:     D:\apache-tomcat-10.1.52
26-May-2026 21:53:35.781 信息 [main] org.apache.catalina.startup.VersionLoggerListener.log 命令行参数：       --add-opens=java.base/java.lang=ALL-UNNAMED
26-May-2026 21:53:35.781 信息 [main] org.apache.catalina.startup.VersionLoggerListener.log 命令行参数：       --add-opens=java.base/java.io=ALL-UNNAMED
26-May-2026 21:53:35.781 信息 [main] org.apache.catalina.startup.VersionLoggerListener.log 命令行参数：       --add-opens=java.base/java.util=ALL-UNNAMED
26-May-2026 21:53:35.783 信息 [main] org.apache.catalina.startup.VersionLoggerListener.log 命令行参数：       --add-opens=java.base/java.util.concurrent=ALL-UNNAMED
26-May-2026 21:53:35.783 信息 [main] org.apache.catalina.startup.VersionLoggerListener.log 命令行参数：       --add-opens=java.rmi/sun.rmi.transport=ALL-UNNAMED
26-May-2026 21:53:35.783 信息 [main] org.apache.catalina.startup.VersionLoggerListener.log 命令行参数：       -Dcatalina.home=D:\apache-tomcat-10.1.52
26-May-2026 21:53:35.783 信息 [main] org.apache.catalina.startup.VersionLoggerListener.log 命令行参数：       -Dcatalina.base=D:\creat\property-management\src\main\webapp
26-May-2026 21:53:35.783 信息 [main] org.apache.catalina.startup.VersionLoggerListener.log 命令行参数：       -Djava.io.tmpdir=D:\creat\property-management\src\main\webapp\temp
26-May-2026 21:53:35.783 信息 [main] org.apache.catalina.startup.VersionLoggerListener.log 命令行参数：       -Djava.util.logging.config.file=D:\creat\property-management\src\main\webapp\conf\logging.properties
26-May-2026 21:53:35.783 信息 [main] org.apache.catalina.startup.VersionLoggerListener.log 命令行参数：       -Djava.util.logging.manager=org.apache.juli.ClassLoaderLogManager
26-May-2026 21:53:35.783 信息 [main] org.apache.catalina.startup.VersionLoggerListener.log 命令行参数：       -javaagent:C:\Program Files\JetBrains\IntelliJ IDEA Community Edition 2024.3\lib\idea_rt.jar=13915:C:\Program Files\JetBrains\IntelliJ IDEA Community Edition 2024.3\bin
26-May-2026 21:53:35.784 信息 [main] org.apache.catalina.startup.VersionLoggerListener.log 命令行参数：       -Dfile.encoding=UTF-8
26-May-2026 21:53:35.784 信息 [main] org.apache.catalina.startup.VersionLoggerListener.log 命令行参数：       -Dsun.stdout.encoding=UTF-8
26-May-2026 21:53:35.784 信息 [main] org.apache.catalina.startup.VersionLoggerListener.log 命令行参数：       -Dsun.stderr.encoding=UTF-8
26-May-2026 21:53:35.791 信息 [main] org.apache.catalina.core.AprLifecycleListener.lifecycleEvent 在java.library.path:[C:\Program Files\Java\jdk-21\bin;C:\WINDOWS\Sun\Java\bin;C:\WINDOWS\system32;C:\WINDOWS;C:\Program Files (x86)\VMware\VMware Workstation\bin\;$env:PATH;C:\MinGW\bin;C:\Program Files\NVIDIA Corporation\NVIDIA App\NvDLISR;C:\Program Files\dotnet\;C:\Program Files\nodejs\;C:\Program Files\Git LFS;C:\Windows\System32;C:\Windows;C:\Windows\System32\WindowsPowerShell\v1.0;C:\Program Files (x86)\Microsoft SQL Server\170\Tools\Binn\;C:\Program Files\Microsoft SQL Server\170\Tools\Binn\;C:\Program Files\Microsoft SQL Server\Client SDK\ODBC\180\Tools\Binn\;C:\Program Files\Microsoft SQL Server\170\DTS\Binn\;D:\rational rose\common;C:\tools\deepseek;C:\Program Files\GitHub CLI\;C:\Users\links\.mavis\bin;C:\Users\links\AppData\Local\Microsoft\WindowsApps;C:\Users\links\.dotnet\tools;D:\cursor\resources\app\bin;D:\Microsoft VS Code\bin;C:\MinGW\bin;C:\Users\links\AppData\Roaming\npm;C:\Users\links\AppData\Roaming\npm\bin;C:\Program Files\Git\cmd;C:\Program Files\Git\bin;C:\Program Files\Java\jdk-17\bin;C:\Users\links\AppData\Local\Python\bin;.]上找不到基于APR的Apache Tomcat本机库，该库允许在生产环境中获得最佳性能
26-May-2026 21:53:35.938 信息 [main] org.apache.coyote.AbstractProtocol.init 初始化协议处理器 ["http-nio-8080"]
26-May-2026 21:53:35.948 信息 [main] org.apache.catalina.startup.Catalina.load 服务器在[294]毫秒内初始化
26-May-2026 21:53:35.980 信息 [main] org.apache.catalina.core.StandardService.startInternal 正在启动服务[Catalina]
26-May-2026 21:53:35.981 信息 [main] org.apache.catalina.core.StandardEngine.startInternal 正在启动 Servlet 引擎：[Apache Tomcat/10.1.52]
26-May-2026 21:53:35.988 信息 [main] org.apache.catalina.startup.HostConfig.deployDescriptor 正在部署部署描述符[D:\creat\property-management\src\main\webapp\conf\Catalina\localhost\webapp.xml]。
26-May-2026 21:53:36.723 信息 [main] org.apache.jasper.servlet.TldScanner.scanJars 至少有一个JAR被扫描用于TLD但尚未包含TLD。 为此记录器启用调试日志记录，以获取已扫描但未在其中找到TLD的完整JAR列表。 在扫描期间跳过不需要的JAR可以缩短启动时间和JSP编译时间。
26-May-2026 21:53:36.770 警告 [main] org.apache.catalina.filters.FilterBase.init 未为[org.apache.catalina.filters.SetCharacterEncodingFilter]类型的筛选器定义属性[forceEncoding]
26-May-2026 21:53:36.783 信息 [main] org.apache.catalina.startup.HostConfig.deployDescriptor 部署描述符[D:\creat\property-management\src\main\webapp\conf\Catalina\localhost\webapp.xml]的部署已在[793]ms内完成
26-May-2026 21:53:36.786 信息 [main] org.apache.coyote.AbstractProtocol.start 开始协议处理句柄["http-nio-8080"]
26-May-2026 21:53:36.803 信息 [main] org.apache.catalina.startup.Catalina.start [853]毫秒后服务器启动
26-May-2026 21:55:40.900 信息 [Thread-1] org.apache.coyote.AbstractProtocol.pause 暂停ProtocolHandler["http-nio-8080"]
26-May-2026 21:55:40.902 信息 [Thread-1] org.apache.catalina.core.StandardService.stopInternal 正在停止服务[Catalina]
26-May-2026 21:55:40.905 警告 [Thread-1] org.apache.catalina.loader.WebappClassLoaderBase.clearReferencesJdbc Web应用程序 [webapp] 注册了JDBC驱动程序 [com.microsoft.sqlserver.jdbc.SQLServerDriver]，但在Web应用程序停止时无法注销它。 为防止内存泄漏，JDBC驱动程序已被强制取消注册。
26-May-2026 21:55:40.906 严重 [Thread-1] org.apache.catalina.loader.WebappClassLoaderBase.checkThreadLocalMapForLeaks web应用程序[webapp]创建了一个ThreadLocal，其键类型为[java.lang.ThreadLocal]（值为[java.lang.ThreadLocal@682ff66a]），值类型为[com.microsoft.sqlserver.jdbc.SQLServerConnection43]（值为[ConnectionID:2 ClientConnectionId: e39eb286-c854-4a75-92af-bf6557118a99），但在停止web应用程序时未能将其删除。线程将随着时间的推移而更新，以尝试避免可能的内存泄漏
26-May-2026 21:55:40.906 严重 [Thread-1] org.apache.catalina.loader.WebappClassLoaderBase.checkThreadLocalMapForLeaks web应用程序[webapp]创建了一个ThreadLocal，其键类型为[java.lang.ThreadLocal]（值为[java.lang.ThreadLocal@682ff66a]），值类型为[com.microsoft.sqlserver.jdbc.SQLServerConnection43]（值为[ConnectionID:11 ClientConnectionId: 9ed287b9-dbc3-4a53-8301-8f0bcde1c297），但在停止web应用程序时未能将其删除。线程将随着时间的推移而更新，以尝试避免可能的内存泄漏
26-May-2026 21:55:40.907 严重 [Thread-1] org.apache.catalina.loader.WebappClassLoaderBase.checkThreadLocalMapForLeaks web应用程序[webapp]创建了一个ThreadLocal，其键类型为[java.lang.ThreadLocal]（值为[java.lang.ThreadLocal@682ff66a]），值类型为[com.microsoft.sqlserver.jdbc.SQLServerConnection43]（值为[ConnectionID:17 ClientConnectionId: 4391cc92-7b87-41e2-83c9-0123136e486d），但在停止web应用程序时未能将其删除。线程将随着时间的推移而更新，以尝试避免可能的内存泄漏
26-May-2026 21:55:40.907 严重 [Thread-1] org.apache.catalina.loader.WebappClassLoaderBase.checkThreadLocalMapForLeaks web应用程序[webapp]创建了一个ThreadLocal，其键类型为[java.lang.ThreadLocal]（值为[java.lang.ThreadLocal@682ff66a]），值类型为[com.microsoft.sqlserver.jdbc.SQLServerConnection43]（值为[ConnectionID:20 ClientConnectionId: 38f26398-8fa4-4a8b-ac09-85b9c857f57c），但在停止web应用程序时未能将其删除。线程将随着时间的推移而更新，以尝试避免可能的内存泄漏
26-May-2026 21:55:40.907 严重 [Thread-1] org.apache.catalina.loader.WebappClassLoaderBase.checkThreadLocalMapForLeaks web应用程序[webapp]创建了一个ThreadLocal，其键类型为[java.lang.ThreadLocal]（值为[java.lang.ThreadLocal@682ff66a]），值类型为[com.microsoft.sqlserver.jdbc.SQLServerConnection43]（值为[ConnectionID:9 ClientConnectionId: 23642853-5165-4240-a49a-e3dd83ae5f48），但在停止web应用程序时未能将其删除。线程将随着时间的推移而更新，以尝试避免可能的内存泄漏
26-May-2026 21:55:40.907 严重 [Thread-1] org.apache.catalina.loader.WebappClassLoaderBase.checkThreadLocalMapForLeaks web应用程序[webapp]创建了一个ThreadLocal，其键类型为[java.lang.ThreadLocal]（值为[java.lang.ThreadLocal@682ff66a]），值类型为[com.microsoft.sqlserver.jdbc.SQLServerConnection43]（值为[ConnectionID:21 ClientConnectionId: 38df47d1-6637-45fa-850b-b21f8bf27813），但在停止web应用程序时未能将其删除。线程将随着时间的推移而更新，以尝试避免可能的内存泄漏
26-May-2026 21:55:40.907 严重 [Thread-1] org.apache.catalina.loader.WebappClassLoaderBase.checkThreadLocalMapForLeaks web应用程序[webapp]创建了一个ThreadLocal，其键类型为[java.lang.ThreadLocal]（值为[java.lang.ThreadLocal@682ff66a]），值类型为[com.microsoft.sqlserver.jdbc.SQLServerConnection43]（值为[ConnectionID:10 ClientConnectionId: b1dd3b53-7c69-45c1-9738-74f9b7f768d6），但在停止web应用程序时未能将其删除。线程将随着时间的推移而更新，以尝试避免可能的内存泄漏
26-May-2026 21:55:40.907 严重 [Thread-1] org.apache.catalina.loader.WebappClassLoaderBase.checkThreadLocalMapForLeaks web应用程序[webapp]创建了一个ThreadLocal，其键类型为[java.lang.ThreadLocal]（值为[java.lang.ThreadLocal@682ff66a]），值类型为[com.microsoft.sqlserver.jdbc.SQLServerConnection43]（值为[ConnectionID:14 ClientConnectionId: 28fc769b-a9b8-4574-bb32-56658965d3af），但在停止web应用程序时未能将其删除。线程将随着时间的推移而更新，以尝试避免可能的内存泄漏
26-May-2026 21:55:40.909 信息 [Thread-1] org.apache.coyote.AbstractProtocol.stop 正在停止ProtocolHandler ["http-nio-8080"]
26-May-2026 21:55:40.912 信息 [Thread-1] org.apache.coyote.AbstractProtocol.destroy 正在销毁协议处理器 ["http-nio-8080"]
26-May-2026 21:55:42.517 信息 [main] org.apache.catalina.startup.VersionLoggerListener.log Server.服务器版本: Apache Tomcat/10.1.52
26-May-2026 21:55:42.521 信息 [main] org.apache.catalina.startup.VersionLoggerListener.log 服务器构建:        Jan 23 2026 19:29:07 UTC
26-May-2026 21:55:42.521 信息 [main] org.apache.catalina.startup.VersionLoggerListener.log 服务器版本号:      10.1.52.0
26-May-2026 21:55:42.521 信息 [main] org.apache.catalina.startup.VersionLoggerListener.log 操作系统名称:      Windows 11
26-May-2026 21:55:42.521 信息 [main] org.apache.catalina.startup.VersionLoggerListener.log OS.版本:           10.0
26-May-2026 21:55:42.522 信息 [main] org.apache.catalina.startup.VersionLoggerListener.log 架构:              amd64
26-May-2026 21:55:42.522 信息 [main] org.apache.catalina.startup.VersionLoggerListener.log Java 环境变量:     C:\Program Files\Java\jdk-21
26-May-2026 21:55:42.522 信息 [main] org.apache.catalina.startup.VersionLoggerListener.log Java虚拟机版本:    21.0.6+8-LTS-188
26-May-2026 21:55:42.522 信息 [main] org.apache.catalina.startup.VersionLoggerListener.log JVM.供应商:        Oracle Corporation
26-May-2026 21:55:42.522 信息 [main] org.apache.catalina.startup.VersionLoggerListener.log CATALINA_BASE:     D:\creat\property-management\src\main\webapp
26-May-2026 21:55:42.522 信息 [main] org.apache.catalina.startup.VersionLoggerListener.log CATALINA_HOME:     D:\apache-tomcat-10.1.52
26-May-2026 21:55:42.529 信息 [main] org.apache.catalina.startup.VersionLoggerListener.log 命令行参数：       --add-opens=java.base/java.lang=ALL-UNNAMED
26-May-2026 21:55:42.529 信息 [main] org.apache.catalina.startup.VersionLoggerListener.log 命令行参数：       --add-opens=java.base/java.io=ALL-UNNAMED
26-May-2026 21:55:42.529 信息 [main] org.apache.catalina.startup.VersionLoggerListener.log 命令行参数：       --add-opens=java.base/java.util=ALL-UNNAMED
26-May-2026 21:55:42.529 信息 [main] org.apache.catalina.startup.VersionLoggerListener.log 命令行参数：       --add-opens=java.base/java.util.concurrent=ALL-UNNAMED
26-May-2026 21:55:42.529 信息 [main] org.apache.catalina.startup.VersionLoggerListener.log 命令行参数：       --add-opens=java.rmi/sun.rmi.transport=ALL-UNNAMED
26-May-2026 21:55:42.530 信息 [main] org.apache.catalina.startup.VersionLoggerListener.log 命令行参数：       -Dcatalina.home=D:\apache-tomcat-10.1.52
26-May-2026 21:55:42.530 信息 [main] org.apache.catalina.startup.VersionLoggerListener.log 命令行参数：       -Dcatalina.base=D:\creat\property-management\src\main\webapp
26-May-2026 21:55:42.530 信息 [main] org.apache.catalina.startup.VersionLoggerListener.log 命令行参数：       -Djava.io.tmpdir=D:\creat\property-management\src\main\webapp\temp
26-May-2026 21:55:42.530 信息 [main] org.apache.catalina.startup.VersionLoggerListener.log 命令行参数：       -Djava.util.logging.config.file=D:\creat\property-management\src\main\webapp\conf\logging.properties
26-May-2026 21:55:42.530 信息 [main] org.apache.catalina.startup.VersionLoggerListener.log 命令行参数：       -Djava.util.logging.manager=org.apache.juli.ClassLoaderLogManager
26-May-2026 21:55:42.530 信息 [main] org.apache.catalina.startup.VersionLoggerListener.log 命令行参数：       -javaagent:C:\Program Files\JetBrains\IntelliJ IDEA Community Edition 2024.3\lib\idea_rt.jar=3590:C:\Program Files\JetBrains\IntelliJ IDEA Community Edition 2024.3\bin
26-May-2026 21:55:42.530 信息 [main] org.apache.catalina.startup.VersionLoggerListener.log 命令行参数：       -Dfile.encoding=UTF-8
26-May-2026 21:55:42.531 信息 [main] org.apache.catalina.startup.VersionLoggerListener.log 命令行参数：       -Dsun.stdout.encoding=UTF-8
26-May-2026 21:55:42.531 信息 [main] org.apache.catalina.startup.VersionLoggerListener.log 命令行参数：       -Dsun.stderr.encoding=UTF-8
26-May-2026 21:55:42.536 信息 [main] org.apache.catalina.core.AprLifecycleListener.lifecycleEvent 在java.library.path:[C:\Program Files\Java\jdk-21\bin;C:\WINDOWS\Sun\Java\bin;C:\WINDOWS\system32;C:\WINDOWS;C:\Program Files (x86)\VMware\VMware Workstation\bin\;$env:PATH;C:\MinGW\bin;C:\Program Files\NVIDIA Corporation\NVIDIA App\NvDLISR;C:\Program Files\dotnet\;C:\Program Files\nodejs\;C:\Program Files\Git LFS;C:\Windows\System32;C:\Windows;C:\Windows\System32\WindowsPowerShell\v1.0;C:\Program Files (x86)\Microsoft SQL Server\170\Tools\Binn\;C:\Program Files\Microsoft SQL Server\170\Tools\Binn\;C:\Program Files\Microsoft SQL Server\Client SDK\ODBC\180\Tools\Binn\;C:\Program Files\Microsoft SQL Server\170\DTS\Binn\;D:\rational rose\common;C:\tools\deepseek;C:\Program Files\GitHub CLI\;C:\Users\links\.mavis\bin;C:\Users\links\AppData\Local\Microsoft\WindowsApps;C:\Users\links\.dotnet\tools;D:\cursor\resources\app\bin;D:\Microsoft VS Code\bin;C:\MinGW\bin;C:\Users\links\AppData\Roaming\npm;C:\Users\links\AppData\Roaming\npm\bin;C:\Program Files\Git\cmd;C:\Program Files\Git\bin;C:\Program Files\Java\jdk-17\bin;C:\Users\links\AppData\Local\Python\bin;.]上找不到基于APR的Apache Tomcat本机库，该库允许在生产环境中获得最佳性能
26-May-2026 21:55:42.711 信息 [main] org.apache.coyote.AbstractProtocol.init 初始化协议处理器 ["http-nio-8080"]
26-May-2026 21:55:42.719 信息 [main] org.apache.catalina.startup.Catalina.load 服务器在[327]毫秒内初始化
26-May-2026 21:55:42.750 信息 [main] org.apache.catalina.core.StandardService.startInternal 正在启动服务[Catalina]
26-May-2026 21:55:42.751 信息 [main] org.apache.catalina.core.StandardEngine.startInternal 正在启动 Servlet 引擎：[Apache Tomcat/10.1.52]
26-May-2026 21:55:42.756 信息 [main] org.apache.catalina.startup.HostConfig.deployDescriptor 正在部署部署描述符[D:\creat\property-management\src\main\webapp\conf\Catalina\localhost\webapp.xml]。
26-May-2026 21:55:43.514 信息 [main] org.apache.jasper.servlet.TldScanner.scanJars 至少有一个JAR被扫描用于TLD但尚未包含TLD。 为此记录器启用调试日志记录，以获取已扫描但未在其中找到TLD的完整JAR列表。 在扫描期间跳过不需要的JAR可以缩短启动时间和JSP编译时间。
26-May-2026 21:55:43.569 警告 [main] org.apache.catalina.filters.FilterBase.init 未为[org.apache.catalina.filters.SetCharacterEncodingFilter]类型的筛选器定义属性[forceEncoding]
26-May-2026 21:55:43.581 信息 [main] org.apache.catalina.startup.HostConfig.deployDescriptor 部署描述符[D:\creat\property-management\src\main\webapp\conf\Catalina\localhost\webapp.xml]的部署已在[822]ms内完成
26-May-2026 21:55:43.584 信息 [main] org.apache.coyote.AbstractProtocol.start 开始协议处理句柄["http-nio-8080"]
26-May-2026 21:55:43.602 信息 [main] org.apache.catalina.startup.Catalina.start [881]毫秒后服务器启动
26-May-2026 22:00:04.389 信息 [Thread-1] org.apache.coyote.AbstractProtocol.pause 暂停ProtocolHandler["http-nio-8080"]
26-May-2026 22:00:04.392 信息 [Thread-1] org.apache.catalina.core.StandardService.stopInternal 正在停止服务[Catalina]
26-May-2026 22:00:04.394 警告 [Thread-1] org.apache.catalina.loader.WebappClassLoaderBase.clearReferencesJdbc Web应用程序 [webapp] 注册了JDBC驱动程序 [com.microsoft.sqlserver.jdbc.SQLServerDriver]，但在Web应用程序停止时无法注销它。 为防止内存泄漏，JDBC驱动程序已被强制取消注册。
26-May-2026 22:00:04.395 严重 [Thread-1] org.apache.catalina.loader.WebappClassLoaderBase.checkThreadLocalMapForLeaks web应用程序[webapp]创建了一个ThreadLocal，其键类型为[java.lang.ThreadLocal]（值为[java.lang.ThreadLocal@1f9775d3]），值类型为[com.microsoft.sqlserver.jdbc.SQLServerConnection43]（值为[ConnectionID:109 ClientConnectionId: 531061ef-9ebd-49fd-8ee3-3c475d17b5ae），但在停止web应用程序时未能将其删除。线程将随着时间的推移而更新，以尝试避免可能的内存泄漏
26-May-2026 22:00:04.395 严重 [Thread-1] org.apache.catalina.loader.WebappClassLoaderBase.checkThreadLocalMapForLeaks web应用程序[webapp]创建了一个ThreadLocal，其键类型为[java.lang.ThreadLocal]（值为[java.lang.ThreadLocal@1f9775d3]），值类型为[com.microsoft.sqlserver.jdbc.SQLServerConnection43]（值为[ConnectionID:129 ClientConnectionId: b94adb69-f25b-4683-b7ab-ebc1790a8eac），但在停止web应用程序时未能将其删除。线程将随着时间的推移而更新，以尝试避免可能的内存泄漏
26-May-2026 22:00:04.395 严重 [Thread-1] org.apache.catalina.loader.WebappClassLoaderBase.checkThreadLocalMapForLeaks web应用程序[webapp]创建了一个ThreadLocal，其键类型为[java.lang.ThreadLocal]（值为[java.lang.ThreadLocal@1f9775d3]），值类型为[com.microsoft.sqlserver.jdbc.SQLServerConnection43]（值为[ConnectionID:128 ClientConnectionId: 5b80f9d0-a813-4316-84e5-35991c4db3c5），但在停止web应用程序时未能将其删除。线程将随着时间的推移而更新，以尝试避免可能的内存泄漏
26-May-2026 22:00:04.396 严重 [Thread-1] org.apache.catalina.loader.WebappClassLoaderBase.checkThreadLocalMapForLeaks web应用程序[webapp]创建了一个ThreadLocal，其键类型为[java.lang.ThreadLocal]（值为[java.lang.ThreadLocal@1f9775d3]），值类型为[com.microsoft.sqlserver.jdbc.SQLServerConnection43]（值为[ConnectionID:123 ClientConnectionId: 803f0f61-fde1-41a0-97ed-4306aab5d78a），但在停止web应用程序时未能将其删除。线程将随着时间的推移而更新，以尝试避免可能的内存泄漏
26-May-2026 22:00:04.396 严重 [Thread-1] org.apache.catalina.loader.WebappClassLoaderBase.checkThreadLocalMapForLeaks web应用程序[webapp]创建了一个ThreadLocal，其键类型为[java.lang.ThreadLocal]（值为[java.lang.ThreadLocal@1f9775d3]），值类型为[com.microsoft.sqlserver.jdbc.SQLServerConnection43]（值为[ConnectionID:122 ClientConnectionId: 4b3af0b8-3ba4-4651-b7b4-57884cde209e），但在停止web应用程序时未能将其删除。线程将随着时间的推移而更新，以尝试避免可能的内存泄漏
26-May-2026 22:00:04.396 严重 [Thread-1] org.apache.catalina.loader.WebappClassLoaderBase.checkThreadLocalMapForLeaks web应用程序[webapp]创建了一个ThreadLocal，其键类型为[java.lang.ThreadLocal]（值为[java.lang.ThreadLocal@1f9775d3]），值类型为[com.microsoft.sqlserver.jdbc.SQLServerConnection43]（值为[ConnectionID:79 ClientConnectionId: 5b1e86bf-0601-4ff5-9d03-0083a11c0776），但在停止web应用程序时未能将其删除。线程将随着时间的推移而更新，以尝试避免可能的内存泄漏
26-May-2026 22:00:04.396 严重 [Thread-1] org.apache.catalina.loader.WebappClassLoaderBase.checkThreadLocalMapForLeaks web应用程序[webapp]创建了一个ThreadLocal，其键类型为[java.lang.ThreadLocal]（值为[java.lang.ThreadLocal@1f9775d3]），值类型为[com.microsoft.sqlserver.jdbc.SQLServerConnection43]（值为[ConnectionID:86 ClientConnectionId: 0cd950df-e789-4919-8ce3-b167dc058762），但在停止web应用程序时未能将其删除。线程将随着时间的推移而更新，以尝试避免可能的内存泄漏
26-May-2026 22:00:04.396 严重 [Thread-1] org.apache.catalina.loader.WebappClassLoaderBase.checkThreadLocalMapForLeaks web应用程序[webapp]创建了一个ThreadLocal，其键类型为[java.lang.ThreadLocal]（值为[java.lang.ThreadLocal@1f9775d3]），值类型为[com.microsoft.sqlserver.jdbc.SQLServerConnection43]（值为[ConnectionID:125 ClientConnectionId: d20e9d1a-8e94-4e4a-a2ee-2cd9aa3935ef），但在停止web应用程序时未能将其删除。线程将随着时间的推移而更新，以尝试避免可能的内存泄漏
26-May-2026 22:00:04.396 严重 [Thread-1] org.apache.catalina.loader.WebappClassLoaderBase.checkThreadLocalMapForLeaks web应用程序[webapp]创建了一个ThreadLocal，其键类型为[java.lang.ThreadLocal]（值为[java.lang.ThreadLocal@1f9775d3]），值类型为[com.microsoft.sqlserver.jdbc.SQLServerConnection43]（值为[ConnectionID:126 ClientConnectionId: 4f4b44d7-70b1-4f6e-9f51-bc28553f162b），但在停止web应用程序时未能将其删除。线程将随着时间的推移而更新，以尝试避免可能的内存泄漏
26-May-2026 22:00:04.399 严重 [Thread-1] org.apache.catalina.loader.WebappClassLoaderBase.checkThreadLocalMapForLeaks web应用程序[webapp]创建了一个ThreadLocal，其键类型为[java.lang.ThreadLocal]（值为[java.lang.ThreadLocal@1f9775d3]），值类型为[com.microsoft.sqlserver.jdbc.SQLServerConnection43]（值为[ConnectionID:97 ClientConnectionId: db901d30-d317-46b9-9692-e3d678e2fedb），但在停止web应用程序时未能将其删除。线程将随着时间的推移而更新，以尝试避免可能的内存泄漏
26-May-2026 22:00:04.402 信息 [Thread-1] org.apache.coyote.AbstractProtocol.stop 正在停止ProtocolHandler ["http-nio-8080"]
26-May-2026 22:00:04.404 信息 [Thread-1] org.apache.coyote.AbstractProtocol.destroy 正在销毁协议处理器 ["http-nio-8080"]
26-May-2026 22:00:05.887 信息 [main] org.apache.catalina.startup.VersionLoggerListener.log Server.服务器版本: Apache Tomcat/10.1.52
26-May-2026 22:00:05.891 信息 [main] org.apache.catalina.startup.VersionLoggerListener.log 服务器构建:        Jan 23 2026 19:29:07 UTC
26-May-2026 22:00:05.891 信息 [main] org.apache.catalina.startup.VersionLoggerListener.log 服务器版本号:      10.1.52.0
26-May-2026 22:00:05.891 信息 [main] org.apache.catalina.startup.VersionLoggerListener.log 操作系统名称:      Windows 11
26-May-2026 22:00:05.891 信息 [main] org.apache.catalina.startup.VersionLoggerListener.log OS.版本:           10.0
26-May-2026 22:00:05.891 信息 [main] org.apache.catalina.startup.VersionLoggerListener.log 架构:              amd64
26-May-2026 22:00:05.891 信息 [main] org.apache.catalina.startup.VersionLoggerListener.log Java 环境变量:     C:\Program Files\Java\jdk-21
26-May-2026 22:00:05.891 信息 [main] org.apache.catalina.startup.VersionLoggerListener.log Java虚拟机版本:    21.0.6+8-LTS-188
26-May-2026 22:00:05.892 信息 [main] org.apache.catalina.startup.VersionLoggerListener.log JVM.供应商:        Oracle Corporation
26-May-2026 22:00:05.892 信息 [main] org.apache.catalina.startup.VersionLoggerListener.log CATALINA_BASE:     D:\creat\property-management\src\main\webapp
26-May-2026 22:00:05.892 信息 [main] org.apache.catalina.startup.VersionLoggerListener.log CATALINA_HOME:     D:\apache-tomcat-10.1.52
26-May-2026 22:00:05.898 信息 [main] org.apache.catalina.startup.VersionLoggerListener.log 命令行参数：       --add-opens=java.base/java.lang=ALL-UNNAMED
26-May-2026 22:00:05.898 信息 [main] org.apache.catalina.startup.VersionLoggerListener.log 命令行参数：       --add-opens=java.base/java.io=ALL-UNNAMED
26-May-2026 22:00:05.898 信息 [main] org.apache.catalina.startup.VersionLoggerListener.log 命令行参数：       --add-opens=java.base/java.util=ALL-UNNAMED
26-May-2026 22:00:05.898 信息 [main] org.apache.catalina.startup.VersionLoggerListener.log 命令行参数：       --add-opens=java.base/java.util.concurrent=ALL-UNNAMED
26-May-2026 22:00:05.899 信息 [main] org.apache.catalina.startup.VersionLoggerListener.log 命令行参数：       --add-opens=java.rmi/sun.rmi.transport=ALL-UNNAMED
26-May-2026 22:00:05.899 信息 [main] org.apache.catalina.startup.VersionLoggerListener.log 命令行参数：       -Dcatalina.home=D:\apache-tomcat-10.1.52
26-May-2026 22:00:05.899 信息 [main] org.apache.catalina.startup.VersionLoggerListener.log 命令行参数：       -Dcatalina.base=D:\creat\property-management\src\main\webapp
26-May-2026 22:00:05.900 信息 [main] org.apache.catalina.startup.VersionLoggerListener.log 命令行参数：       -Djava.io.tmpdir=D:\creat\property-management\src\main\webapp\temp
26-May-2026 22:00:05.900 信息 [main] org.apache.catalina.startup.VersionLoggerListener.log 命令行参数：       -Djava.util.logging.config.file=D:\creat\property-management\src\main\webapp\conf\logging.properties
26-May-2026 22:00:05.900 信息 [main] org.apache.catalina.startup.VersionLoggerListener.log 命令行参数：       -Djava.util.logging.manager=org.apache.juli.ClassLoaderLogManager
26-May-2026 22:00:05.900 信息 [main] org.apache.catalina.startup.VersionLoggerListener.log 命令行参数：       -javaagent:C:\Program Files\JetBrains\IntelliJ IDEA Community Edition 2024.3\lib\idea_rt.jar=13999:C:\Program Files\JetBrains\IntelliJ IDEA Community Edition 2024.3\bin
26-May-2026 22:00:05.901 信息 [main] org.apache.catalina.startup.VersionLoggerListener.log 命令行参数：       -Dfile.encoding=UTF-8
26-May-2026 22:00:05.901 信息 [main] org.apache.catalina.startup.VersionLoggerListener.log 命令行参数：       -Dsun.stdout.encoding=UTF-8
26-May-2026 22:00:05.901 信息 [main] org.apache.catalina.startup.VersionLoggerListener.log 命令行参数：       -Dsun.stderr.encoding=UTF-8
26-May-2026 22:00:05.906 信息 [main] org.apache.catalina.core.AprLifecycleListener.lifecycleEvent 在java.library.path:[C:\Program Files\Java\jdk-21\bin;C:\WINDOWS\Sun\Java\bin;C:\WINDOWS\system32;C:\WINDOWS;C:\Program Files (x86)\VMware\VMware Workstation\bin\;$env:PATH;C:\MinGW\bin;C:\Program Files\NVIDIA Corporation\NVIDIA App\NvDLISR;C:\Program Files\dotnet\;C:\Program Files\nodejs\;C:\Program Files\Git LFS;C:\Windows\System32;C:\Windows;C:\Windows\System32\WindowsPowerShell\v1.0;C:\Program Files (x86)\Microsoft SQL Server\170\Tools\Binn\;C:\Program Files\Microsoft SQL Server\170\Tools\Binn\;C:\Program Files\Microsoft SQL Server\Client SDK\ODBC\180\Tools\Binn\;C:\Program Files\Microsoft SQL Server\170\DTS\Binn\;D:\rational rose\common;C:\tools\deepseek;C:\Program Files\GitHub CLI\;C:\Users\links\.mavis\bin;C:\Users\links\AppData\Local\Microsoft\WindowsApps;C:\Users\links\.dotnet\tools;D:\cursor\resources\app\bin;D:\Microsoft VS Code\bin;C:\MinGW\bin;C:\Users\links\AppData\Roaming\npm;C:\Users\links\AppData\Roaming\npm\bin;C:\Program Files\Git\cmd;C:\Program Files\Git\bin;C:\Program Files\Java\jdk-17\bin;C:\Users\links\AppData\Local\Python\bin;.]上找不到基于APR的Apache Tomcat本机库，该库允许在生产环境中获得最佳性能
26-May-2026 22:00:06.052 信息 [main] org.apache.coyote.AbstractProtocol.init 初始化协议处理器 ["http-nio-8080"]
26-May-2026 22:00:06.063 信息 [main] org.apache.catalina.startup.Catalina.load 服务器在[297]毫秒内初始化
26-May-2026 22:00:06.100 信息 [main] org.apache.catalina.core.StandardService.startInternal 正在启动服务[Catalina]
26-May-2026 22:00:06.100 信息 [main] org.apache.catalina.core.StandardEngine.startInternal 正在启动 Servlet 引擎：[Apache Tomcat/10.1.52]
26-May-2026 22:00:06.106 信息 [main] org.apache.catalina.startup.HostConfig.deployDescriptor 正在部署部署描述符[D:\creat\property-management\src\main\webapp\conf\Catalina\localhost\webapp.xml]。
26-May-2026 22:00:06.850 信息 [main] org.apache.jasper.servlet.TldScanner.scanJars 至少有一个JAR被扫描用于TLD但尚未包含TLD。 为此记录器启用调试日志记录，以获取已扫描但未在其中找到TLD的完整JAR列表。 在扫描期间跳过不需要的JAR可以缩短启动时间和JSP编译时间。
26-May-2026 22:00:06.898 警告 [main] org.apache.catalina.filters.FilterBase.init 未为[org.apache.catalina.filters.SetCharacterEncodingFilter]类型的筛选器定义属性[forceEncoding]
26-May-2026 22:00:06.908 信息 [main] org.apache.catalina.startup.HostConfig.deployDescriptor 部署描述符[D:\creat\property-management\src\main\webapp\conf\Catalina\localhost\webapp.xml]的部署已在[800]ms内完成
26-May-2026 22:00:06.912 信息 [main] org.apache.coyote.AbstractProtocol.start 开始协议处理句柄["http-nio-8080"]
26-May-2026 22:00:06.927 信息 [main] org.apache.catalina.startup.Catalina.start [862]毫秒后服务器启动
26-May-2026 22:01:13.230 信息 [Thread-1] org.apache.coyote.AbstractProtocol.pause 暂停ProtocolHandler["http-nio-8080"]
26-May-2026 22:01:13.233 信息 [Thread-1] org.apache.catalina.core.StandardService.stopInternal 正在停止服务[Catalina]
26-May-2026 22:01:13.238 信息 [Thread-1] org.apache.coyote.AbstractProtocol.stop 正在停止ProtocolHandler ["http-nio-8080"]
26-May-2026 22:01:13.241 信息 [Thread-1] org.apache.coyote.AbstractProtocol.destroy 正在销毁协议处理器 ["http-nio-8080"]
26-May-2026 22:35:43.804 信息 [main] org.apache.catalina.startup.VersionLoggerListener.log Server.服务器版本: Apache Tomcat/10.1.52
26-May-2026 22:35:43.807 信息 [main] org.apache.catalina.startup.VersionLoggerListener.log 服务器构建:        Jan 23 2026 19:29:07 UTC
26-May-2026 22:35:43.807 信息 [main] org.apache.catalina.startup.VersionLoggerListener.log 服务器版本号:      10.1.52.0
26-May-2026 22:35:43.808 信息 [main] org.apache.catalina.startup.VersionLoggerListener.log 操作系统名称:      Windows 11
26-May-2026 22:35:43.808 信息 [main] org.apache.catalina.startup.VersionLoggerListener.log OS.版本:           10.0
26-May-2026 22:35:43.808 信息 [main] org.apache.catalina.startup.VersionLoggerListener.log 架构:              amd64
26-May-2026 22:35:43.808 信息 [main] org.apache.catalina.startup.VersionLoggerListener.log Java 环境变量:     C:\Program Files\Java\jdk-21
26-May-2026 22:35:43.808 信息 [main] org.apache.catalina.startup.VersionLoggerListener.log Java虚拟机版本:    21.0.6+8-LTS-188
26-May-2026 22:35:43.808 信息 [main] org.apache.catalina.startup.VersionLoggerListener.log JVM.供应商:        Oracle Corporation
26-May-2026 22:35:43.808 信息 [main] org.apache.catalina.startup.VersionLoggerListener.log CATALINA_BASE:     D:\creat\property-management\src\main\webapp
26-May-2026 22:35:43.809 信息 [main] org.apache.catalina.startup.VersionLoggerListener.log CATALINA_HOME:     D:\apache-tomcat-10.1.52
26-May-2026 22:35:43.815 信息 [main] org.apache.catalina.startup.VersionLoggerListener.log 命令行参数：       --add-opens=java.base/java.lang=ALL-UNNAMED
26-May-2026 22:35:43.815 信息 [main] org.apache.catalina.startup.VersionLoggerListener.log 命令行参数：       --add-opens=java.base/java.io=ALL-UNNAMED
26-May-2026 22:35:43.815 信息 [main] org.apache.catalina.startup.VersionLoggerListener.log 命令行参数：       --add-opens=java.base/java.util=ALL-UNNAMED
26-May-2026 22:35:43.815 信息 [main] org.apache.catalina.startup.VersionLoggerListener.log 命令行参数：       --add-opens=java.base/java.util.concurrent=ALL-UNNAMED
26-May-2026 22:35:43.815 信息 [main] org.apache.catalina.startup.VersionLoggerListener.log 命令行参数：       --add-opens=java.rmi/sun.rmi.transport=ALL-UNNAMED
26-May-2026 22:35:43.815 信息 [main] org.apache.catalina.startup.VersionLoggerListener.log 命令行参数：       -Dcatalina.home=D:\apache-tomcat-10.1.52
26-May-2026 22:35:43.815 信息 [main] org.apache.catalina.startup.VersionLoggerListener.log 命令行参数：       -Dcatalina.base=D:\creat\property-management\src\main\webapp
26-May-2026 22:35:43.815 信息 [main] org.apache.catalina.startup.VersionLoggerListener.log 命令行参数：       -Djava.io.tmpdir=D:\creat\property-management\src\main\webapp\temp
26-May-2026 22:35:43.815 信息 [main] org.apache.catalina.startup.VersionLoggerListener.log 命令行参数：       -Djava.util.logging.config.file=D:\creat\property-management\src\main\webapp\conf\logging.properties
26-May-2026 22:35:43.815 信息 [main] org.apache.catalina.startup.VersionLoggerListener.log 命令行参数：       -Djava.util.logging.manager=org.apache.juli.ClassLoaderLogManager
26-May-2026 22:35:43.815 信息 [main] org.apache.catalina.startup.VersionLoggerListener.log 命令行参数：       -javaagent:C:\Program Files\JetBrains\IntelliJ IDEA Community Edition 2024.3\lib\idea_rt.jar=9816:C:\Program Files\JetBrains\IntelliJ IDEA Community Edition 2024.3\bin
26-May-2026 22:35:43.816 信息 [main] org.apache.catalina.startup.VersionLoggerListener.log 命令行参数：       -Dfile.encoding=UTF-8
26-May-2026 22:35:43.816 信息 [main] org.apache.catalina.startup.VersionLoggerListener.log 命令行参数：       -Dsun.stdout.encoding=UTF-8
26-May-2026 22:35:43.816 信息 [main] org.apache.catalina.startup.VersionLoggerListener.log 命令行参数：       -Dsun.stderr.encoding=UTF-8
26-May-2026 22:35:43.821 信息 [main] org.apache.catalina.core.AprLifecycleListener.lifecycleEvent 在java.library.path:[C:\Program Files\Java\jdk-21\bin;C:\WINDOWS\Sun\Java\bin;C:\WINDOWS\system32;C:\WINDOWS;C:\Program Files (x86)\VMware\VMware Workstation\bin\;$env:PATH;C:\MinGW\bin;C:\Program Files\NVIDIA Corporation\NVIDIA App\NvDLISR;C:\Program Files\dotnet\;C:\Program Files\nodejs\;C:\Program Files\Git LFS;C:\Windows\System32;C:\Windows;C:\Windows\System32\WindowsPowerShell\v1.0;C:\Program Files (x86)\Microsoft SQL Server\170\Tools\Binn\;C:\Program Files\Microsoft SQL Server\170\Tools\Binn\;C:\Program Files\Microsoft SQL Server\Client SDK\ODBC\180\Tools\Binn\;C:\Program Files\Microsoft SQL Server\170\DTS\Binn\;D:\rational rose\common;C:\tools\deepseek;C:\Program Files\GitHub CLI\;C:\Users\links\.mavis\bin;C:\Users\links\AppData\Local\Microsoft\WindowsApps;C:\Users\links\.dotnet\tools;D:\cursor\resources\app\bin;D:\Microsoft VS Code\bin;C:\MinGW\bin;C:\Users\links\AppData\Roaming\npm;C:\Users\links\AppData\Roaming\npm\bin;C:\Program Files\Git\cmd;C:\Program Files\Git\bin;C:\Program Files\Java\jdk-17\bin;C:\Users\links\AppData\Local\Python\bin;.]上找不到基于APR的Apache Tomcat本机库，该库允许在生产环境中获得最佳性能
26-May-2026 22:35:43.984 信息 [main] org.apache.coyote.AbstractProtocol.init 初始化协议处理器 ["http-nio-8080"]
26-May-2026 22:35:43.996 信息 [main] org.apache.catalina.startup.Catalina.load 服务器在[353]毫秒内初始化
26-May-2026 22:35:44.039 信息 [main] org.apache.catalina.core.StandardService.startInternal 正在启动服务[Catalina]
26-May-2026 22:35:44.039 信息 [main] org.apache.catalina.core.StandardEngine.startInternal 正在启动 Servlet 引擎：[Apache Tomcat/10.1.52]
26-May-2026 22:35:44.046 信息 [main] org.apache.catalina.startup.HostConfig.deployDescriptor 正在部署部署描述符[D:\creat\property-management\src\main\webapp\conf\Catalina\localhost\webapp.xml]。
26-May-2026 22:35:45.070 信息 [main] org.apache.jasper.servlet.TldScanner.scanJars 至少有一个JAR被扫描用于TLD但尚未包含TLD。 为此记录器启用调试日志记录，以获取已扫描但未在其中找到TLD的完整JAR列表。 在扫描期间跳过不需要的JAR可以缩短启动时间和JSP编译时间。
26-May-2026 22:35:45.126 警告 [main] org.apache.catalina.filters.FilterBase.init 未为[org.apache.catalina.filters.SetCharacterEncodingFilter]类型的筛选器定义属性[forceEncoding]
26-May-2026 22:35:45.138 信息 [main] org.apache.catalina.startup.HostConfig.deployDescriptor 部署描述符[D:\creat\property-management\src\main\webapp\conf\Catalina\localhost\webapp.xml]的部署已在[1,089]ms内完成
26-May-2026 22:35:45.141 信息 [main] org.apache.coyote.AbstractProtocol.start 开始协议处理句柄["http-nio-8080"]
26-May-2026 22:35:45.157 信息 [main] org.apache.catalina.startup.Catalina.start [1160]毫秒后服务器启动
26-May-2026 22:40:02.635 信息 [Thread-1] org.apache.coyote.AbstractProtocol.pause 暂停ProtocolHandler["http-nio-8080"]
26-May-2026 22:40:02.637 信息 [Thread-1] org.apache.catalina.core.StandardService.stopInternal 正在停止服务[Catalina]
26-May-2026 22:40:02.641 警告 [Thread-1] org.apache.catalina.loader.WebappClassLoaderBase.clearReferencesJdbc Web应用程序 [webapp] 注册了JDBC驱动程序 [com.microsoft.sqlserver.jdbc.SQLServerDriver]，但在Web应用程序停止时无法注销它。 为防止内存泄漏，JDBC驱动程序已被强制取消注册。
26-May-2026 22:40:02.642 严重 [Thread-1] org.apache.catalina.loader.WebappClassLoaderBase.checkThreadLocalMapForLeaks web应用程序[webapp]创建了一个ThreadLocal，其键类型为[java.lang.ThreadLocal]（值为[java.lang.ThreadLocal@4a8db311]），值类型为[com.microsoft.sqlserver.jdbc.SQLServerConnection43]（值为[ConnectionID:16 ClientConnectionId: 68b25c8b-34cd-423a-81f9-4ee5d59bd5a8），但在停止web应用程序时未能将其删除。线程将随着时间的推移而更新，以尝试避免可能的内存泄漏
26-May-2026 22:40:02.642 严重 [Thread-1] org.apache.catalina.loader.WebappClassLoaderBase.checkThreadLocalMapForLeaks web应用程序[webapp]创建了一个ThreadLocal，其键类型为[java.lang.ThreadLocal]（值为[java.lang.ThreadLocal@4a8db311]），值类型为[com.microsoft.sqlserver.jdbc.SQLServerConnection43]（值为[ConnectionID:17 ClientConnectionId: 6717dbf7-d46e-4040-b4d3-b2ca7b5506ef），但在停止web应用程序时未能将其删除。线程将随着时间的推移而更新，以尝试避免可能的内存泄漏
26-May-2026 22:40:02.642 严重 [Thread-1] org.apache.catalina.loader.WebappClassLoaderBase.checkThreadLocalMapForLeaks web应用程序[webapp]创建了一个ThreadLocal，其键类型为[java.lang.ThreadLocal]（值为[java.lang.ThreadLocal@4a8db311]），值类型为[com.microsoft.sqlserver.jdbc.SQLServerConnection43]（值为[ConnectionID:20 ClientConnectionId: 35ec9ab9-4db6-40c8-91a0-6ba4ccbf469f），但在停止web应用程序时未能将其删除。线程将随着时间的推移而更新，以尝试避免可能的内存泄漏
26-May-2026 22:40:02.642 严重 [Thread-1] org.apache.catalina.loader.WebappClassLoaderBase.checkThreadLocalMapForLeaks web应用程序[webapp]创建了一个ThreadLocal，其键类型为[java.lang.ThreadLocal]（值为[java.lang.ThreadLocal@4a8db311]），值类型为[com.microsoft.sqlserver.jdbc.SQLServerConnection43]（值为[ConnectionID:21 ClientConnectionId: 97c3cbe9-6c1e-46c6-ab26-33db6884ea05），但在停止web应用程序时未能将其删除。线程将随着时间的推移而更新，以尝试避免可能的内存泄漏
26-May-2026 22:40:02.642 严重 [Thread-1] org.apache.catalina.loader.WebappClassLoaderBase.checkThreadLocalMapForLeaks web应用程序[webapp]创建了一个ThreadLocal，其键类型为[java.lang.ThreadLocal]（值为[java.lang.ThreadLocal@4a8db311]），值类型为[com.microsoft.sqlserver.jdbc.SQLServerConnection43]（值为[ConnectionID:6 ClientConnectionId: 7c2abd64-0299-4394-9111-d6f7df21a3a2），但在停止web应用程序时未能将其删除。线程将随着时间的推移而更新，以尝试避免可能的内存泄漏
26-May-2026 22:40:02.642 严重 [Thread-1] org.apache.catalina.loader.WebappClassLoaderBase.checkThreadLocalMapForLeaks web应用程序[webapp]创建了一个ThreadLocal，其键类型为[java.lang.ThreadLocal]（值为[java.lang.ThreadLocal@4a8db311]），值类型为[com.microsoft.sqlserver.jdbc.SQLServerConnection43]（值为[ConnectionID:23 ClientConnectionId: 7530fbcb-1e10-4b31-9331-5b95fefb0f62），但在停止web应用程序时未能将其删除。线程将随着时间的推移而更新，以尝试避免可能的内存泄漏
26-May-2026 22:40:02.642 严重 [Thread-1] org.apache.catalina.loader.WebappClassLoaderBase.checkThreadLocalMapForLeaks web应用程序[webapp]创建了一个ThreadLocal，其键类型为[java.lang.ThreadLocal]（值为[java.lang.ThreadLocal@4a8db311]），值类型为[com.microsoft.sqlserver.jdbc.SQLServerConnection43]（值为[ConnectionID:25 ClientConnectionId: bdc23442-ba87-473b-979b-8a068a0fcd52），但在停止web应用程序时未能将其删除。线程将随着时间的推移而更新，以尝试避免可能的内存泄漏
26-May-2026 22:40:02.643 严重 [Thread-1] org.apache.catalina.loader.WebappClassLoaderBase.checkThreadLocalMapForLeaks web应用程序[webapp]创建了一个ThreadLocal，其键类型为[java.lang.ThreadLocal]（值为[java.lang.ThreadLocal@4a8db311]），值类型为[com.microsoft.sqlserver.jdbc.SQLServerConnection43]（值为[ConnectionID:12 ClientConnectionId: 9a438dc1-8e46-4608-b607-4e025e864786），但在停止web应用程序时未能将其删除。线程将随着时间的推移而更新，以尝试避免可能的内存泄漏
26-May-2026 22:40:02.644 信息 [Thread-1] org.apache.coyote.AbstractProtocol.stop 正在停止ProtocolHandler ["http-nio-8080"]
26-May-2026 22:40:02.650 信息 [Thread-1] org.apache.coyote.AbstractProtocol.destroy 正在销毁协议处理器 ["http-nio-8080"]
26-May-2026 22:40:04.297 信息 [main] org.apache.catalina.startup.VersionLoggerListener.log Server.服务器版本: Apache Tomcat/10.1.52
26-May-2026 22:40:04.300 信息 [main] org.apache.catalina.startup.VersionLoggerListener.log 服务器构建:        Jan 23 2026 19:29:07 UTC
26-May-2026 22:40:04.300 信息 [main] org.apache.catalina.startup.VersionLoggerListener.log 服务器版本号:      10.1.52.0
26-May-2026 22:40:04.300 信息 [main] org.apache.catalina.startup.VersionLoggerListener.log 操作系统名称:      Windows 11
26-May-2026 22:40:04.301 信息 [main] org.apache.catalina.startup.VersionLoggerListener.log OS.版本:           10.0
26-May-2026 22:40:04.301 信息 [main] org.apache.catalina.startup.VersionLoggerListener.log 架构:              amd64
26-May-2026 22:40:04.301 信息 [main] org.apache.catalina.startup.VersionLoggerListener.log Java 环境变量:     C:\Program Files\Java\jdk-21
26-May-2026 22:40:04.301 信息 [main] org.apache.catalina.startup.VersionLoggerListener.log Java虚拟机版本:    21.0.6+8-LTS-188
26-May-2026 22:40:04.302 信息 [main] org.apache.catalina.startup.VersionLoggerListener.log JVM.供应商:        Oracle Corporation
26-May-2026 22:40:04.302 信息 [main] org.apache.catalina.startup.VersionLoggerListener.log CATALINA_BASE:     D:\creat\property-management\src\main\webapp
26-May-2026 22:40:04.302 信息 [main] org.apache.catalina.startup.VersionLoggerListener.log CATALINA_HOME:     D:\apache-tomcat-10.1.52
26-May-2026 22:40:04.309 信息 [main] org.apache.catalina.startup.VersionLoggerListener.log 命令行参数：       --add-opens=java.base/java.lang=ALL-UNNAMED
26-May-2026 22:40:04.309 信息 [main] org.apache.catalina.startup.VersionLoggerListener.log 命令行参数：       --add-opens=java.base/java.io=ALL-UNNAMED
26-May-2026 22:40:04.309 信息 [main] org.apache.catalina.startup.VersionLoggerListener.log 命令行参数：       --add-opens=java.base/java.util=ALL-UNNAMED
26-May-2026 22:40:04.309 信息 [main] org.apache.catalina.startup.VersionLoggerListener.log 命令行参数：       --add-opens=java.base/java.util.concurrent=ALL-UNNAMED
26-May-2026 22:40:04.309 信息 [main] org.apache.catalina.startup.VersionLoggerListener.log 命令行参数：       --add-opens=java.rmi/sun.rmi.transport=ALL-UNNAMED
26-May-2026 22:40:04.309 信息 [main] org.apache.catalina.startup.VersionLoggerListener.log 命令行参数：       -Dcatalina.home=D:\apache-tomcat-10.1.52
26-May-2026 22:40:04.310 信息 [main] org.apache.catalina.startup.VersionLoggerListener.log 命令行参数：       -Dcatalina.base=D:\creat\property-management\src\main\webapp
26-May-2026 22:40:04.310 信息 [main] org.apache.catalina.startup.VersionLoggerListener.log 命令行参数：       -Djava.io.tmpdir=D:\creat\property-management\src\main\webapp\temp
26-May-2026 22:40:04.310 信息 [main] org.apache.catalina.startup.VersionLoggerListener.log 命令行参数：       -Djava.util.logging.config.file=D:\creat\property-management\src\main\webapp\conf\logging.properties
26-May-2026 22:40:04.310 信息 [main] org.apache.catalina.startup.VersionLoggerListener.log 命令行参数：       -Djava.util.logging.manager=org.apache.juli.ClassLoaderLogManager
26-May-2026 22:40:04.311 信息 [main] org.apache.catalina.startup.VersionLoggerListener.log 命令行参数：       -javaagent:C:\Program Files\JetBrains\IntelliJ IDEA Community Edition 2024.3\lib\idea_rt.jar=14193:C:\Program Files\JetBrains\IntelliJ IDEA Community Edition 2024.3\bin
26-May-2026 22:40:04.311 信息 [main] org.apache.catalina.startup.VersionLoggerListener.log 命令行参数：       -Dfile.encoding=UTF-8
26-May-2026 22:40:04.311 信息 [main] org.apache.catalina.startup.VersionLoggerListener.log 命令行参数：       -Dsun.stdout.encoding=UTF-8
26-May-2026 22:40:04.311 信息 [main] org.apache.catalina.startup.VersionLoggerListener.log 命令行参数：       -Dsun.stderr.encoding=UTF-8
26-May-2026 22:40:04.319 信息 [main] org.apache.catalina.core.AprLifecycleListener.lifecycleEvent 在java.library.path:[C:\Program Files\Java\jdk-21\bin;C:\WINDOWS\Sun\Java\bin;C:\WINDOWS\system32;C:\WINDOWS;C:\Program Files (x86)\VMware\VMware Workstation\bin\;$env:PATH;C:\MinGW\bin;C:\Program Files\NVIDIA Corporation\NVIDIA App\NvDLISR;C:\Program Files\dotnet\;C:\Program Files\nodejs\;C:\Program Files\Git LFS;C:\Windows\System32;C:\Windows;C:\Windows\System32\WindowsPowerShell\v1.0;C:\Program Files (x86)\Microsoft SQL Server\170\Tools\Binn\;C:\Program Files\Microsoft SQL Server\170\Tools\Binn\;C:\Program Files\Microsoft SQL Server\Client SDK\ODBC\180\Tools\Binn\;C:\Program Files\Microsoft SQL Server\170\DTS\Binn\;D:\rational rose\common;C:\tools\deepseek;C:\Program Files\GitHub CLI\;C:\Users\links\.mavis\bin;C:\Users\links\AppData\Local\Microsoft\WindowsApps;C:\Users\links\.dotnet\tools;D:\cursor\resources\app\bin;D:\Microsoft VS Code\bin;C:\MinGW\bin;C:\Users\links\AppData\Roaming\npm;C:\Users\links\AppData\Roaming\npm\bin;C:\Program Files\Git\cmd;C:\Program Files\Git\bin;C:\Program Files\Java\jdk-17\bin;C:\Users\links\AppData\Local\Python\bin;.]上找不到基于APR的Apache Tomcat本机库，该库允许在生产环境中获得最佳性能
26-May-2026 22:40:04.476 信息 [main] org.apache.coyote.AbstractProtocol.init 初始化协议处理器 ["http-nio-8080"]
26-May-2026 22:40:04.487 信息 [main] org.apache.catalina.startup.Catalina.load 服务器在[319]毫秒内初始化
26-May-2026 22:40:04.521 信息 [main] org.apache.catalina.core.StandardService.startInternal 正在启动服务[Catalina]
26-May-2026 22:40:04.521 信息 [main] org.apache.catalina.core.StandardEngine.startInternal 正在启动 Servlet 引擎：[Apache Tomcat/10.1.52]
26-May-2026 22:40:04.529 信息 [main] org.apache.catalina.startup.HostConfig.deployDescriptor 正在部署部署描述符[D:\creat\property-management\src\main\webapp\conf\Catalina\localhost\webapp.xml]。
26-May-2026 22:40:05.335 信息 [main] org.apache.jasper.servlet.TldScanner.scanJars 至少有一个JAR被扫描用于TLD但尚未包含TLD。 为此记录器启用调试日志记录，以获取已扫描但未在其中找到TLD的完整JAR列表。 在扫描期间跳过不需要的JAR可以缩短启动时间和JSP编译时间。
26-May-2026 22:40:05.402 警告 [main] org.apache.catalina.filters.FilterBase.init 未为[org.apache.catalina.filters.SetCharacterEncodingFilter]类型的筛选器定义属性[forceEncoding]
26-May-2026 22:40:05.413 信息 [main] org.apache.catalina.startup.HostConfig.deployDescriptor 部署描述符[D:\creat\property-management\src\main\webapp\conf\Catalina\localhost\webapp.xml]的部署已在[882]ms内完成
26-May-2026 22:40:05.418 信息 [main] org.apache.coyote.AbstractProtocol.start 开始协议处理句柄["http-nio-8080"]
26-May-2026 22:40:05.435 信息 [main] org.apache.catalina.startup.Catalina.start [947]毫秒后服务器启动
26-May-2026 22:41:28.022 信息 [Thread-1] org.apache.coyote.AbstractProtocol.pause 暂停ProtocolHandler["http-nio-8080"]
26-May-2026 22:41:28.025 信息 [Thread-1] org.apache.catalina.core.StandardService.stopInternal 正在停止服务[Catalina]
26-May-2026 22:41:28.028 警告 [Thread-1] org.apache.catalina.loader.WebappClassLoaderBase.clearReferencesJdbc Web应用程序 [webapp] 注册了JDBC驱动程序 [com.microsoft.sqlserver.jdbc.SQLServerDriver]，但在Web应用程序停止时无法注销它。 为防止内存泄漏，JDBC驱动程序已被强制取消注册。
26-May-2026 22:41:28.029 严重 [Thread-1] org.apache.catalina.loader.WebappClassLoaderBase.checkThreadLocalMapForLeaks web应用程序[webapp]创建了一个ThreadLocal，其键类型为[java.lang.ThreadLocal]（值为[java.lang.ThreadLocal@1327f3]），值类型为[com.microsoft.sqlserver.jdbc.SQLServerConnection43]（值为[ConnectionID:2 ClientConnectionId: 56bb48a9-4beb-42a9-8e2e-357d2b250081），但在停止web应用程序时未能将其删除。线程将随着时间的推移而更新，以尝试避免可能的内存泄漏
26-May-2026 22:41:28.029 严重 [Thread-1] org.apache.catalina.loader.WebappClassLoaderBase.checkThreadLocalMapForLeaks web应用程序[webapp]创建了一个ThreadLocal，其键类型为[java.lang.ThreadLocal]（值为[java.lang.ThreadLocal@1327f3]），值类型为[com.microsoft.sqlserver.jdbc.SQLServerConnection43]（值为[ConnectionID:4 ClientConnectionId: 05d23ed4-9bdb-48a4-812f-7545811548f8），但在停止web应用程序时未能将其删除。线程将随着时间的推移而更新，以尝试避免可能的内存泄漏
26-May-2026 22:41:28.029 严重 [Thread-1] org.apache.catalina.loader.WebappClassLoaderBase.checkThreadLocalMapForLeaks web应用程序[webapp]创建了一个ThreadLocal，其键类型为[java.lang.ThreadLocal]（值为[java.lang.ThreadLocal@1327f3]），值类型为[com.microsoft.sqlserver.jdbc.SQLServerConnection43]（值为[ConnectionID:6 ClientConnectionId: ebd8439a-305e-45fb-9a6e-2f39145732c8），但在停止web应用程序时未能将其删除。线程将随着时间的推移而更新，以尝试避免可能的内存泄漏
26-May-2026 22:41:28.029 严重 [Thread-1] org.apache.catalina.loader.WebappClassLoaderBase.checkThreadLocalMapForLeaks web应用程序[webapp]创建了一个ThreadLocal，其键类型为[java.lang.ThreadLocal]（值为[java.lang.ThreadLocal@1327f3]），值类型为[com.microsoft.sqlserver.jdbc.SQLServerConnection43]（值为[ConnectionID:8 ClientConnectionId: 2ff59646-3658-4d3d-b147-70e4333d220d），但在停止web应用程序时未能将其删除。线程将随着时间的推移而更新，以尝试避免可能的内存泄漏
26-May-2026 22:41:28.031 信息 [Thread-1] org.apache.coyote.AbstractProtocol.stop 正在停止ProtocolHandler ["http-nio-8080"]
26-May-2026 22:41:28.034 信息 [Thread-1] org.apache.coyote.AbstractProtocol.destroy 正在销毁协议处理器 ["http-nio-8080"]
26-May-2026 22:41:29.790 信息 [main] org.apache.catalina.startup.VersionLoggerListener.log Server.服务器版本: Apache Tomcat/10.1.52
26-May-2026 22:41:29.793 信息 [main] org.apache.catalina.startup.VersionLoggerListener.log 服务器构建:        Jan 23 2026 19:29:07 UTC
26-May-2026 22:41:29.793 信息 [main] org.apache.catalina.startup.VersionLoggerListener.log 服务器版本号:      10.1.52.0
26-May-2026 22:41:29.793 信息 [main] org.apache.catalina.startup.VersionLoggerListener.log 操作系统名称:      Windows 11
26-May-2026 22:41:29.793 信息 [main] org.apache.catalina.startup.VersionLoggerListener.log OS.版本:           10.0
26-May-2026 22:41:29.794 信息 [main] org.apache.catalina.startup.VersionLoggerListener.log 架构:              amd64
26-May-2026 22:41:29.794 信息 [main] org.apache.catalina.startup.VersionLoggerListener.log Java 环境变量:     C:\Program Files\Java\jdk-21
26-May-2026 22:41:29.794 信息 [main] org.apache.catalina.startup.VersionLoggerListener.log Java虚拟机版本:    21.0.6+8-LTS-188
26-May-2026 22:41:29.794 信息 [main] org.apache.catalina.startup.VersionLoggerListener.log JVM.供应商:        Oracle Corporation
26-May-2026 22:41:29.794 信息 [main] org.apache.catalina.startup.VersionLoggerListener.log CATALINA_BASE:     D:\creat\property-management\src\main\webapp
26-May-2026 22:41:29.794 信息 [main] org.apache.catalina.startup.VersionLoggerListener.log CATALINA_HOME:     D:\apache-tomcat-10.1.52
26-May-2026 22:41:29.802 信息 [main] org.apache.catalina.startup.VersionLoggerListener.log 命令行参数：       --add-opens=java.base/java.lang=ALL-UNNAMED
26-May-2026 22:41:29.802 信息 [main] org.apache.catalina.startup.VersionLoggerListener.log 命令行参数：       --add-opens=java.base/java.io=ALL-UNNAMED
26-May-2026 22:41:29.802 信息 [main] org.apache.catalina.startup.VersionLoggerListener.log 命令行参数：       --add-opens=java.base/java.util=ALL-UNNAMED
26-May-2026 22:41:29.802 信息 [main] org.apache.catalina.startup.VersionLoggerListener.log 命令行参数：       --add-opens=java.base/java.util.concurrent=ALL-UNNAMED
26-May-2026 22:41:29.802 信息 [main] org.apache.catalina.startup.VersionLoggerListener.log 命令行参数：       --add-opens=java.rmi/sun.rmi.transport=ALL-UNNAMED
26-May-2026 22:41:29.802 信息 [main] org.apache.catalina.startup.VersionLoggerListener.log 命令行参数：       -Dcatalina.home=D:\apache-tomcat-10.1.52
26-May-2026 22:41:29.802 信息 [main] org.apache.catalina.startup.VersionLoggerListener.log 命令行参数：       -Dcatalina.base=D:\creat\property-management\src\main\webapp
26-May-2026 22:41:29.802 信息 [main] org.apache.catalina.startup.VersionLoggerListener.log 命令行参数：       -Djava.io.tmpdir=D:\creat\property-management\src\main\webapp\temp
26-May-2026 22:41:29.803 信息 [main] org.apache.catalina.startup.VersionLoggerListener.log 命令行参数：       -Djava.util.logging.config.file=D:\creat\property-management\src\main\webapp\conf\logging.properties
26-May-2026 22:41:29.803 信息 [main] org.apache.catalina.startup.VersionLoggerListener.log 命令行参数：       -Djava.util.logging.manager=org.apache.juli.ClassLoaderLogManager
26-May-2026 22:41:29.803 信息 [main] org.apache.catalina.startup.VersionLoggerListener.log 命令行参数：       -javaagent:C:\Program Files\JetBrains\IntelliJ IDEA Community Edition 2024.3\lib\idea_rt.jar=4025:C:\Program Files\JetBrains\IntelliJ IDEA Community Edition 2024.3\bin
26-May-2026 22:41:29.804 信息 [main] org.apache.catalina.startup.VersionLoggerListener.log 命令行参数：       -Dfile.encoding=UTF-8
26-May-2026 22:41:29.804 信息 [main] org.apache.catalina.startup.VersionLoggerListener.log 命令行参数：       -Dsun.stdout.encoding=UTF-8
26-May-2026 22:41:29.804 信息 [main] org.apache.catalina.startup.VersionLoggerListener.log 命令行参数：       -Dsun.stderr.encoding=UTF-8
26-May-2026 22:41:29.809 信息 [main] org.apache.catalina.core.AprLifecycleListener.lifecycleEvent 在java.library.path:[C:\Program Files\Java\jdk-21\bin;C:\WINDOWS\Sun\Java\bin;C:\WINDOWS\system32;C:\WINDOWS;C:\Program Files (x86)\VMware\VMware Workstation\bin\;$env:PATH;C:\MinGW\bin;C:\Program Files\NVIDIA Corporation\NVIDIA App\NvDLISR;C:\Program Files\dotnet\;C:\Program Files\nodejs\;C:\Program Files\Git LFS;C:\Windows\System32;C:\Windows;C:\Windows\System32\WindowsPowerShell\v1.0;C:\Program Files (x86)\Microsoft SQL Server\170\Tools\Binn\;C:\Program Files\Microsoft SQL Server\170\Tools\Binn\;C:\Program Files\Microsoft SQL Server\Client SDK\ODBC\180\Tools\Binn\;C:\Program Files\Microsoft SQL Server\170\DTS\Binn\;D:\rational rose\common;C:\tools\deepseek;C:\Program Files\GitHub CLI\;C:\Users\links\.mavis\bin;C:\Users\links\AppData\Local\Microsoft\WindowsApps;C:\Users\links\.dotnet\tools;D:\cursor\resources\app\bin;D:\Microsoft VS Code\bin;C:\MinGW\bin;C:\Users\links\AppData\Roaming\npm;C:\Users\links\AppData\Roaming\npm\bin;C:\Program Files\Git\cmd;C:\Program Files\Git\bin;C:\Program Files\Java\jdk-17\bin;C:\Users\links\AppData\Local\Python\bin;.]上找不到基于APR的Apache Tomcat本机库，该库允许在生产环境中获得最佳性能
26-May-2026 22:41:29.976 信息 [main] org.apache.coyote.AbstractProtocol.init 初始化协议处理器 ["http-nio-8080"]
26-May-2026 22:41:29.990 信息 [main] org.apache.catalina.startup.Catalina.load 服务器在[331]毫秒内初始化
26-May-2026 22:41:30.039 信息 [main] org.apache.catalina.core.StandardService.startInternal 正在启动服务[Catalina]
26-May-2026 22:41:30.039 信息 [main] org.apache.catalina.core.StandardEngine.startInternal 正在启动 Servlet 引擎：[Apache Tomcat/10.1.52]
26-May-2026 22:41:30.045 信息 [main] org.apache.catalina.startup.HostConfig.deployDescriptor 正在部署部署描述符[D:\creat\property-management\src\main\webapp\conf\Catalina\localhost\webapp.xml]。
26-May-2026 22:41:30.882 信息 [main] org.apache.jasper.servlet.TldScanner.scanJars 至少有一个JAR被扫描用于TLD但尚未包含TLD。 为此记录器启用调试日志记录，以获取已扫描但未在其中找到TLD的完整JAR列表。 在扫描期间跳过不需要的JAR可以缩短启动时间和JSP编译时间。
26-May-2026 22:41:30.941 警告 [main] org.apache.catalina.filters.FilterBase.init 未为[org.apache.catalina.filters.SetCharacterEncodingFilter]类型的筛选器定义属性[forceEncoding]
26-May-2026 22:41:30.953 信息 [main] org.apache.catalina.startup.HostConfig.deployDescriptor 部署描述符[D:\creat\property-management\src\main\webapp\conf\Catalina\localhost\webapp.xml]的部署已在[908]ms内完成
26-May-2026 22:41:30.961 信息 [main] org.apache.coyote.AbstractProtocol.start 开始协议处理句柄["http-nio-8080"]
26-May-2026 22:41:30.978 信息 [main] org.apache.catalina.startup.Catalina.start [987]毫秒后服务器启动
26-May-2026 22:45:48.201 信息 [Thread-1] org.apache.coyote.AbstractProtocol.pause 暂停ProtocolHandler["http-nio-8080"]
26-May-2026 22:45:48.205 信息 [Thread-1] org.apache.catalina.core.StandardService.stopInternal 正在停止服务[Catalina]
26-May-2026 22:45:48.208 警告 [Thread-1] org.apache.catalina.loader.WebappClassLoaderBase.clearReferencesJdbc Web应用程序 [webapp] 注册了JDBC驱动程序 [com.microsoft.sqlserver.jdbc.SQLServerDriver]，但在Web应用程序停止时无法注销它。 为防止内存泄漏，JDBC驱动程序已被强制取消注册。
26-May-2026 22:45:48.209 严重 [Thread-1] org.apache.catalina.loader.WebappClassLoaderBase.checkThreadLocalMapForLeaks web应用程序[webapp]创建了一个ThreadLocal，其键类型为[java.lang.ThreadLocal]（值为[java.lang.ThreadLocal@1173a308]），值类型为[com.microsoft.sqlserver.jdbc.SQLServerConnection43]（值为[ConnectionID:28 ClientConnectionId: 42c67693-015b-4514-aeb1-67a230d23f97），但在停止web应用程序时未能将其删除。线程将随着时间的推移而更新，以尝试避免可能的内存泄漏
26-May-2026 22:45:48.209 严重 [Thread-1] org.apache.catalina.loader.WebappClassLoaderBase.checkThreadLocalMapForLeaks web应用程序[webapp]创建了一个ThreadLocal，其键类型为[java.lang.ThreadLocal]（值为[java.lang.ThreadLocal@1173a308]），值类型为[com.microsoft.sqlserver.jdbc.SQLServerConnection43]（值为[ConnectionID:17 ClientConnectionId: 3410e699-d5fb-42e3-87cf-cdc0ada1d3af），但在停止web应用程序时未能将其删除。线程将随着时间的推移而更新，以尝试避免可能的内存泄漏
26-May-2026 22:45:48.210 严重 [Thread-1] org.apache.catalina.loader.WebappClassLoaderBase.checkThreadLocalMapForLeaks web应用程序[webapp]创建了一个ThreadLocal，其键类型为[java.lang.ThreadLocal]（值为[java.lang.ThreadLocal@1173a308]），值类型为[com.microsoft.sqlserver.jdbc.SQLServerConnection43]（值为[ConnectionID:14 ClientConnectionId: 277fdfec-9a81-4f90-aade-88af99518883），但在停止web应用程序时未能将其删除。线程将随着时间的推移而更新，以尝试避免可能的内存泄漏
26-May-2026 22:45:48.210 严重 [Thread-1] org.apache.catalina.loader.WebappClassLoaderBase.checkThreadLocalMapForLeaks web应用程序[webapp]创建了一个ThreadLocal，其键类型为[java.lang.ThreadLocal]（值为[java.lang.ThreadLocal@1173a308]），值类型为[com.microsoft.sqlserver.jdbc.SQLServerConnection43]（值为[ConnectionID:30 ClientConnectionId: d36b1fd7-4165-4670-a458-d23ffcb740f7），但在停止web应用程序时未能将其删除。线程将随着时间的推移而更新，以尝试避免可能的内存泄漏
26-May-2026 22:45:48.210 严重 [Thread-1] org.apache.catalina.loader.WebappClassLoaderBase.checkThreadLocalMapForLeaks web应用程序[webapp]创建了一个ThreadLocal，其键类型为[java.lang.ThreadLocal]（值为[java.lang.ThreadLocal@1173a308]），值类型为[com.microsoft.sqlserver.jdbc.SQLServerConnection43]（值为[ConnectionID:31 ClientConnectionId: facae400-7921-4f89-8863-d4a0b13f18e4），但在停止web应用程序时未能将其删除。线程将随着时间的推移而更新，以尝试避免可能的内存泄漏
26-May-2026 22:45:48.210 严重 [Thread-1] org.apache.catalina.loader.WebappClassLoaderBase.checkThreadLocalMapForLeaks web应用程序[webapp]创建了一个ThreadLocal，其键类型为[java.lang.ThreadLocal]（值为[java.lang.ThreadLocal@1173a308]），值类型为[com.microsoft.sqlserver.jdbc.SQLServerConnection43]（值为[ConnectionID:19 ClientConnectionId: c3c487b4-3f86-4c5f-be6b-8a8c031b696d），但在停止web应用程序时未能将其删除。线程将随着时间的推移而更新，以尝试避免可能的内存泄漏
26-May-2026 22:45:48.210 严重 [Thread-1] org.apache.catalina.loader.WebappClassLoaderBase.checkThreadLocalMapForLeaks web应用程序[webapp]创建了一个ThreadLocal，其键类型为[java.lang.ThreadLocal]（值为[java.lang.ThreadLocal@1173a308]），值类型为[com.microsoft.sqlserver.jdbc.SQLServerConnection43]（值为[ConnectionID:33 ClientConnectionId: 643248b8-9f57-4b69-96fa-19c36cefe5b8），但在停止web应用程序时未能将其删除。线程将随着时间的推移而更新，以尝试避免可能的内存泄漏
26-May-2026 22:45:48.211 严重 [Thread-1] org.apache.catalina.loader.WebappClassLoaderBase.checkThreadLocalMapForLeaks web应用程序[webapp]创建了一个ThreadLocal，其键类型为[java.lang.ThreadLocal]（值为[java.lang.ThreadLocal@1173a308]），值类型为[com.microsoft.sqlserver.jdbc.SQLServerConnection43]（值为[ConnectionID:34 ClientConnectionId: 3650a702-660b-4661-af65-27cb00d879e6），但在停止web应用程序时未能将其删除。线程将随着时间的推移而更新，以尝试避免可能的内存泄漏
26-May-2026 22:45:48.211 严重 [Thread-1] org.apache.catalina.loader.WebappClassLoaderBase.checkThreadLocalMapForLeaks web应用程序[webapp]创建了一个ThreadLocal，其键类型为[java.lang.ThreadLocal]（值为[java.lang.ThreadLocal@1173a308]），值类型为[com.microsoft.sqlserver.jdbc.SQLServerConnection43]（值为[ConnectionID:36 ClientConnectionId: 56c51510-7daf-4846-8e5c-ef973c27cec9），但在停止web应用程序时未能将其删除。线程将随着时间的推移而更新，以尝试避免可能的内存泄漏
26-May-2026 22:45:48.212 严重 [Thread-1] org.apache.catalina.loader.WebappClassLoaderBase.checkThreadLocalMapForLeaks web应用程序[webapp]创建了一个ThreadLocal，其键类型为[java.lang.ThreadLocal]（值为[java.lang.ThreadLocal@1173a308]），值类型为[com.microsoft.sqlserver.jdbc.SQLServerConnection43]（值为[ConnectionID:26 ClientConnectionId: 0c2424be-24ca-4d32-9983-fc84bae7b0f9），但在停止web应用程序时未能将其删除。线程将随着时间的推移而更新，以尝试避免可能的内存泄漏
26-May-2026 22:45:48.213 信息 [Thread-1] org.apache.coyote.AbstractProtocol.stop 正在停止ProtocolHandler ["http-nio-8080"]
26-May-2026 22:45:48.216 信息 [Thread-1] org.apache.coyote.AbstractProtocol.destroy 正在销毁协议处理器 ["http-nio-8080"]
26-May-2026 22:45:49.824 信息 [main] org.apache.catalina.startup.VersionLoggerListener.log Server.服务器版本: Apache Tomcat/10.1.52
26-May-2026 22:45:49.827 信息 [main] org.apache.catalina.startup.VersionLoggerListener.log 服务器构建:        Jan 23 2026 19:29:07 UTC
26-May-2026 22:45:49.827 信息 [main] org.apache.catalina.startup.VersionLoggerListener.log 服务器版本号:      10.1.52.0
26-May-2026 22:45:49.827 信息 [main] org.apache.catalina.startup.VersionLoggerListener.log 操作系统名称:      Windows 11
26-May-2026 22:45:49.827 信息 [main] org.apache.catalina.startup.VersionLoggerListener.log OS.版本:           10.0
26-May-2026 22:45:49.828 信息 [main] org.apache.catalina.startup.VersionLoggerListener.log 架构:              amd64
26-May-2026 22:45:49.828 信息 [main] org.apache.catalina.startup.VersionLoggerListener.log Java 环境变量:     C:\Program Files\Java\jdk-21
26-May-2026 22:45:49.828 信息 [main] org.apache.catalina.startup.VersionLoggerListener.log Java虚拟机版本:    21.0.6+8-LTS-188
26-May-2026 22:45:49.828 信息 [main] org.apache.catalina.startup.VersionLoggerListener.log JVM.供应商:        Oracle Corporation
26-May-2026 22:45:49.828 信息 [main] org.apache.catalina.startup.VersionLoggerListener.log CATALINA_BASE:     D:\creat\property-management\src\main\webapp
26-May-2026 22:45:49.829 信息 [main] org.apache.catalina.startup.VersionLoggerListener.log CATALINA_HOME:     D:\apache-tomcat-10.1.52
26-May-2026 22:45:49.836 信息 [main] org.apache.catalina.startup.VersionLoggerListener.log 命令行参数：       --add-opens=java.base/java.lang=ALL-UNNAMED
26-May-2026 22:45:49.836 信息 [main] org.apache.catalina.startup.VersionLoggerListener.log 命令行参数：       --add-opens=java.base/java.io=ALL-UNNAMED
26-May-2026 22:45:49.836 信息 [main] org.apache.catalina.startup.VersionLoggerListener.log 命令行参数：       --add-opens=java.base/java.util=ALL-UNNAMED
26-May-2026 22:45:49.836 信息 [main] org.apache.catalina.startup.VersionLoggerListener.log 命令行参数：       --add-opens=java.base/java.util.concurrent=ALL-UNNAMED
26-May-2026 22:45:49.837 信息 [main] org.apache.catalina.startup.VersionLoggerListener.log 命令行参数：       --add-opens=java.rmi/sun.rmi.transport=ALL-UNNAMED
26-May-2026 22:45:49.837 信息 [main] org.apache.catalina.startup.VersionLoggerListener.log 命令行参数：       -Dcatalina.home=D:\apache-tomcat-10.1.52
26-May-2026 22:45:49.837 信息 [main] org.apache.catalina.startup.VersionLoggerListener.log 命令行参数：       -Dcatalina.base=D:\creat\property-management\src\main\webapp
26-May-2026 22:45:49.837 信息 [main] org.apache.catalina.startup.VersionLoggerListener.log 命令行参数：       -Djava.io.tmpdir=D:\creat\property-management\src\main\webapp\temp
26-May-2026 22:45:49.837 信息 [main] org.apache.catalina.startup.VersionLoggerListener.log 命令行参数：       -Djava.util.logging.config.file=D:\creat\property-management\src\main\webapp\conf\logging.properties
26-May-2026 22:45:49.839 信息 [main] org.apache.catalina.startup.VersionLoggerListener.log 命令行参数：       -Djava.util.logging.manager=org.apache.juli.ClassLoaderLogManager
26-May-2026 22:45:49.839 信息 [main] org.apache.catalina.startup.VersionLoggerListener.log 命令行参数：       -javaagent:C:\Program Files\JetBrains\IntelliJ IDEA Community Edition 2024.3\lib\idea_rt.jar=14780:C:\Program Files\JetBrains\IntelliJ IDEA Community Edition 2024.3\bin
26-May-2026 22:45:49.839 信息 [main] org.apache.catalina.startup.VersionLoggerListener.log 命令行参数：       -Dfile.encoding=UTF-8
26-May-2026 22:45:49.839 信息 [main] org.apache.catalina.startup.VersionLoggerListener.log 命令行参数：       -Dsun.stdout.encoding=UTF-8
26-May-2026 22:45:49.839 信息 [main] org.apache.catalina.startup.VersionLoggerListener.log 命令行参数：       -Dsun.stderr.encoding=UTF-8
26-May-2026 22:45:49.845 信息 [main] org.apache.catalina.core.AprLifecycleListener.lifecycleEvent 在java.library.path:[C:\Program Files\Java\jdk-21\bin;C:\WINDOWS\Sun\Java\bin;C:\WINDOWS\system32;C:\WINDOWS;C:\Program Files (x86)\VMware\VMware Workstation\bin\;$env:PATH;C:\MinGW\bin;C:\Program Files\NVIDIA Corporation\NVIDIA App\NvDLISR;C:\Program Files\dotnet\;C:\Program Files\nodejs\;C:\Program Files\Git LFS;C:\Windows\System32;C:\Windows;C:\Windows\System32\WindowsPowerShell\v1.0;C:\Program Files (x86)\Microsoft SQL Server\170\Tools\Binn\;C:\Program Files\Microsoft SQL Server\170\Tools\Binn\;C:\Program Files\Microsoft SQL Server\Client SDK\ODBC\180\Tools\Binn\;C:\Program Files\Microsoft SQL Server\170\DTS\Binn\;D:\rational rose\common;C:\tools\deepseek;C:\Program Files\GitHub CLI\;C:\Users\links\.mavis\bin;C:\Users\links\AppData\Local\Microsoft\WindowsApps;C:\Users\links\.dotnet\tools;D:\cursor\resources\app\bin;D:\Microsoft VS Code\bin;C:\MinGW\bin;C:\Users\links\AppData\Roaming\npm;C:\Users\links\AppData\Roaming\npm\bin;C:\Program Files\Git\cmd;C:\Program Files\Git\bin;C:\Program Files\Java\jdk-17\bin;C:\Users\links\AppData\Local\Python\bin;.]上找不到基于APR的Apache Tomcat本机库，该库允许在生产环境中获得最佳性能
26-May-2026 22:45:50.011 信息 [main] org.apache.coyote.AbstractProtocol.init 初始化协议处理器 ["http-nio-8080"]
26-May-2026 22:45:50.022 信息 [main] org.apache.catalina.startup.Catalina.load 服务器在[318]毫秒内初始化
26-May-2026 22:45:50.068 信息 [main] org.apache.catalina.core.StandardService.startInternal 正在启动服务[Catalina]
26-May-2026 22:45:50.068 信息 [main] org.apache.catalina.core.StandardEngine.startInternal 正在启动 Servlet 引擎：[Apache Tomcat/10.1.52]
26-May-2026 22:45:50.076 信息 [main] org.apache.catalina.startup.HostConfig.deployDescriptor 正在部署部署描述符[D:\creat\property-management\src\main\webapp\conf\Catalina\localhost\webapp.xml]。
26-May-2026 22:45:50.869 信息 [main] org.apache.jasper.servlet.TldScanner.scanJars 至少有一个JAR被扫描用于TLD但尚未包含TLD。 为此记录器启用调试日志记录，以获取已扫描但未在其中找到TLD的完整JAR列表。 在扫描期间跳过不需要的JAR可以缩短启动时间和JSP编译时间。
26-May-2026 22:45:50.931 警告 [main] org.apache.catalina.filters.FilterBase.init 未为[org.apache.catalina.filters.SetCharacterEncodingFilter]类型的筛选器定义属性[forceEncoding]
26-May-2026 22:45:50.943 信息 [main] org.apache.catalina.startup.HostConfig.deployDescriptor 部署描述符[D:\creat\property-management\src\main\webapp\conf\Catalina\localhost\webapp.xml]的部署已在[865]ms内完成
26-May-2026 22:45:50.947 信息 [main] org.apache.coyote.AbstractProtocol.start 开始协议处理句柄["http-nio-8080"]
26-May-2026 22:45:50.966 信息 [main] org.apache.catalina.startup.Catalina.start [943]毫秒后服务器启动
26-May-2026 22:49:47.475 信息 [Thread-1] org.apache.coyote.AbstractProtocol.pause 暂停ProtocolHandler["http-nio-8080"]
26-May-2026 22:49:47.479 信息 [Thread-1] org.apache.catalina.core.StandardService.stopInternal 正在停止服务[Catalina]
26-May-2026 22:49:47.482 警告 [Thread-1] org.apache.catalina.loader.WebappClassLoaderBase.clearReferencesJdbc Web应用程序 [webapp] 注册了JDBC驱动程序 [com.microsoft.sqlserver.jdbc.SQLServerDriver]，但在Web应用程序停止时无法注销它。 为防止内存泄漏，JDBC驱动程序已被强制取消注册。
26-May-2026 22:49:47.483 严重 [Thread-1] org.apache.catalina.loader.WebappClassLoaderBase.checkThreadLocalMapForLeaks web应用程序[webapp]创建了一个ThreadLocal，其键类型为[java.lang.ThreadLocal]（值为[java.lang.ThreadLocal@4c79059]），值类型为[com.microsoft.sqlserver.jdbc.SQLServerConnection43]（值为[ConnectionID:15 ClientConnectionId: 7a380b2f-6f6a-44b7-9cc0-c111217d6f95），但在停止web应用程序时未能将其删除。线程将随着时间的推移而更新，以尝试避免可能的内存泄漏
26-May-2026 22:49:47.483 严重 [Thread-1] org.apache.catalina.loader.WebappClassLoaderBase.checkThreadLocalMapForLeaks web应用程序[webapp]创建了一个ThreadLocal，其键类型为[java.lang.ThreadLocal]（值为[java.lang.ThreadLocal@4c79059]），值类型为[com.microsoft.sqlserver.jdbc.SQLServerConnection43]（值为[ConnectionID:5 ClientConnectionId: f8f86007-970d-45a4-a523-68e96e09c5c3），但在停止web应用程序时未能将其删除。线程将随着时间的推移而更新，以尝试避免可能的内存泄漏
26-May-2026 22:49:47.483 严重 [Thread-1] org.apache.catalina.loader.WebappClassLoaderBase.checkThreadLocalMapForLeaks web应用程序[webapp]创建了一个ThreadLocal，其键类型为[java.lang.ThreadLocal]（值为[java.lang.ThreadLocal@4c79059]），值类型为[com.microsoft.sqlserver.jdbc.SQLServerConnection43]（值为[ConnectionID:4 ClientConnectionId: 71d94407-7d94-4a87-9be1-afbba0ddb326），但在停止web应用程序时未能将其删除。线程将随着时间的推移而更新，以尝试避免可能的内存泄漏
26-May-2026 22:49:47.483 严重 [Thread-1] org.apache.catalina.loader.WebappClassLoaderBase.checkThreadLocalMapForLeaks web应用程序[webapp]创建了一个ThreadLocal，其键类型为[java.lang.ThreadLocal]（值为[java.lang.ThreadLocal@4c79059]），值类型为[com.microsoft.sqlserver.jdbc.SQLServerConnection43]（值为[ConnectionID:2 ClientConnectionId: 96acd79a-0da9-483d-9919-90fad18eed00），但在停止web应用程序时未能将其删除。线程将随着时间的推移而更新，以尝试避免可能的内存泄漏
26-May-2026 22:49:47.483 严重 [Thread-1] org.apache.catalina.loader.WebappClassLoaderBase.checkThreadLocalMapForLeaks web应用程序[webapp]创建了一个ThreadLocal，其键类型为[java.lang.ThreadLocal]（值为[java.lang.ThreadLocal@4c79059]），值类型为[com.microsoft.sqlserver.jdbc.SQLServerConnection43]（值为[ConnectionID:7 ClientConnectionId: 213df66d-87fc-425e-9622-96c0866eae86），但在停止web应用程序时未能将其删除。线程将随着时间的推移而更新，以尝试避免可能的内存泄漏
26-May-2026 22:49:47.483 严重 [Thread-1] org.apache.catalina.loader.WebappClassLoaderBase.checkThreadLocalMapForLeaks web应用程序[webapp]创建了一个ThreadLocal，其键类型为[java.lang.ThreadLocal]（值为[java.lang.ThreadLocal@4c79059]），值类型为[com.microsoft.sqlserver.jdbc.SQLServerConnection43]（值为[ConnectionID:9 ClientConnectionId: b467a6af-3746-4009-9f80-3c7f3924d325），但在停止web应用程序时未能将其删除。线程将随着时间的推移而更新，以尝试避免可能的内存泄漏
26-May-2026 22:49:47.483 严重 [Thread-1] org.apache.catalina.loader.WebappClassLoaderBase.checkThreadLocalMapForLeaks web应用程序[webapp]创建了一个ThreadLocal，其键类型为[java.lang.ThreadLocal]（值为[java.lang.ThreadLocal@4c79059]），值类型为[com.microsoft.sqlserver.jdbc.SQLServerConnection43]（值为[ConnectionID:12 ClientConnectionId: 5b9b7b9e-5477-4694-a38f-c808f3debd0d），但在停止web应用程序时未能将其删除。线程将随着时间的推移而更新，以尝试避免可能的内存泄漏
26-May-2026 22:49:47.484 严重 [Thread-1] org.apache.catalina.loader.WebappClassLoaderBase.checkThreadLocalMapForLeaks web应用程序[webapp]创建了一个ThreadLocal，其键类型为[java.lang.ThreadLocal]（值为[java.lang.ThreadLocal@4c79059]），值类型为[com.microsoft.sqlserver.jdbc.SQLServerConnection43]（值为[ConnectionID:13 ClientConnectionId: 13dfc30a-e41c-4cfb-a803-28f305d7e248），但在停止web应用程序时未能将其删除。线程将随着时间的推移而更新，以尝试避免可能的内存泄漏
26-May-2026 22:49:47.485 信息 [Thread-1] org.apache.coyote.AbstractProtocol.stop 正在停止ProtocolHandler ["http-nio-8080"]
26-May-2026 22:49:47.493 信息 [Thread-1] org.apache.coyote.AbstractProtocol.destroy 正在销毁协议处理器 ["http-nio-8080"]
26-May-2026 22:51:08.013 信息 [main] org.apache.catalina.startup.VersionLoggerListener.log Server.服务器版本: Apache Tomcat/10.1.52
26-May-2026 22:51:08.018 信息 [main] org.apache.catalina.startup.VersionLoggerListener.log 服务器构建:        Jan 23 2026 19:29:07 UTC
26-May-2026 22:51:08.018 信息 [main] org.apache.catalina.startup.VersionLoggerListener.log 服务器版本号:      10.1.52.0
26-May-2026 22:51:08.018 信息 [main] org.apache.catalina.startup.VersionLoggerListener.log 操作系统名称:      Windows 11
26-May-2026 22:51:08.018 信息 [main] org.apache.catalina.startup.VersionLoggerListener.log OS.版本:           10.0
26-May-2026 22:51:08.018 信息 [main] org.apache.catalina.startup.VersionLoggerListener.log 架构:              amd64
26-May-2026 22:51:08.018 信息 [main] org.apache.catalina.startup.VersionLoggerListener.log Java 环境变量:     C:\Program Files\Java\jdk-21
26-May-2026 22:51:08.019 信息 [main] org.apache.catalina.startup.VersionLoggerListener.log Java虚拟机版本:    21.0.6+8-LTS-188
26-May-2026 22:51:08.019 信息 [main] org.apache.catalina.startup.VersionLoggerListener.log JVM.供应商:        Oracle Corporation
26-May-2026 22:51:08.019 信息 [main] org.apache.catalina.startup.VersionLoggerListener.log CATALINA_BASE:     D:\creat\property-management\src\main\webapp
26-May-2026 22:51:08.019 信息 [main] org.apache.catalina.startup.VersionLoggerListener.log CATALINA_HOME:     D:\apache-tomcat-10.1.52
26-May-2026 22:51:08.026 信息 [main] org.apache.catalina.startup.VersionLoggerListener.log 命令行参数：       --add-opens=java.base/java.lang=ALL-UNNAMED
26-May-2026 22:51:08.026 信息 [main] org.apache.catalina.startup.VersionLoggerListener.log 命令行参数：       --add-opens=java.base/java.io=ALL-UNNAMED
26-May-2026 22:51:08.026 信息 [main] org.apache.catalina.startup.VersionLoggerListener.log 命令行参数：       --add-opens=java.base/java.util=ALL-UNNAMED
26-May-2026 22:51:08.026 信息 [main] org.apache.catalina.startup.VersionLoggerListener.log 命令行参数：       --add-opens=java.base/java.util.concurrent=ALL-UNNAMED
26-May-2026 22:51:08.026 信息 [main] org.apache.catalina.startup.VersionLoggerListener.log 命令行参数：       --add-opens=java.rmi/sun.rmi.transport=ALL-UNNAMED
26-May-2026 22:51:08.026 信息 [main] org.apache.catalina.startup.VersionLoggerListener.log 命令行参数：       -Dcatalina.home=D:\apache-tomcat-10.1.52
26-May-2026 22:51:08.027 信息 [main] org.apache.catalina.startup.VersionLoggerListener.log 命令行参数：       -Dcatalina.base=D:\creat\property-management\src\main\webapp
26-May-2026 22:51:08.027 信息 [main] org.apache.catalina.startup.VersionLoggerListener.log 命令行参数：       -Djava.io.tmpdir=D:\creat\property-management\src\main\webapp\temp
26-May-2026 22:51:08.027 信息 [main] org.apache.catalina.startup.VersionLoggerListener.log 命令行参数：       -Djava.util.logging.config.file=D:\creat\property-management\src\main\webapp\conf\logging.properties
26-May-2026 22:51:08.027 信息 [main] org.apache.catalina.startup.VersionLoggerListener.log 命令行参数：       -Djava.util.logging.manager=org.apache.juli.ClassLoaderLogManager
26-May-2026 22:51:08.027 信息 [main] org.apache.catalina.startup.VersionLoggerListener.log 命令行参数：       -javaagent:C:\Program Files\JetBrains\IntelliJ IDEA Community Edition 2024.3\lib\idea_rt.jar=11468:C:\Program Files\JetBrains\IntelliJ IDEA Community Edition 2024.3\bin
26-May-2026 22:51:08.028 信息 [main] org.apache.catalina.startup.VersionLoggerListener.log 命令行参数：       -Dfile.encoding=UTF-8
26-May-2026 22:51:08.028 信息 [main] org.apache.catalina.startup.VersionLoggerListener.log 命令行参数：       -Dsun.stdout.encoding=UTF-8
26-May-2026 22:51:08.028 信息 [main] org.apache.catalina.startup.VersionLoggerListener.log 命令行参数：       -Dsun.stderr.encoding=UTF-8
26-May-2026 22:51:08.036 信息 [main] org.apache.catalina.core.AprLifecycleListener.lifecycleEvent 在java.library.path:[C:\Program Files\Java\jdk-21\bin;C:\WINDOWS\Sun\Java\bin;C:\WINDOWS\system32;C:\WINDOWS;C:\Program Files (x86)\VMware\VMware Workstation\bin\;$env:PATH;C:\MinGW\bin;C:\Program Files\NVIDIA Corporation\NVIDIA App\NvDLISR;C:\Program Files\dotnet\;C:\Program Files\nodejs\;C:\Program Files\Git LFS;C:\Windows\System32;C:\Windows;C:\Windows\System32\WindowsPowerShell\v1.0;C:\Program Files (x86)\Microsoft SQL Server\170\Tools\Binn\;C:\Program Files\Microsoft SQL Server\170\Tools\Binn\;C:\Program Files\Microsoft SQL Server\Client SDK\ODBC\180\Tools\Binn\;C:\Program Files\Microsoft SQL Server\170\DTS\Binn\;D:\rational rose\common;C:\tools\deepseek;C:\Program Files\GitHub CLI\;C:\Users\links\.mavis\bin;C:\Users\links\AppData\Local\Microsoft\WindowsApps;C:\Users\links\.dotnet\tools;D:\cursor\resources\app\bin;D:\Microsoft VS Code\bin;C:\MinGW\bin;C:\Users\links\AppData\Roaming\npm;C:\Users\links\AppData\Roaming\npm\bin;C:\Program Files\Git\cmd;C:\Program Files\Git\bin;C:\Program Files\Java\jdk-17\bin;C:\Users\links\AppData\Local\Python\bin;.]上找不到基于APR的Apache Tomcat本机库，该库允许在生产环境中获得最佳性能
26-May-2026 22:51:08.211 信息 [main] org.apache.coyote.AbstractProtocol.init 初始化协议处理器 ["http-nio-8080"]
26-May-2026 22:51:08.225 信息 [main] org.apache.catalina.startup.Catalina.load 服务器在[351]毫秒内初始化
26-May-2026 22:51:08.270 信息 [main] org.apache.catalina.core.StandardService.startInternal 正在启动服务[Catalina]
26-May-2026 22:51:08.271 信息 [main] org.apache.catalina.core.StandardEngine.startInternal 正在启动 Servlet 引擎：[Apache Tomcat/10.1.52]
26-May-2026 22:51:08.279 信息 [main] org.apache.catalina.startup.HostConfig.deployDescriptor 正在部署部署描述符[D:\creat\property-management\src\main\webapp\conf\Catalina\localhost\webapp.xml]。
26-May-2026 22:51:09.133 信息 [main] org.apache.jasper.servlet.TldScanner.scanJars 至少有一个JAR被扫描用于TLD但尚未包含TLD。 为此记录器启用调试日志记录，以获取已扫描但未在其中找到TLD的完整JAR列表。 在扫描期间跳过不需要的JAR可以缩短启动时间和JSP编译时间。
26-May-2026 22:51:09.194 警告 [main] org.apache.catalina.filters.FilterBase.init 未为[org.apache.catalina.filters.SetCharacterEncodingFilter]类型的筛选器定义属性[forceEncoding]
26-May-2026 22:51:09.206 信息 [main] org.apache.catalina.startup.HostConfig.deployDescriptor 部署描述符[D:\creat\property-management\src\main\webapp\conf\Catalina\localhost\webapp.xml]的部署已在[925]ms内完成
26-May-2026 22:51:09.210 信息 [main] org.apache.coyote.AbstractProtocol.start 开始协议处理句柄["http-nio-8080"]
26-May-2026 22:51:09.227 信息 [main] org.apache.catalina.startup.Catalina.start [1001]毫秒后服务器启动
26-May-2026 22:55:35.197 信息 [Thread-1] org.apache.coyote.AbstractProtocol.pause 暂停ProtocolHandler["http-nio-8080"]
26-May-2026 22:55:35.200 信息 [Thread-1] org.apache.catalina.core.StandardService.stopInternal 正在停止服务[Catalina]
26-May-2026 22:55:35.203 警告 [Thread-1] org.apache.catalina.loader.WebappClassLoaderBase.clearReferencesJdbc Web应用程序 [webapp] 注册了JDBC驱动程序 [com.microsoft.sqlserver.jdbc.SQLServerDriver]，但在Web应用程序停止时无法注销它。 为防止内存泄漏，JDBC驱动程序已被强制取消注册。
26-May-2026 22:55:35.204 严重 [Thread-1] org.apache.catalina.loader.WebappClassLoaderBase.checkThreadLocalMapForLeaks web应用程序[webapp]创建了一个ThreadLocal，其键类型为[java.lang.ThreadLocal]（值为[java.lang.ThreadLocal@239a9bf7]），值类型为[com.microsoft.sqlserver.jdbc.SQLServerConnection43]（值为[ConnectionID:2 ClientConnectionId: 2e705a9b-82f2-40c9-b602-bf07fa2c4e63），但在停止web应用程序时未能将其删除。线程将随着时间的推移而更新，以尝试避免可能的内存泄漏
26-May-2026 22:55:35.204 严重 [Thread-1] org.apache.catalina.loader.WebappClassLoaderBase.checkThreadLocalMapForLeaks web应用程序[webapp]创建了一个ThreadLocal，其键类型为[java.lang.ThreadLocal]（值为[java.lang.ThreadLocal@239a9bf7]），值类型为[com.microsoft.sqlserver.jdbc.SQLServerConnection43]（值为[ConnectionID:4 ClientConnectionId: ba18225c-6bb0-4bda-8b09-37c1d36042a0），但在停止web应用程序时未能将其删除。线程将随着时间的推移而更新，以尝试避免可能的内存泄漏
26-May-2026 22:55:35.204 严重 [Thread-1] org.apache.catalina.loader.WebappClassLoaderBase.checkThreadLocalMapForLeaks web应用程序[webapp]创建了一个ThreadLocal，其键类型为[java.lang.ThreadLocal]（值为[java.lang.ThreadLocal@239a9bf7]），值类型为[com.microsoft.sqlserver.jdbc.SQLServerConnection43]（值为[ConnectionID:5 ClientConnectionId: 086fff80-009e-4e60-8ae0-9a33351fbd35），但在停止web应用程序时未能将其删除。线程将随着时间的推移而更新，以尝试避免可能的内存泄漏
26-May-2026 22:55:35.204 严重 [Thread-1] org.apache.catalina.loader.WebappClassLoaderBase.checkThreadLocalMapForLeaks web应用程序[webapp]创建了一个ThreadLocal，其键类型为[java.lang.ThreadLocal]（值为[java.lang.ThreadLocal@239a9bf7]），值类型为[com.microsoft.sqlserver.jdbc.SQLServerConnection43]（值为[ConnectionID:7 ClientConnectionId: e2ae3d73-a74d-4a12-bcd0-f42742dec490），但在停止web应用程序时未能将其删除。线程将随着时间的推移而更新，以尝试避免可能的内存泄漏
26-May-2026 22:55:35.204 严重 [Thread-1] org.apache.catalina.loader.WebappClassLoaderBase.checkThreadLocalMapForLeaks web应用程序[webapp]创建了一个ThreadLocal，其键类型为[java.lang.ThreadLocal]（值为[java.lang.ThreadLocal@239a9bf7]），值类型为[com.microsoft.sqlserver.jdbc.SQLServerConnection43]（值为[ConnectionID:9 ClientConnectionId: daf2f37e-3b6f-45b6-b9a1-9eaa9b565887），但在停止web应用程序时未能将其删除。线程将随着时间的推移而更新，以尝试避免可能的内存泄漏
26-May-2026 22:55:35.204 严重 [Thread-1] org.apache.catalina.loader.WebappClassLoaderBase.checkThreadLocalMapForLeaks web应用程序[webapp]创建了一个ThreadLocal，其键类型为[java.lang.ThreadLocal]（值为[java.lang.ThreadLocal@239a9bf7]），值类型为[com.microsoft.sqlserver.jdbc.SQLServerConnection43]（值为[ConnectionID:18 ClientConnectionId: 1cc4ef5e-9d8a-4f98-8486-f0d9c613934f），但在停止web应用程序时未能将其删除。线程将随着时间的推移而更新，以尝试避免可能的内存泄漏
26-May-2026 22:55:35.204 严重 [Thread-1] org.apache.catalina.loader.WebappClassLoaderBase.checkThreadLocalMapForLeaks web应用程序[webapp]创建了一个ThreadLocal，其键类型为[java.lang.ThreadLocal]（值为[java.lang.ThreadLocal@239a9bf7]），值类型为[com.microsoft.sqlserver.jdbc.SQLServerConnection43]（值为[ConnectionID:12 ClientConnectionId: 0538667f-3e37-40a1-b0b5-725fdff3640e），但在停止web应用程序时未能将其删除。线程将随着时间的推移而更新，以尝试避免可能的内存泄漏
26-May-2026 22:55:35.206 信息 [Thread-1] org.apache.coyote.AbstractProtocol.stop 正在停止ProtocolHandler ["http-nio-8080"]
26-May-2026 22:55:35.209 信息 [Thread-1] org.apache.coyote.AbstractProtocol.destroy 正在销毁协议处理器 ["http-nio-8080"]
26-May-2026 22:55:36.941 信息 [main] org.apache.catalina.startup.VersionLoggerListener.log Server.服务器版本: Apache Tomcat/10.1.52
26-May-2026 22:55:36.945 信息 [main] org.apache.catalina.startup.VersionLoggerListener.log 服务器构建:        Jan 23 2026 19:29:07 UTC
26-May-2026 22:55:36.945 信息 [main] org.apache.catalina.startup.VersionLoggerListener.log 服务器版本号:      10.1.52.0
26-May-2026 22:55:36.946 信息 [main] org.apache.catalina.startup.VersionLoggerListener.log 操作系统名称:      Windows 11
26-May-2026 22:55:36.946 信息 [main] org.apache.catalina.startup.VersionLoggerListener.log OS.版本:           10.0
26-May-2026 22:55:36.946 信息 [main] org.apache.catalina.startup.VersionLoggerListener.log 架构:              amd64
26-May-2026 22:55:36.947 信息 [main] org.apache.catalina.startup.VersionLoggerListener.log Java 环境变量:     C:\Program Files\Java\jdk-21
26-May-2026 22:55:36.947 信息 [main] org.apache.catalina.startup.VersionLoggerListener.log Java虚拟机版本:    21.0.6+8-LTS-188
26-May-2026 22:55:36.947 信息 [main] org.apache.catalina.startup.VersionLoggerListener.log JVM.供应商:        Oracle Corporation
26-May-2026 22:55:36.947 信息 [main] org.apache.catalina.startup.VersionLoggerListener.log CATALINA_BASE:     D:\creat\property-management\src\main\webapp
26-May-2026 22:55:36.947 信息 [main] org.apache.catalina.startup.VersionLoggerListener.log CATALINA_HOME:     D:\apache-tomcat-10.1.52
26-May-2026 22:55:36.952 信息 [main] org.apache.catalina.startup.VersionLoggerListener.log 命令行参数：       --add-opens=java.base/java.lang=ALL-UNNAMED
26-May-2026 22:55:36.952 信息 [main] org.apache.catalina.startup.VersionLoggerListener.log 命令行参数：       --add-opens=java.base/java.io=ALL-UNNAMED
26-May-2026 22:55:36.952 信息 [main] org.apache.catalina.startup.VersionLoggerListener.log 命令行参数：       --add-opens=java.base/java.util=ALL-UNNAMED
26-May-2026 22:55:36.952 信息 [main] org.apache.catalina.startup.VersionLoggerListener.log 命令行参数：       --add-opens=java.base/java.util.concurrent=ALL-UNNAMED
26-May-2026 22:55:36.952 信息 [main] org.apache.catalina.startup.VersionLoggerListener.log 命令行参数：       --add-opens=java.rmi/sun.rmi.transport=ALL-UNNAMED
26-May-2026 22:55:36.953 信息 [main] org.apache.catalina.startup.VersionLoggerListener.log 命令行参数：       -Dcatalina.home=D:\apache-tomcat-10.1.52
26-May-2026 22:55:36.953 信息 [main] org.apache.catalina.startup.VersionLoggerListener.log 命令行参数：       -Dcatalina.base=D:\creat\property-management\src\main\webapp
26-May-2026 22:55:36.953 信息 [main] org.apache.catalina.startup.VersionLoggerListener.log 命令行参数：       -Djava.io.tmpdir=D:\creat\property-management\src\main\webapp\temp
26-May-2026 22:55:36.953 信息 [main] org.apache.catalina.startup.VersionLoggerListener.log 命令行参数：       -Djava.util.logging.config.file=D:\creat\property-management\src\main\webapp\conf\logging.properties
26-May-2026 22:55:36.953 信息 [main] org.apache.catalina.startup.VersionLoggerListener.log 命令行参数：       -Djava.util.logging.manager=org.apache.juli.ClassLoaderLogManager
26-May-2026 22:55:36.953 信息 [main] org.apache.catalina.startup.VersionLoggerListener.log 命令行参数：       -javaagent:C:\Program Files\JetBrains\IntelliJ IDEA Community Edition 2024.3\lib\idea_rt.jar=3148:C:\Program Files\JetBrains\IntelliJ IDEA Community Edition 2024.3\bin
26-May-2026 22:55:36.954 信息 [main] org.apache.catalina.startup.VersionLoggerListener.log 命令行参数：       -Dfile.encoding=UTF-8
26-May-2026 22:55:36.954 信息 [main] org.apache.catalina.startup.VersionLoggerListener.log 命令行参数：       -Dsun.stdout.encoding=UTF-8
26-May-2026 22:55:36.954 信息 [main] org.apache.catalina.startup.VersionLoggerListener.log 命令行参数：       -Dsun.stderr.encoding=UTF-8
26-May-2026 22:55:36.961 信息 [main] org.apache.catalina.core.AprLifecycleListener.lifecycleEvent 在java.library.path:[C:\Program Files\Java\jdk-21\bin;C:\WINDOWS\Sun\Java\bin;C:\WINDOWS\system32;C:\WINDOWS;C:\Program Files (x86)\VMware\VMware Workstation\bin\;$env:PATH;C:\MinGW\bin;C:\Program Files\NVIDIA Corporation\NVIDIA App\NvDLISR;C:\Program Files\dotnet\;C:\Program Files\nodejs\;C:\Program Files\Git LFS;C:\Windows\System32;C:\Windows;C:\Windows\System32\WindowsPowerShell\v1.0;C:\Program Files (x86)\Microsoft SQL Server\170\Tools\Binn\;C:\Program Files\Microsoft SQL Server\170\Tools\Binn\;C:\Program Files\Microsoft SQL Server\Client SDK\ODBC\180\Tools\Binn\;C:\Program Files\Microsoft SQL Server\170\DTS\Binn\;D:\rational rose\common;C:\tools\deepseek;C:\Program Files\GitHub CLI\;C:\Users\links\.mavis\bin;C:\Users\links\AppData\Local\Microsoft\WindowsApps;C:\Users\links\.dotnet\tools;D:\cursor\resources\app\bin;D:\Microsoft VS Code\bin;C:\MinGW\bin;C:\Users\links\AppData\Roaming\npm;C:\Users\links\AppData\Roaming\npm\bin;C:\Program Files\Git\cmd;C:\Program Files\Git\bin;C:\Program Files\Java\jdk-17\bin;C:\Users\links\AppData\Local\Python\bin;.]上找不到基于APR的Apache Tomcat本机库，该库允许在生产环境中获得最佳性能
26-May-2026 22:55:37.125 信息 [main] org.apache.coyote.AbstractProtocol.init 初始化协议处理器 ["http-nio-8080"]
26-May-2026 22:55:37.139 信息 [main] org.apache.catalina.startup.Catalina.load 服务器在[328]毫秒内初始化
26-May-2026 22:55:37.184 信息 [main] org.apache.catalina.core.StandardService.startInternal 正在启动服务[Catalina]
26-May-2026 22:55:37.185 信息 [main] org.apache.catalina.core.StandardEngine.startInternal 正在启动 Servlet 引擎：[Apache Tomcat/10.1.52]
26-May-2026 22:55:37.191 信息 [main] org.apache.catalina.startup.HostConfig.deployDescriptor 正在部署部署描述符[D:\creat\property-management\src\main\webapp\conf\Catalina\localhost\webapp.xml]。
26-May-2026 22:55:37.983 信息 [main] org.apache.jasper.servlet.TldScanner.scanJars 至少有一个JAR被扫描用于TLD但尚未包含TLD。 为此记录器启用调试日志记录，以获取已扫描但未在其中找到TLD的完整JAR列表。 在扫描期间跳过不需要的JAR可以缩短启动时间和JSP编译时间。
26-May-2026 22:55:38.030 警告 [main] org.apache.catalina.filters.FilterBase.init 未为[org.apache.catalina.filters.SetCharacterEncodingFilter]类型的筛选器定义属性[forceEncoding]
26-May-2026 22:55:38.043 信息 [main] org.apache.catalina.startup.HostConfig.deployDescriptor 部署描述符[D:\creat\property-management\src\main\webapp\conf\Catalina\localhost\webapp.xml]的部署已在[849]ms内完成
26-May-2026 22:55:38.046 信息 [main] org.apache.coyote.AbstractProtocol.start 开始协议处理句柄["http-nio-8080"]
26-May-2026 22:55:38.063 信息 [main] org.apache.catalina.startup.Catalina.start [922]毫秒后服务器启动
26-May-2026 22:55:56.247 信息 [Thread-1] org.apache.coyote.AbstractProtocol.pause 暂停ProtocolHandler["http-nio-8080"]
26-May-2026 22:55:56.250 信息 [Thread-1] org.apache.catalina.core.StandardService.stopInternal 正在停止服务[Catalina]
26-May-2026 22:55:56.258 信息 [Thread-1] org.apache.coyote.AbstractProtocol.stop 正在停止ProtocolHandler ["http-nio-8080"]
26-May-2026 22:55:56.261 信息 [Thread-1] org.apache.coyote.AbstractProtocol.destroy 正在销毁协议处理器 ["http-nio-8080"]
26-May-2026 22:55:57.124 信息 [main] org.apache.catalina.startup.VersionLoggerListener.log Server.服务器版本: Apache Tomcat/10.1.52
26-May-2026 22:55:57.127 信息 [main] org.apache.catalina.startup.VersionLoggerListener.log 服务器构建:        Jan 23 2026 19:29:07 UTC
26-May-2026 22:55:57.128 信息 [main] org.apache.catalina.startup.VersionLoggerListener.log 服务器版本号:      10.1.52.0
26-May-2026 22:55:57.128 信息 [main] org.apache.catalina.startup.VersionLoggerListener.log 操作系统名称:      Windows 11
26-May-2026 22:55:57.128 信息 [main] org.apache.catalina.startup.VersionLoggerListener.log OS.版本:           10.0
26-May-2026 22:55:57.130 信息 [main] org.apache.catalina.startup.VersionLoggerListener.log 架构:              amd64
26-May-2026 22:55:57.130 信息 [main] org.apache.catalina.startup.VersionLoggerListener.log Java 环境变量:     C:\Program Files\Java\jdk-21
26-May-2026 22:55:57.130 信息 [main] org.apache.catalina.startup.VersionLoggerListener.log Java虚拟机版本:    21.0.6+8-LTS-188
26-May-2026 22:55:57.130 信息 [main] org.apache.catalina.startup.VersionLoggerListener.log JVM.供应商:        Oracle Corporation
26-May-2026 22:55:57.130 信息 [main] org.apache.catalina.startup.VersionLoggerListener.log CATALINA_BASE:     D:\creat\property-management\src\main\webapp
26-May-2026 22:55:57.130 信息 [main] org.apache.catalina.startup.VersionLoggerListener.log CATALINA_HOME:     D:\apache-tomcat-10.1.52
26-May-2026 22:55:57.136 信息 [main] org.apache.catalina.startup.VersionLoggerListener.log 命令行参数：       --add-opens=java.base/java.lang=ALL-UNNAMED
26-May-2026 22:55:57.138 信息 [main] org.apache.catalina.startup.VersionLoggerListener.log 命令行参数：       --add-opens=java.base/java.io=ALL-UNNAMED
26-May-2026 22:55:57.138 信息 [main] org.apache.catalina.startup.VersionLoggerListener.log 命令行参数：       --add-opens=java.base/java.util=ALL-UNNAMED
26-May-2026 22:55:57.138 信息 [main] org.apache.catalina.startup.VersionLoggerListener.log 命令行参数：       --add-opens=java.base/java.util.concurrent=ALL-UNNAMED
26-May-2026 22:55:57.138 信息 [main] org.apache.catalina.startup.VersionLoggerListener.log 命令行参数：       --add-opens=java.rmi/sun.rmi.transport=ALL-UNNAMED
26-May-2026 22:55:57.138 信息 [main] org.apache.catalina.startup.VersionLoggerListener.log 命令行参数：       -Dcatalina.home=D:\apache-tomcat-10.1.52
26-May-2026 22:55:57.138 信息 [main] org.apache.catalina.startup.VersionLoggerListener.log 命令行参数：       -Dcatalina.base=D:\creat\property-management\src\main\webapp
26-May-2026 22:55:57.139 信息 [main] org.apache.catalina.startup.VersionLoggerListener.log 命令行参数：       -Djava.io.tmpdir=D:\creat\property-management\src\main\webapp\temp
26-May-2026 22:55:57.139 信息 [main] org.apache.catalina.startup.VersionLoggerListener.log 命令行参数：       -Djava.util.logging.config.file=D:\creat\property-management\src\main\webapp\conf\logging.properties
26-May-2026 22:55:57.139 信息 [main] org.apache.catalina.startup.VersionLoggerListener.log 命令行参数：       -Djava.util.logging.manager=org.apache.juli.ClassLoaderLogManager
26-May-2026 22:55:57.139 信息 [main] org.apache.catalina.startup.VersionLoggerListener.log 命令行参数：       -javaagent:C:\Program Files\JetBrains\IntelliJ IDEA Community Edition 2024.3\lib\idea_rt.jar=3171:C:\Program Files\JetBrains\IntelliJ IDEA Community Edition 2024.3\bin
26-May-2026 22:55:57.139 信息 [main] org.apache.catalina.startup.VersionLoggerListener.log 命令行参数：       -Dfile.encoding=UTF-8
26-May-2026 22:55:57.139 信息 [main] org.apache.catalina.startup.VersionLoggerListener.log 命令行参数：       -Dsun.stdout.encoding=UTF-8
26-May-2026 22:55:57.139 信息 [main] org.apache.catalina.startup.VersionLoggerListener.log 命令行参数：       -Dsun.stderr.encoding=UTF-8
26-May-2026 22:55:57.145 信息 [main] org.apache.catalina.core.AprLifecycleListener.lifecycleEvent 在java.library.path:[C:\Program Files\Java\jdk-21\bin;C:\WINDOWS\Sun\Java\bin;C:\WINDOWS\system32;C:\WINDOWS;C:\Program Files (x86)\VMware\VMware Workstation\bin\;$env:PATH;C:\MinGW\bin;C:\Program Files\NVIDIA Corporation\NVIDIA App\NvDLISR;C:\Program Files\dotnet\;C:\Program Files\nodejs\;C:\Program Files\Git LFS;C:\Windows\System32;C:\Windows;C:\Windows\System32\WindowsPowerShell\v1.0;C:\Program Files (x86)\Microsoft SQL Server\170\Tools\Binn\;C:\Program Files\Microsoft SQL Server\170\Tools\Binn\;C:\Program Files\Microsoft SQL Server\Client SDK\ODBC\180\Tools\Binn\;C:\Program Files\Microsoft SQL Server\170\DTS\Binn\;D:\rational rose\common;C:\tools\deepseek;C:\Program Files\GitHub CLI\;C:\Users\links\.mavis\bin;C:\Users\links\AppData\Local\Microsoft\WindowsApps;C:\Users\links\.dotnet\tools;D:\cursor\resources\app\bin;D:\Microsoft VS Code\bin;C:\MinGW\bin;C:\Users\links\AppData\Roaming\npm;C:\Users\links\AppData\Roaming\npm\bin;C:\Program Files\Git\cmd;C:\Program Files\Git\bin;C:\Program Files\Java\jdk-17\bin;C:\Users\links\AppData\Local\Python\bin;.]上找不到基于APR的Apache Tomcat本机库，该库允许在生产环境中获得最佳性能
26-May-2026 22:55:57.364 信息 [main] org.apache.coyote.AbstractProtocol.init 初始化协议处理器 ["http-nio-8080"]
26-May-2026 22:55:57.377 信息 [main] org.apache.catalina.startup.Catalina.load 服务器在[386]毫秒内初始化
26-May-2026 22:55:57.432 信息 [main] org.apache.catalina.core.StandardService.startInternal 正在启动服务[Catalina]
26-May-2026 22:55:57.432 信息 [main] org.apache.catalina.core.StandardEngine.startInternal 正在启动 Servlet 引擎：[Apache Tomcat/10.1.52]
26-May-2026 22:55:57.441 信息 [main] org.apache.catalina.startup.HostConfig.deployDescriptor 正在部署部署描述符[D:\creat\property-management\src\main\webapp\conf\Catalina\localhost\webapp.xml]。
26-May-2026 22:55:58.267 信息 [main] org.apache.jasper.servlet.TldScanner.scanJars 至少有一个JAR被扫描用于TLD但尚未包含TLD。 为此记录器启用调试日志记录，以获取已扫描但未在其中找到TLD的完整JAR列表。 在扫描期间跳过不需要的JAR可以缩短启动时间和JSP编译时间。
26-May-2026 22:55:58.313 警告 [main] org.apache.catalina.filters.FilterBase.init 未为[org.apache.catalina.filters.SetCharacterEncodingFilter]类型的筛选器定义属性[forceEncoding]
26-May-2026 22:55:58.325 信息 [main] org.apache.catalina.startup.HostConfig.deployDescriptor 部署描述符[D:\creat\property-management\src\main\webapp\conf\Catalina\localhost\webapp.xml]的部署已在[881]ms内完成
26-May-2026 22:55:58.327 信息 [main] org.apache.coyote.AbstractProtocol.start 开始协议处理句柄["http-nio-8080"]
26-May-2026 22:55:58.343 信息 [main] org.apache.catalina.startup.Catalina.start [964]毫秒后服务器启动
26-May-2026 23:00:02.888 信息 [Thread-1] org.apache.coyote.AbstractProtocol.pause 暂停ProtocolHandler["http-nio-8080"]
26-May-2026 23:00:02.890 信息 [Thread-1] org.apache.catalina.core.StandardService.stopInternal 正在停止服务[Catalina]
26-May-2026 23:00:02.895 警告 [Thread-1] org.apache.catalina.loader.WebappClassLoaderBase.clearReferencesJdbc Web应用程序 [webapp] 注册了JDBC驱动程序 [com.microsoft.sqlserver.jdbc.SQLServerDriver]，但在Web应用程序停止时无法注销它。 为防止内存泄漏，JDBC驱动程序已被强制取消注册。
26-May-2026 23:00:02.896 严重 [Thread-1] org.apache.catalina.loader.WebappClassLoaderBase.checkThreadLocalMapForLeaks web应用程序[webapp]创建了一个ThreadLocal，其键类型为[java.lang.ThreadLocal]（值为[java.lang.ThreadLocal@59dbff2d]），值类型为[com.microsoft.sqlserver.jdbc.SQLServerConnection43]（值为[ConnectionID:19 ClientConnectionId: 17d89ad7-d4b6-4601-a937-1731270f1eea），但在停止web应用程序时未能将其删除。线程将随着时间的推移而更新，以尝试避免可能的内存泄漏
26-May-2026 23:00:02.896 严重 [Thread-1] org.apache.catalina.loader.WebappClassLoaderBase.checkThreadLocalMapForLeaks web应用程序[webapp]创建了一个ThreadLocal，其键类型为[java.lang.ThreadLocal]（值为[java.lang.ThreadLocal@59dbff2d]），值类型为[com.microsoft.sqlserver.jdbc.SQLServerConnection43]（值为[ConnectionID:21 ClientConnectionId: 70ebc653-f0d5-44be-ba3b-1187b2bdbeed），但在停止web应用程序时未能将其删除。线程将随着时间的推移而更新，以尝试避免可能的内存泄漏
26-May-2026 23:00:02.896 严重 [Thread-1] org.apache.catalina.loader.WebappClassLoaderBase.checkThreadLocalMapForLeaks web应用程序[webapp]创建了一个ThreadLocal，其键类型为[java.lang.ThreadLocal]（值为[java.lang.ThreadLocal@59dbff2d]），值类型为[com.microsoft.sqlserver.jdbc.SQLServerConnection43]（值为[ConnectionID:2 ClientConnectionId: 4675a2f0-b32b-4b9e-9669-a6dd6695744f），但在停止web应用程序时未能将其删除。线程将随着时间的推移而更新，以尝试避免可能的内存泄漏
26-May-2026 23:00:02.897 严重 [Thread-1] org.apache.catalina.loader.WebappClassLoaderBase.checkThreadLocalMapForLeaks web应用程序[webapp]创建了一个ThreadLocal，其键类型为[java.lang.ThreadLocal]（值为[java.lang.ThreadLocal@59dbff2d]），值类型为[com.microsoft.sqlserver.jdbc.SQLServerConnection43]（值为[ConnectionID:4 ClientConnectionId: ca7fa3a8-3367-402d-be00-4be17bb07066），但在停止web应用程序时未能将其删除。线程将随着时间的推移而更新，以尝试避免可能的内存泄漏
26-May-2026 23:00:02.897 严重 [Thread-1] org.apache.catalina.loader.WebappClassLoaderBase.checkThreadLocalMapForLeaks web应用程序[webapp]创建了一个ThreadLocal，其键类型为[java.lang.ThreadLocal]（值为[java.lang.ThreadLocal@59dbff2d]），值类型为[com.microsoft.sqlserver.jdbc.SQLServerConnection43]（值为[ConnectionID:23 ClientConnectionId: 278d8a80-92da-4d2a-89b6-e5f76d1d4c51），但在停止web应用程序时未能将其删除。线程将随着时间的推移而更新，以尝试避免可能的内存泄漏
26-May-2026 23:00:02.897 严重 [Thread-1] org.apache.catalina.loader.WebappClassLoaderBase.checkThreadLocalMapForLeaks web应用程序[webapp]创建了一个ThreadLocal，其键类型为[java.lang.ThreadLocal]（值为[java.lang.ThreadLocal@59dbff2d]），值类型为[com.microsoft.sqlserver.jdbc.SQLServerConnection43]（值为[ConnectionID:9 ClientConnectionId: c3837f1d-a8f4-4da6-a03f-4b74bd7392a4），但在停止web应用程序时未能将其删除。线程将随着时间的推移而更新，以尝试避免可能的内存泄漏
26-May-2026 23:00:02.897 严重 [Thread-1] org.apache.catalina.loader.WebappClassLoaderBase.checkThreadLocalMapForLeaks web应用程序[webapp]创建了一个ThreadLocal，其键类型为[java.lang.ThreadLocal]（值为[java.lang.ThreadLocal@59dbff2d]），值类型为[com.microsoft.sqlserver.jdbc.SQLServerConnection43]（值为[ConnectionID:25 ClientConnectionId: 75e78545-d369-470d-8c9c-cf740cf6a927），但在停止web应用程序时未能将其删除。线程将随着时间的推移而更新，以尝试避免可能的内存泄漏
26-May-2026 23:00:02.897 严重 [Thread-1] org.apache.catalina.loader.WebappClassLoaderBase.checkThreadLocalMapForLeaks web应用程序[webapp]创建了一个ThreadLocal，其键类型为[java.lang.ThreadLocal]（值为[java.lang.ThreadLocal@59dbff2d]），值类型为[com.microsoft.sqlserver.jdbc.SQLServerConnection43]（值为[ConnectionID:27 ClientConnectionId: 7c24c01a-b9e6-43d0-8a67-26a967fa9d30），但在停止web应用程序时未能将其删除。线程将随着时间的推移而更新，以尝试避免可能的内存泄漏
26-May-2026 23:00:02.897 严重 [Thread-1] org.apache.catalina.loader.WebappClassLoaderBase.checkThreadLocalMapForLeaks web应用程序[webapp]创建了一个ThreadLocal，其键类型为[java.lang.ThreadLocal]（值为[java.lang.ThreadLocal@59dbff2d]），值类型为[com.microsoft.sqlserver.jdbc.SQLServerConnection43]（值为[ConnectionID:17 ClientConnectionId: 1fbfc35b-6449-4950-a7c4-c84281c8cd3d），但在停止web应用程序时未能将其删除。线程将随着时间的推移而更新，以尝试避免可能的内存泄漏
26-May-2026 23:00:02.900 信息 [Thread-1] org.apache.coyote.AbstractProtocol.stop 正在停止ProtocolHandler ["http-nio-8080"]
26-May-2026 23:00:02.903 信息 [Thread-1] org.apache.coyote.AbstractProtocol.destroy 正在销毁协议处理器 ["http-nio-8080"]
26-May-2026 23:00:03.924 信息 [main] org.apache.catalina.startup.VersionLoggerListener.log Server.服务器版本: Apache Tomcat/10.1.52
26-May-2026 23:00:03.927 信息 [main] org.apache.catalina.startup.VersionLoggerListener.log 服务器构建:        Jan 23 2026 19:29:07 UTC
26-May-2026 23:00:03.928 信息 [main] org.apache.catalina.startup.VersionLoggerListener.log 服务器版本号:      10.1.52.0
26-May-2026 23:00:03.928 信息 [main] org.apache.catalina.startup.VersionLoggerListener.log 操作系统名称:      Windows 11
26-May-2026 23:00:03.928 信息 [main] org.apache.catalina.startup.VersionLoggerListener.log OS.版本:           10.0
26-May-2026 23:00:03.928 信息 [main] org.apache.catalina.startup.VersionLoggerListener.log 架构:              amd64
26-May-2026 23:00:03.930 信息 [main] org.apache.catalina.startup.VersionLoggerListener.log Java 环境变量:     C:\Program Files\Java\jdk-21
26-May-2026 23:00:03.930 信息 [main] org.apache.catalina.startup.VersionLoggerListener.log Java虚拟机版本:    21.0.6+8-LTS-188
26-May-2026 23:00:03.930 信息 [main] org.apache.catalina.startup.VersionLoggerListener.log JVM.供应商:        Oracle Corporation
26-May-2026 23:00:03.930 信息 [main] org.apache.catalina.startup.VersionLoggerListener.log CATALINA_BASE:     D:\creat\property-management\src\main\webapp
26-May-2026 23:00:03.930 信息 [main] org.apache.catalina.startup.VersionLoggerListener.log CATALINA_HOME:     D:\apache-tomcat-10.1.52
26-May-2026 23:00:03.935 信息 [main] org.apache.catalina.startup.VersionLoggerListener.log 命令行参数：       --add-opens=java.base/java.lang=ALL-UNNAMED
26-May-2026 23:00:03.935 信息 [main] org.apache.catalina.startup.VersionLoggerListener.log 命令行参数：       --add-opens=java.base/java.io=ALL-UNNAMED
26-May-2026 23:00:03.935 信息 [main] org.apache.catalina.startup.VersionLoggerListener.log 命令行参数：       --add-opens=java.base/java.util=ALL-UNNAMED
26-May-2026 23:00:03.935 信息 [main] org.apache.catalina.startup.VersionLoggerListener.log 命令行参数：       --add-opens=java.base/java.util.concurrent=ALL-UNNAMED
26-May-2026 23:00:03.936 信息 [main] org.apache.catalina.startup.VersionLoggerListener.log 命令行参数：       --add-opens=java.rmi/sun.rmi.transport=ALL-UNNAMED
26-May-2026 23:00:03.936 信息 [main] org.apache.catalina.startup.VersionLoggerListener.log 命令行参数：       -Dcatalina.home=D:\apache-tomcat-10.1.52
26-May-2026 23:00:03.936 信息 [main] org.apache.catalina.startup.VersionLoggerListener.log 命令行参数：       -Dcatalina.base=D:\creat\property-management\src\main\webapp
26-May-2026 23:00:03.936 信息 [main] org.apache.catalina.startup.VersionLoggerListener.log 命令行参数：       -Djava.io.tmpdir=D:\creat\property-management\src\main\webapp\temp
26-May-2026 23:00:03.936 信息 [main] org.apache.catalina.startup.VersionLoggerListener.log 命令行参数：       -Djava.util.logging.config.file=D:\creat\property-management\src\main\webapp\conf\logging.properties
26-May-2026 23:00:03.936 信息 [main] org.apache.catalina.startup.VersionLoggerListener.log 命令行参数：       -Djava.util.logging.manager=org.apache.juli.ClassLoaderLogManager
26-May-2026 23:00:03.937 信息 [main] org.apache.catalina.startup.VersionLoggerListener.log 命令行参数：       -javaagent:C:\Program Files\JetBrains\IntelliJ IDEA Community Edition 2024.3\lib\idea_rt.jar=12922:C:\Program Files\JetBrains\IntelliJ IDEA Community Edition 2024.3\bin
26-May-2026 23:00:03.937 信息 [main] org.apache.catalina.startup.VersionLoggerListener.log 命令行参数：       -Dfile.encoding=UTF-8
26-May-2026 23:00:03.937 信息 [main] org.apache.catalina.startup.VersionLoggerListener.log 命令行参数：       -Dsun.stdout.encoding=UTF-8
26-May-2026 23:00:03.937 信息 [main] org.apache.catalina.startup.VersionLoggerListener.log 命令行参数：       -Dsun.stderr.encoding=UTF-8
26-May-2026 23:00:03.944 信息 [main] org.apache.catalina.core.AprLifecycleListener.lifecycleEvent 在java.library.path:[C:\Program Files\Java\jdk-21\bin;C:\WINDOWS\Sun\Java\bin;C:\WINDOWS\system32;C:\WINDOWS;C:\Program Files (x86)\VMware\VMware Workstation\bin\;$env:PATH;C:\MinGW\bin;C:\Program Files\NVIDIA Corporation\NVIDIA App\NvDLISR;C:\Program Files\dotnet\;C:\Program Files\nodejs\;C:\Program Files\Git LFS;C:\Windows\System32;C:\Windows;C:\Windows\System32\WindowsPowerShell\v1.0;C:\Program Files (x86)\Microsoft SQL Server\170\Tools\Binn\;C:\Program Files\Microsoft SQL Server\170\Tools\Binn\;C:\Program Files\Microsoft SQL Server\Client SDK\ODBC\180\Tools\Binn\;C:\Program Files\Microsoft SQL Server\170\DTS\Binn\;D:\rational rose\common;C:\tools\deepseek;C:\Program Files\GitHub CLI\;C:\Users\links\.mavis\bin;C:\Users\links\AppData\Local\Microsoft\WindowsApps;C:\Users\links\.dotnet\tools;D:\cursor\resources\app\bin;D:\Microsoft VS Code\bin;C:\MinGW\bin;C:\Users\links\AppData\Roaming\npm;C:\Users\links\AppData\Roaming\npm\bin;C:\Program Files\Git\cmd;C:\Program Files\Git\bin;C:\Program Files\Java\jdk-17\bin;C:\Users\links\AppData\Local\Python\bin;.]上找不到基于APR的Apache Tomcat本机库，该库允许在生产环境中获得最佳性能
26-May-2026 23:00:04.150 信息 [main] org.apache.coyote.AbstractProtocol.init 初始化协议处理器 ["http-nio-8080"]
26-May-2026 23:00:04.162 信息 [main] org.apache.catalina.startup.Catalina.load 服务器在[363]毫秒内初始化
26-May-2026 23:00:04.210 信息 [main] org.apache.catalina.core.StandardService.startInternal 正在启动服务[Catalina]
26-May-2026 23:00:04.210 信息 [main] org.apache.catalina.core.StandardEngine.startInternal 正在启动 Servlet 引擎：[Apache Tomcat/10.1.52]
26-May-2026 23:00:04.224 信息 [main] org.apache.catalina.startup.HostConfig.deployDescriptor 正在部署部署描述符[D:\creat\property-management\src\main\webapp\conf\Catalina\localhost\webapp.xml]。
26-May-2026 23:00:04.991 信息 [main] org.apache.jasper.servlet.TldScanner.scanJars 至少有一个JAR被扫描用于TLD但尚未包含TLD。 为此记录器启用调试日志记录，以获取已扫描但未在其中找到TLD的完整JAR列表。 在扫描期间跳过不需要的JAR可以缩短启动时间和JSP编译时间。
26-May-2026 23:00:05.039 警告 [main] org.apache.catalina.filters.FilterBase.init 未为[org.apache.catalina.filters.SetCharacterEncodingFilter]类型的筛选器定义属性[forceEncoding]
26-May-2026 23:00:05.050 信息 [main] org.apache.catalina.startup.HostConfig.deployDescriptor 部署描述符[D:\creat\property-management\src\main\webapp\conf\Catalina\localhost\webapp.xml]的部署已在[824]ms内完成
26-May-2026 23:00:05.053 信息 [main] org.apache.coyote.AbstractProtocol.start 开始协议处理句柄["http-nio-8080"]
26-May-2026 23:00:05.070 信息 [main] org.apache.catalina.startup.Catalina.start [906]毫秒后服务器启动
26-May-2026 23:05:48.178 信息 [Thread-1] org.apache.coyote.AbstractProtocol.pause 暂停ProtocolHandler["http-nio-8080"]
26-May-2026 23:05:48.181 信息 [Thread-1] org.apache.catalina.core.StandardService.stopInternal 正在停止服务[Catalina]
26-May-2026 23:05:48.184 警告 [Thread-1] org.apache.catalina.loader.WebappClassLoaderBase.clearReferencesJdbc Web应用程序 [webapp] 注册了JDBC驱动程序 [com.microsoft.sqlserver.jdbc.SQLServerDriver]，但在Web应用程序停止时无法注销它。 为防止内存泄漏，JDBC驱动程序已被强制取消注册。
26-May-2026 23:05:48.185 严重 [Thread-1] org.apache.catalina.loader.WebappClassLoaderBase.checkThreadLocalMapForLeaks web应用程序[webapp]创建了一个ThreadLocal，其键类型为[java.lang.ThreadLocal]（值为[java.lang.ThreadLocal@124c40d2]），值类型为[com.microsoft.sqlserver.jdbc.SQLServerConnection43]（值为[ConnectionID:44 ClientConnectionId: e234636a-3c2f-4b2b-8eac-af77c13dba81），但在停止web应用程序时未能将其删除。线程将随着时间的推移而更新，以尝试避免可能的内存泄漏
26-May-2026 23:05:48.185 严重 [Thread-1] org.apache.catalina.loader.WebappClassLoaderBase.checkThreadLocalMapForLeaks web应用程序[webapp]创建了一个ThreadLocal，其键类型为[java.lang.ThreadLocal]（值为[java.lang.ThreadLocal@124c40d2]），值类型为[com.microsoft.sqlserver.jdbc.SQLServerConnection43]（值为[ConnectionID:43 ClientConnectionId: da47a7d8-fdaf-4800-811c-be8d13d49a62），但在停止web应用程序时未能将其删除。线程将随着时间的推移而更新，以尝试避免可能的内存泄漏
26-May-2026 23:05:48.186 严重 [Thread-1] org.apache.catalina.loader.WebappClassLoaderBase.checkThreadLocalMapForLeaks web应用程序[webapp]创建了一个ThreadLocal，其键类型为[java.lang.ThreadLocal]（值为[java.lang.ThreadLocal@124c40d2]），值类型为[com.microsoft.sqlserver.jdbc.SQLServerConnection43]（值为[ConnectionID:34 ClientConnectionId: d33798eb-7c28-4233-be03-83c51cc5dbde），但在停止web应用程序时未能将其删除。线程将随着时间的推移而更新，以尝试避免可能的内存泄漏
26-May-2026 23:05:48.186 严重 [Thread-1] org.apache.catalina.loader.WebappClassLoaderBase.checkThreadLocalMapForLeaks web应用程序[webapp]创建了一个ThreadLocal，其键类型为[java.lang.ThreadLocal]（值为[java.lang.ThreadLocal@124c40d2]），值类型为[com.microsoft.sqlserver.jdbc.SQLServerConnection43]（值为[ConnectionID:35 ClientConnectionId: 4ff9dd6b-e95d-44fd-b7d7-903ec4e9fb7d），但在停止web应用程序时未能将其删除。线程将随着时间的推移而更新，以尝试避免可能的内存泄漏
26-May-2026 23:05:48.186 严重 [Thread-1] org.apache.catalina.loader.WebappClassLoaderBase.checkThreadLocalMapForLeaks web应用程序[webapp]创建了一个ThreadLocal，其键类型为[java.lang.ThreadLocal]（值为[java.lang.ThreadLocal@124c40d2]），值类型为[com.microsoft.sqlserver.jdbc.SQLServerConnection43]（值为[ConnectionID:39 ClientConnectionId: fa4ea11b-c177-405c-b0db-379dc42e0c92），但在停止web应用程序时未能将其删除。线程将随着时间的推移而更新，以尝试避免可能的内存泄漏
26-May-2026 23:05:48.186 严重 [Thread-1] org.apache.catalina.loader.WebappClassLoaderBase.checkThreadLocalMapForLeaks web应用程序[webapp]创建了一个ThreadLocal，其键类型为[java.lang.ThreadLocal]（值为[java.lang.ThreadLocal@124c40d2]），值类型为[com.microsoft.sqlserver.jdbc.SQLServerConnection43]（值为[ConnectionID:21 ClientConnectionId: 84186dcd-772d-4d96-b956-69fed1a4342b），但在停止web应用程序时未能将其删除。线程将随着时间的推移而更新，以尝试避免可能的内存泄漏
26-May-2026 23:05:48.186 严重 [Thread-1] org.apache.catalina.loader.WebappClassLoaderBase.checkThreadLocalMapForLeaks web应用程序[webapp]创建了一个ThreadLocal，其键类型为[java.lang.ThreadLocal]（值为[java.lang.ThreadLocal@124c40d2]），值类型为[com.microsoft.sqlserver.jdbc.SQLServerConnection43]（值为[ConnectionID:32 ClientConnectionId: 50138dd8-a33b-4e9a-8e55-53a0dd2d45c1），但在停止web应用程序时未能将其删除。线程将随着时间的推移而更新，以尝试避免可能的内存泄漏
26-May-2026 23:05:48.186 严重 [Thread-1] org.apache.catalina.loader.WebappClassLoaderBase.checkThreadLocalMapForLeaks web应用程序[webapp]创建了一个ThreadLocal，其键类型为[java.lang.ThreadLocal]（值为[java.lang.ThreadLocal@124c40d2]），值类型为[com.microsoft.sqlserver.jdbc.SQLServerConnection43]（值为[ConnectionID:41 ClientConnectionId: ae784335-02eb-48d5-b92e-515873edc970），但在停止web应用程序时未能将其删除。线程将随着时间的推移而更新，以尝试避免可能的内存泄漏
26-May-2026 23:05:48.186 严重 [Thread-1] org.apache.catalina.loader.WebappClassLoaderBase.checkThreadLocalMapForLeaks web应用程序[webapp]创建了一个ThreadLocal，其键类型为[java.lang.ThreadLocal]（值为[java.lang.ThreadLocal@124c40d2]），值类型为[com.microsoft.sqlserver.jdbc.SQLServerConnection43]（值为[ConnectionID:28 ClientConnectionId: 64e76107-f7b9-483b-94f9-49b02010e81d），但在停止web应用程序时未能将其删除。线程将随着时间的推移而更新，以尝试避免可能的内存泄漏
26-May-2026 23:05:48.190 信息 [Thread-1] org.apache.coyote.AbstractProtocol.stop 正在停止ProtocolHandler ["http-nio-8080"]
26-May-2026 23:05:48.192 信息 [Thread-1] org.apache.coyote.AbstractProtocol.destroy 正在销毁协议处理器 ["http-nio-8080"]
26-May-2026 23:05:49.821 信息 [main] org.apache.catalina.startup.VersionLoggerListener.log Server.服务器版本: Apache Tomcat/10.1.52
26-May-2026 23:05:49.824 信息 [main] org.apache.catalina.startup.VersionLoggerListener.log 服务器构建:        Jan 23 2026 19:29:07 UTC
26-May-2026 23:05:49.824 信息 [main] org.apache.catalina.startup.VersionLoggerListener.log 服务器版本号:      10.1.52.0
26-May-2026 23:05:49.825 信息 [main] org.apache.catalina.startup.VersionLoggerListener.log 操作系统名称:      Windows 11
26-May-2026 23:05:49.825 信息 [main] org.apache.catalina.startup.VersionLoggerListener.log OS.版本:           10.0
26-May-2026 23:05:49.825 信息 [main] org.apache.catalina.startup.VersionLoggerListener.log 架构:              amd64
26-May-2026 23:05:49.825 信息 [main] org.apache.catalina.startup.VersionLoggerListener.log Java 环境变量:     C:\Program Files\Java\jdk-21
26-May-2026 23:05:49.825 信息 [main] org.apache.catalina.startup.VersionLoggerListener.log Java虚拟机版本:    21.0.6+8-LTS-188
26-May-2026 23:05:49.825 信息 [main] org.apache.catalina.startup.VersionLoggerListener.log JVM.供应商:        Oracle Corporation
26-May-2026 23:05:49.825 信息 [main] org.apache.catalina.startup.VersionLoggerListener.log CATALINA_BASE:     D:\creat\property-management\src\main\webapp
26-May-2026 23:05:49.826 信息 [main] org.apache.catalina.startup.VersionLoggerListener.log CATALINA_HOME:     D:\apache-tomcat-10.1.52
26-May-2026 23:05:49.831 信息 [main] org.apache.catalina.startup.VersionLoggerListener.log 命令行参数：       --add-opens=java.base/java.lang=ALL-UNNAMED
26-May-2026 23:05:49.831 信息 [main] org.apache.catalina.startup.VersionLoggerListener.log 命令行参数：       --add-opens=java.base/java.io=ALL-UNNAMED
26-May-2026 23:05:49.831 信息 [main] org.apache.catalina.startup.VersionLoggerListener.log 命令行参数：       --add-opens=java.base/java.util=ALL-UNNAMED
26-May-2026 23:05:49.831 信息 [main] org.apache.catalina.startup.VersionLoggerListener.log 命令行参数：       --add-opens=java.base/java.util.concurrent=ALL-UNNAMED
26-May-2026 23:05:49.831 信息 [main] org.apache.catalina.startup.VersionLoggerListener.log 命令行参数：       --add-opens=java.rmi/sun.rmi.transport=ALL-UNNAMED
26-May-2026 23:05:49.831 信息 [main] org.apache.catalina.startup.VersionLoggerListener.log 命令行参数：       -Dcatalina.home=D:\apache-tomcat-10.1.52
26-May-2026 23:05:49.831 信息 [main] org.apache.catalina.startup.VersionLoggerListener.log 命令行参数：       -Dcatalina.base=D:\creat\property-management\src\main\webapp
26-May-2026 23:05:49.832 信息 [main] org.apache.catalina.startup.VersionLoggerListener.log 命令行参数：       -Djava.io.tmpdir=D:\creat\property-management\src\main\webapp\temp
26-May-2026 23:05:49.832 信息 [main] org.apache.catalina.startup.VersionLoggerListener.log 命令行参数：       -Djava.util.logging.config.file=D:\creat\property-management\src\main\webapp\conf\logging.properties
26-May-2026 23:05:49.832 信息 [main] org.apache.catalina.startup.VersionLoggerListener.log 命令行参数：       -Djava.util.logging.manager=org.apache.juli.ClassLoaderLogManager
26-May-2026 23:05:49.832 信息 [main] org.apache.catalina.startup.VersionLoggerListener.log 命令行参数：       -javaagent:C:\Program Files\JetBrains\IntelliJ IDEA Community Edition 2024.3\lib\idea_rt.jar=1603:C:\Program Files\JetBrains\IntelliJ IDEA Community Edition 2024.3\bin
26-May-2026 23:05:49.832 信息 [main] org.apache.catalina.startup.VersionLoggerListener.log 命令行参数：       -Dfile.encoding=UTF-8
26-May-2026 23:05:49.832 信息 [main] org.apache.catalina.startup.VersionLoggerListener.log 命令行参数：       -Dsun.stdout.encoding=UTF-8
26-May-2026 23:05:49.832 信息 [main] org.apache.catalina.startup.VersionLoggerListener.log 命令行参数：       -Dsun.stderr.encoding=UTF-8
26-May-2026 23:05:49.839 信息 [main] org.apache.catalina.core.AprLifecycleListener.lifecycleEvent 在java.library.path:[C:\Program Files\Java\jdk-21\bin;C:\WINDOWS\Sun\Java\bin;C:\WINDOWS\system32;C:\WINDOWS;C:\Program Files (x86)\VMware\VMware Workstation\bin\;$env:PATH;C:\MinGW\bin;C:\Program Files\NVIDIA Corporation\NVIDIA App\NvDLISR;C:\Program Files\dotnet\;C:\Program Files\nodejs\;C:\Program Files\Git LFS;C:\Windows\System32;C:\Windows;C:\Windows\System32\WindowsPowerShell\v1.0;C:\Program Files (x86)\Microsoft SQL Server\170\Tools\Binn\;C:\Program Files\Microsoft SQL Server\170\Tools\Binn\;C:\Program Files\Microsoft SQL Server\Client SDK\ODBC\180\Tools\Binn\;C:\Program Files\Microsoft SQL Server\170\DTS\Binn\;D:\rational rose\common;C:\tools\deepseek;C:\Program Files\GitHub CLI\;C:\Users\links\.mavis\bin;C:\Users\links\AppData\Local\Microsoft\WindowsApps;C:\Users\links\.dotnet\tools;D:\cursor\resources\app\bin;D:\Microsoft VS Code\bin;C:\MinGW\bin;C:\Users\links\AppData\Roaming\npm;C:\Users\links\AppData\Roaming\npm\bin;C:\Program Files\Git\cmd;C:\Program Files\Git\bin;C:\Program Files\Java\jdk-17\bin;C:\Users\links\AppData\Local\Python\bin;.]上找不到基于APR的Apache Tomcat本机库，该库允许在生产环境中获得最佳性能
26-May-2026 23:05:49.996 信息 [main] org.apache.coyote.AbstractProtocol.init 初始化协议处理器 ["http-nio-8080"]
26-May-2026 23:05:50.006 信息 [main] org.apache.catalina.startup.Catalina.load 服务器在[308]毫秒内初始化
26-May-2026 23:05:50.048 信息 [main] org.apache.catalina.core.StandardService.startInternal 正在启动服务[Catalina]
26-May-2026 23:05:50.048 信息 [main] org.apache.catalina.core.StandardEngine.startInternal 正在启动 Servlet 引擎：[Apache Tomcat/10.1.52]
26-May-2026 23:05:50.055 信息 [main] org.apache.catalina.startup.HostConfig.deployDescriptor 正在部署部署描述符[D:\creat\property-management\src\main\webapp\conf\Catalina\localhost\webapp.xml]。
26-May-2026 23:05:50.841 信息 [main] org.apache.jasper.servlet.TldScanner.scanJars 至少有一个JAR被扫描用于TLD但尚未包含TLD。 为此记录器启用调试日志记录，以获取已扫描但未在其中找到TLD的完整JAR列表。 在扫描期间跳过不需要的JAR可以缩短启动时间和JSP编译时间。
26-May-2026 23:05:50.895 警告 [main] org.apache.catalina.filters.FilterBase.init 未为[org.apache.catalina.filters.SetCharacterEncodingFilter]类型的筛选器定义属性[forceEncoding]
26-May-2026 23:05:50.905 信息 [main] org.apache.catalina.startup.HostConfig.deployDescriptor 部署描述符[D:\creat\property-management\src\main\webapp\conf\Catalina\localhost\webapp.xml]的部署已在[850]ms内完成
26-May-2026 23:05:50.910 信息 [main] org.apache.coyote.AbstractProtocol.start 开始协议处理句柄["http-nio-8080"]
26-May-2026 23:05:50.926 信息 [main] org.apache.catalina.startup.Catalina.start [918]毫秒后服务器启动
26-May-2026 23:08:25.999 信息 [Thread-1] org.apache.coyote.AbstractProtocol.pause 暂停ProtocolHandler["http-nio-8080"]
26-May-2026 23:08:26.002 信息 [Thread-1] org.apache.catalina.core.StandardService.stopInternal 正在停止服务[Catalina]
26-May-2026 23:08:26.005 警告 [Thread-1] org.apache.catalina.loader.WebappClassLoaderBase.clearReferencesJdbc Web应用程序 [webapp] 注册了JDBC驱动程序 [com.microsoft.sqlserver.jdbc.SQLServerDriver]，但在Web应用程序停止时无法注销它。 为防止内存泄漏，JDBC驱动程序已被强制取消注册。
26-May-2026 23:08:26.006 严重 [Thread-1] org.apache.catalina.loader.WebappClassLoaderBase.checkThreadLocalMapForLeaks web应用程序[webapp]创建了一个ThreadLocal，其键类型为[java.lang.ThreadLocal]（值为[java.lang.ThreadLocal@47611ba9]），值类型为[com.microsoft.sqlserver.jdbc.SQLServerConnection43]（值为[ConnectionID:2 ClientConnectionId: 7691dc53-d62c-4767-af0a-78b2ff85cf5a），但在停止web应用程序时未能将其删除。线程将随着时间的推移而更新，以尝试避免可能的内存泄漏
26-May-2026 23:08:26.006 严重 [Thread-1] org.apache.catalina.loader.WebappClassLoaderBase.checkThreadLocalMapForLeaks web应用程序[webapp]创建了一个ThreadLocal，其键类型为[java.lang.ThreadLocal]（值为[java.lang.ThreadLocal@47611ba9]），值类型为[com.microsoft.sqlserver.jdbc.SQLServerConnection43]（值为[ConnectionID:7 ClientConnectionId: 06a188f6-9743-4a02-a346-cde966266e52），但在停止web应用程序时未能将其删除。线程将随着时间的推移而更新，以尝试避免可能的内存泄漏
26-May-2026 23:08:26.007 严重 [Thread-1] org.apache.catalina.loader.WebappClassLoaderBase.checkThreadLocalMapForLeaks web应用程序[webapp]创建了一个ThreadLocal，其键类型为[java.lang.ThreadLocal]（值为[java.lang.ThreadLocal@47611ba9]），值类型为[com.microsoft.sqlserver.jdbc.SQLServerConnection43]（值为[ConnectionID:5 ClientConnectionId: 0c3133bd-43e3-47d1-aa6d-bbd4d3db06d1），但在停止web应用程序时未能将其删除。线程将随着时间的推移而更新，以尝试避免可能的内存泄漏
26-May-2026 23:08:26.007 严重 [Thread-1] org.apache.catalina.loader.WebappClassLoaderBase.checkThreadLocalMapForLeaks web应用程序[webapp]创建了一个ThreadLocal，其键类型为[java.lang.ThreadLocal]（值为[java.lang.ThreadLocal@47611ba9]），值类型为[com.microsoft.sqlserver.jdbc.SQLServerConnection43]（值为[ConnectionID:4 ClientConnectionId: 2c1f515f-7bbe-4e6a-969b-e0a150612abd），但在停止web应用程序时未能将其删除。线程将随着时间的推移而更新，以尝试避免可能的内存泄漏
26-May-2026 23:08:26.007 严重 [Thread-1] org.apache.catalina.loader.WebappClassLoaderBase.checkThreadLocalMapForLeaks web应用程序[webapp]创建了一个ThreadLocal，其键类型为[java.lang.ThreadLocal]（值为[java.lang.ThreadLocal@47611ba9]），值类型为[com.microsoft.sqlserver.jdbc.SQLServerConnection43]（值为[ConnectionID:8 ClientConnectionId: f32ac2e5-f8d7-4efd-bff1-12fadbeeaa33），但在停止web应用程序时未能将其删除。线程将随着时间的推移而更新，以尝试避免可能的内存泄漏
26-May-2026 23:08:26.007 严重 [Thread-1] org.apache.catalina.loader.WebappClassLoaderBase.checkThreadLocalMapForLeaks web应用程序[webapp]创建了一个ThreadLocal，其键类型为[java.lang.ThreadLocal]（值为[java.lang.ThreadLocal@47611ba9]），值类型为[com.microsoft.sqlserver.jdbc.SQLServerConnection43]（值为[ConnectionID:9 ClientConnectionId: 2cd96d7d-10fd-4b1d-b7d8-3e9a85191c89），但在停止web应用程序时未能将其删除。线程将随着时间的推移而更新，以尝试避免可能的内存泄漏
26-May-2026 23:08:26.007 严重 [Thread-1] org.apache.catalina.loader.WebappClassLoaderBase.checkThreadLocalMapForLeaks web应用程序[webapp]创建了一个ThreadLocal，其键类型为[java.lang.ThreadLocal]（值为[java.lang.ThreadLocal@47611ba9]），值类型为[com.microsoft.sqlserver.jdbc.SQLServerConnection43]（值为[ConnectionID:11 ClientConnectionId: 0c8dadde-6c19-408f-bedb-0225e3771fad），但在停止web应用程序时未能将其删除。线程将随着时间的推移而更新，以尝试避免可能的内存泄漏
26-May-2026 23:08:26.009 信息 [Thread-1] org.apache.coyote.AbstractProtocol.stop 正在停止ProtocolHandler ["http-nio-8080"]
26-May-2026 23:08:26.013 信息 [Thread-1] org.apache.coyote.AbstractProtocol.destroy 正在销毁协议处理器 ["http-nio-8080"]
26-May-2026 23:08:27.027 信息 [main] org.apache.catalina.startup.VersionLoggerListener.log Server.服务器版本: Apache Tomcat/10.1.52
26-May-2026 23:08:27.031 信息 [main] org.apache.catalina.startup.VersionLoggerListener.log 服务器构建:        Jan 23 2026 19:29:07 UTC
26-May-2026 23:08:27.031 信息 [main] org.apache.catalina.startup.VersionLoggerListener.log 服务器版本号:      10.1.52.0
26-May-2026 23:08:27.031 信息 [main] org.apache.catalina.startup.VersionLoggerListener.log 操作系统名称:      Windows 11
26-May-2026 23:08:27.032 信息 [main] org.apache.catalina.startup.VersionLoggerListener.log OS.版本:           10.0
26-May-2026 23:08:27.032 信息 [main] org.apache.catalina.startup.VersionLoggerListener.log 架构:              amd64
26-May-2026 23:08:27.032 信息 [main] org.apache.catalina.startup.VersionLoggerListener.log Java 环境变量:     C:\Program Files\Java\jdk-21
26-May-2026 23:08:27.032 信息 [main] org.apache.catalina.startup.VersionLoggerListener.log Java虚拟机版本:    21.0.6+8-LTS-188
26-May-2026 23:08:27.032 信息 [main] org.apache.catalina.startup.VersionLoggerListener.log JVM.供应商:        Oracle Corporation
26-May-2026 23:08:27.032 信息 [main] org.apache.catalina.startup.VersionLoggerListener.log CATALINA_BASE:     D:\creat\property-management\src\main\webapp
26-May-2026 23:08:27.032 信息 [main] org.apache.catalina.startup.VersionLoggerListener.log CATALINA_HOME:     D:\apache-tomcat-10.1.52
26-May-2026 23:08:27.040 信息 [main] org.apache.catalina.startup.VersionLoggerListener.log 命令行参数：       --add-opens=java.base/java.lang=ALL-UNNAMED
26-May-2026 23:08:27.040 信息 [main] org.apache.catalina.startup.VersionLoggerListener.log 命令行参数：       --add-opens=java.base/java.io=ALL-UNNAMED
26-May-2026 23:08:27.040 信息 [main] org.apache.catalina.startup.VersionLoggerListener.log 命令行参数：       --add-opens=java.base/java.util=ALL-UNNAMED
26-May-2026 23:08:27.040 信息 [main] org.apache.catalina.startup.VersionLoggerListener.log 命令行参数：       --add-opens=java.base/java.util.concurrent=ALL-UNNAMED
26-May-2026 23:08:27.040 信息 [main] org.apache.catalina.startup.VersionLoggerListener.log 命令行参数：       --add-opens=java.rmi/sun.rmi.transport=ALL-UNNAMED
26-May-2026 23:08:27.040 信息 [main] org.apache.catalina.startup.VersionLoggerListener.log 命令行参数：       -Dcatalina.home=D:\apache-tomcat-10.1.52
26-May-2026 23:08:27.040 信息 [main] org.apache.catalina.startup.VersionLoggerListener.log 命令行参数：       -Dcatalina.base=D:\creat\property-management\src\main\webapp
26-May-2026 23:08:27.040 信息 [main] org.apache.catalina.startup.VersionLoggerListener.log 命令行参数：       -Djava.io.tmpdir=D:\creat\property-management\src\main\webapp\temp
26-May-2026 23:08:27.040 信息 [main] org.apache.catalina.startup.VersionLoggerListener.log 命令行参数：       -Djava.util.logging.config.file=D:\creat\property-management\src\main\webapp\conf\logging.properties
26-May-2026 23:08:27.040 信息 [main] org.apache.catalina.startup.VersionLoggerListener.log 命令行参数：       -Djava.util.logging.manager=org.apache.juli.ClassLoaderLogManager
26-May-2026 23:08:27.040 信息 [main] org.apache.catalina.startup.VersionLoggerListener.log 命令行参数：       -javaagent:C:\Program Files\JetBrains\IntelliJ IDEA Community Edition 2024.3\lib\idea_rt.jar=10287:C:\Program Files\JetBrains\IntelliJ IDEA Community Edition 2024.3\bin
26-May-2026 23:08:27.041 信息 [main] org.apache.catalina.startup.VersionLoggerListener.log 命令行参数：       -Dfile.encoding=UTF-8
26-May-2026 23:08:27.041 信息 [main] org.apache.catalina.startup.VersionLoggerListener.log 命令行参数：       -Dsun.stdout.encoding=UTF-8
26-May-2026 23:08:27.041 信息 [main] org.apache.catalina.startup.VersionLoggerListener.log 命令行参数：       -Dsun.stderr.encoding=UTF-8
26-May-2026 23:08:27.054 信息 [main] org.apache.catalina.core.AprLifecycleListener.lifecycleEvent 在java.library.path:[C:\Program Files\Java\jdk-21\bin;C:\WINDOWS\Sun\Java\bin;C:\WINDOWS\system32;C:\WINDOWS;C:\Program Files (x86)\VMware\VMware Workstation\bin\;$env:PATH;C:\MinGW\bin;C:\Program Files\NVIDIA Corporation\NVIDIA App\NvDLISR;C:\Program Files\dotnet\;C:\Program Files\nodejs\;C:\Program Files\Git LFS;C:\Windows\System32;C:\Windows;C:\Windows\System32\WindowsPowerShell\v1.0;C:\Program Files (x86)\Microsoft SQL Server\170\Tools\Binn\;C:\Program Files\Microsoft SQL Server\170\Tools\Binn\;C:\Program Files\Microsoft SQL Server\Client SDK\ODBC\180\Tools\Binn\;C:\Program Files\Microsoft SQL Server\170\DTS\Binn\;D:\rational rose\common;C:\tools\deepseek;C:\Program Files\GitHub CLI\;C:\Users\links\.mavis\bin;C:\Users\links\AppData\Local\Microsoft\WindowsApps;C:\Users\links\.dotnet\tools;D:\cursor\resources\app\bin;D:\Microsoft VS Code\bin;C:\MinGW\bin;C:\Users\links\AppData\Roaming\npm;C:\Users\links\AppData\Roaming\npm\bin;C:\Program Files\Git\cmd;C:\Program Files\Git\bin;C:\Program Files\Java\jdk-17\bin;C:\Users\links\AppData\Local\Python\bin;.]上找不到基于APR的Apache Tomcat本机库，该库允许在生产环境中获得最佳性能
26-May-2026 23:08:27.254 信息 [main] org.apache.coyote.AbstractProtocol.init 初始化协议处理器 ["http-nio-8080"]
26-May-2026 23:08:27.278 信息 [main] org.apache.catalina.startup.Catalina.load 服务器在[386]毫秒内初始化
26-May-2026 23:08:27.327 信息 [main] org.apache.catalina.core.StandardService.startInternal 正在启动服务[Catalina]
26-May-2026 23:08:27.327 信息 [main] org.apache.catalina.core.StandardEngine.startInternal 正在启动 Servlet 引擎：[Apache Tomcat/10.1.52]
26-May-2026 23:08:27.332 信息 [main] org.apache.catalina.startup.HostConfig.deployDescriptor 正在部署部署描述符[D:\creat\property-management\src\main\webapp\conf\Catalina\localhost\webapp.xml]。
26-May-2026 23:08:28.092 信息 [main] org.apache.jasper.servlet.TldScanner.scanJars 至少有一个JAR被扫描用于TLD但尚未包含TLD。 为此记录器启用调试日志记录，以获取已扫描但未在其中找到TLD的完整JAR列表。 在扫描期间跳过不需要的JAR可以缩短启动时间和JSP编译时间。
26-May-2026 23:08:28.141 警告 [main] org.apache.catalina.filters.FilterBase.init 未为[org.apache.catalina.filters.SetCharacterEncodingFilter]类型的筛选器定义属性[forceEncoding]
26-May-2026 23:08:28.153 信息 [main] org.apache.catalina.startup.HostConfig.deployDescriptor 部署描述符[D:\creat\property-management\src\main\webapp\conf\Catalina\localhost\webapp.xml]的部署已在[821]ms内完成
26-May-2026 23:08:28.158 信息 [main] org.apache.coyote.AbstractProtocol.start 开始协议处理句柄["http-nio-8080"]
26-May-2026 23:08:28.171 信息 [main] org.apache.catalina.startup.Catalina.start [894]毫秒后服务器启动
26-May-2026 23:23:03.867 信息 [Thread-1] org.apache.coyote.AbstractProtocol.pause 暂停ProtocolHandler["http-nio-8080"]
26-May-2026 23:23:03.869 信息 [Thread-1] org.apache.catalina.core.StandardService.stopInternal 正在停止服务[Catalina]
26-May-2026 23:23:03.872 警告 [Thread-1] org.apache.catalina.loader.WebappClassLoaderBase.clearReferencesJdbc Web应用程序 [webapp] 注册了JDBC驱动程序 [com.microsoft.sqlserver.jdbc.SQLServerDriver]，但在Web应用程序停止时无法注销它。 为防止内存泄漏，JDBC驱动程序已被强制取消注册。
26-May-2026 23:23:03.874 严重 [Thread-1] org.apache.catalina.loader.WebappClassLoaderBase.checkThreadLocalMapForLeaks web应用程序[webapp]创建了一个ThreadLocal，其键类型为[java.lang.ThreadLocal]（值为[java.lang.ThreadLocal@2c1dc856]），值类型为[com.microsoft.sqlserver.jdbc.SQLServerConnection43]（值为[ConnectionID:69 ClientConnectionId: 4ed545e0-4fd6-4ae3-9958-4d5a18f7fe6b），但在停止web应用程序时未能将其删除。线程将随着时间的推移而更新，以尝试避免可能的内存泄漏
26-May-2026 23:23:03.874 严重 [Thread-1] org.apache.catalina.loader.WebappClassLoaderBase.checkThreadLocalMapForLeaks web应用程序[webapp]创建了一个ThreadLocal，其键类型为[java.lang.ThreadLocal]（值为[java.lang.ThreadLocal@2c1dc856]），值类型为[com.microsoft.sqlserver.jdbc.SQLServerConnection43]（值为[ConnectionID:70 ClientConnectionId: 9ccfd0d1-bee5-4b9e-9974-dd513399b9b7），但在停止web应用程序时未能将其删除。线程将随着时间的推移而更新，以尝试避免可能的内存泄漏
26-May-2026 23:23:03.874 严重 [Thread-1] org.apache.catalina.loader.WebappClassLoaderBase.checkThreadLocalMapForLeaks web应用程序[webapp]创建了一个ThreadLocal，其键类型为[java.lang.ThreadLocal]（值为[java.lang.ThreadLocal@2c1dc856]），值类型为[com.microsoft.sqlserver.jdbc.SQLServerConnection43]（值为[ConnectionID:79 ClientConnectionId: 54f5fc22-e0e2-4f43-abf7-638cb3999210），但在停止web应用程序时未能将其删除。线程将随着时间的推移而更新，以尝试避免可能的内存泄漏
26-May-2026 23:23:03.874 严重 [Thread-1] org.apache.catalina.loader.WebappClassLoaderBase.checkThreadLocalMapForLeaks web应用程序[webapp]创建了一个ThreadLocal，其键类型为[java.lang.ThreadLocal]（值为[java.lang.ThreadLocal@2c1dc856]），值类型为[com.microsoft.sqlserver.jdbc.SQLServerConnection43]（值为[ConnectionID:77 ClientConnectionId: 08d5cb25-b7a6-4687-91b6-d33cc12ccc81），但在停止web应用程序时未能将其删除。线程将随着时间的推移而更新，以尝试避免可能的内存泄漏
26-May-2026 23:23:03.874 严重 [Thread-1] org.apache.catalina.loader.WebappClassLoaderBase.checkThreadLocalMapForLeaks web应用程序[webapp]创建了一个ThreadLocal，其键类型为[java.lang.ThreadLocal]（值为[java.lang.ThreadLocal@2c1dc856]），值类型为[com.microsoft.sqlserver.jdbc.SQLServerConnection43]（值为[ConnectionID:61 ClientConnectionId: 272ce121-e1c2-45f8-90bf-c52cc19fceb9），但在停止web应用程序时未能将其删除。线程将随着时间的推移而更新，以尝试避免可能的内存泄漏
26-May-2026 23:23:03.874 严重 [Thread-1] org.apache.catalina.loader.WebappClassLoaderBase.checkThreadLocalMapForLeaks web应用程序[webapp]创建了一个ThreadLocal，其键类型为[java.lang.ThreadLocal]（值为[java.lang.ThreadLocal@2c1dc856]），值类型为[com.microsoft.sqlserver.jdbc.SQLServerConnection43]（值为[ConnectionID:80 ClientConnectionId: e619d7e1-00fb-41dd-b058-d4318a3cbe92），但在停止web应用程序时未能将其删除。线程将随着时间的推移而更新，以尝试避免可能的内存泄漏
26-May-2026 23:23:03.876 严重 [Thread-1] org.apache.catalina.loader.WebappClassLoaderBase.checkThreadLocalMapForLeaks web应用程序[webapp]创建了一个ThreadLocal，其键类型为[java.lang.ThreadLocal]（值为[java.lang.ThreadLocal@2c1dc856]），值类型为[com.microsoft.sqlserver.jdbc.SQLServerConnection43]（值为[ConnectionID:82 ClientConnectionId: b455fb74-9bc7-48fa-b832-f8fd440bbb41），但在停止web应用程序时未能将其删除。线程将随着时间的推移而更新，以尝试避免可能的内存泄漏
26-May-2026 23:23:03.876 严重 [Thread-1] org.apache.catalina.loader.WebappClassLoaderBase.checkThreadLocalMapForLeaks web应用程序[webapp]创建了一个ThreadLocal，其键类型为[java.lang.ThreadLocal]（值为[java.lang.ThreadLocal@2c1dc856]），值类型为[com.microsoft.sqlserver.jdbc.SQLServerConnection43]（值为[ConnectionID:84 ClientConnectionId: f1cfa25e-7dba-4f06-9847-3903da1f16c9），但在停止web应用程序时未能将其删除。线程将随着时间的推移而更新，以尝试避免可能的内存泄漏
26-May-2026 23:23:03.876 严重 [Thread-1] org.apache.catalina.loader.WebappClassLoaderBase.checkThreadLocalMapForLeaks web应用程序[webapp]创建了一个ThreadLocal，其键类型为[java.lang.ThreadLocal]（值为[java.lang.ThreadLocal@2c1dc856]），值类型为[com.microsoft.sqlserver.jdbc.SQLServerConnection43]（值为[ConnectionID:83 ClientConnectionId: 1d116ce3-3999-464a-b8c7-88fbad18fab6），但在停止web应用程序时未能将其删除。线程将随着时间的推移而更新，以尝试避免可能的内存泄漏
26-May-2026 23:23:03.877 严重 [Thread-1] org.apache.catalina.loader.WebappClassLoaderBase.checkThreadLocalMapForLeaks web应用程序[webapp]创建了一个ThreadLocal，其键类型为[java.lang.ThreadLocal]（值为[java.lang.ThreadLocal@2c1dc856]），值类型为[com.microsoft.sqlserver.jdbc.SQLServerConnection43]（值为[ConnectionID:87 ClientConnectionId: d02128a6-c87e-40e4-8a28-dd9d5a0e42a1），但在停止web应用程序时未能将其删除。线程将随着时间的推移而更新，以尝试避免可能的内存泄漏
26-May-2026 23:23:03.879 信息 [Thread-1] org.apache.coyote.AbstractProtocol.stop 正在停止ProtocolHandler ["http-nio-8080"]
26-May-2026 23:23:03.882 信息 [Thread-1] org.apache.coyote.AbstractProtocol.destroy 正在销毁协议处理器 ["http-nio-8080"]
26-May-2026 23:23:05.392 信息 [main] org.apache.catalina.startup.VersionLoggerListener.log Server.服务器版本: Apache Tomcat/10.1.52
26-May-2026 23:23:05.396 信息 [main] org.apache.catalina.startup.VersionLoggerListener.log 服务器构建:        Jan 23 2026 19:29:07 UTC
26-May-2026 23:23:05.397 信息 [main] org.apache.catalina.startup.VersionLoggerListener.log 服务器版本号:      10.1.52.0
26-May-2026 23:23:05.397 信息 [main] org.apache.catalina.startup.VersionLoggerListener.log 操作系统名称:      Windows 11
26-May-2026 23:23:05.397 信息 [main] org.apache.catalina.startup.VersionLoggerListener.log OS.版本:           10.0
26-May-2026 23:23:05.397 信息 [main] org.apache.catalina.startup.VersionLoggerListener.log 架构:              amd64
26-May-2026 23:23:05.397 信息 [main] org.apache.catalina.startup.VersionLoggerListener.log Java 环境变量:     C:\Program Files\Java\jdk-21
26-May-2026 23:23:05.397 信息 [main] org.apache.catalina.startup.VersionLoggerListener.log Java虚拟机版本:    21.0.6+8-LTS-188
26-May-2026 23:23:05.397 信息 [main] org.apache.catalina.startup.VersionLoggerListener.log JVM.供应商:        Oracle Corporation
26-May-2026 23:23:05.397 信息 [main] org.apache.catalina.startup.VersionLoggerListener.log CATALINA_BASE:     D:\creat\property-management\src\main\webapp
26-May-2026 23:23:05.397 信息 [main] org.apache.catalina.startup.VersionLoggerListener.log CATALINA_HOME:     D:\apache-tomcat-10.1.52
26-May-2026 23:23:05.403 信息 [main] org.apache.catalina.startup.VersionLoggerListener.log 命令行参数：       --add-opens=java.base/java.lang=ALL-UNNAMED
26-May-2026 23:23:05.403 信息 [main] org.apache.catalina.startup.VersionLoggerListener.log 命令行参数：       --add-opens=java.base/java.io=ALL-UNNAMED
26-May-2026 23:23:05.403 信息 [main] org.apache.catalina.startup.VersionLoggerListener.log 命令行参数：       --add-opens=java.base/java.util=ALL-UNNAMED
26-May-2026 23:23:05.403 信息 [main] org.apache.catalina.startup.VersionLoggerListener.log 命令行参数：       --add-opens=java.base/java.util.concurrent=ALL-UNNAMED
26-May-2026 23:23:05.403 信息 [main] org.apache.catalina.startup.VersionLoggerListener.log 命令行参数：       --add-opens=java.rmi/sun.rmi.transport=ALL-UNNAMED
26-May-2026 23:23:05.403 信息 [main] org.apache.catalina.startup.VersionLoggerListener.log 命令行参数：       -Dcatalina.home=D:\apache-tomcat-10.1.52
26-May-2026 23:23:05.404 信息 [main] org.apache.catalina.startup.VersionLoggerListener.log 命令行参数：       -Dcatalina.base=D:\creat\property-management\src\main\webapp
26-May-2026 23:23:05.404 信息 [main] org.apache.catalina.startup.VersionLoggerListener.log 命令行参数：       -Djava.io.tmpdir=D:\creat\property-management\src\main\webapp\temp
26-May-2026 23:23:05.404 信息 [main] org.apache.catalina.startup.VersionLoggerListener.log 命令行参数：       -Djava.util.logging.config.file=D:\creat\property-management\src\main\webapp\conf\logging.properties
26-May-2026 23:23:05.404 信息 [main] org.apache.catalina.startup.VersionLoggerListener.log 命令行参数：       -Djava.util.logging.manager=org.apache.juli.ClassLoaderLogManager
26-May-2026 23:23:05.404 信息 [main] org.apache.catalina.startup.VersionLoggerListener.log 命令行参数：       -javaagent:C:\Program Files\JetBrains\IntelliJ IDEA Community Edition 2024.3\lib\idea_rt.jar=3905:C:\Program Files\JetBrains\IntelliJ IDEA Community Edition 2024.3\bin
26-May-2026 23:23:05.404 信息 [main] org.apache.catalina.startup.VersionLoggerListener.log 命令行参数：       -Dfile.encoding=UTF-8
26-May-2026 23:23:05.405 信息 [main] org.apache.catalina.startup.VersionLoggerListener.log 命令行参数：       -Dsun.stdout.encoding=UTF-8
26-May-2026 23:23:05.405 信息 [main] org.apache.catalina.startup.VersionLoggerListener.log 命令行参数：       -Dsun.stderr.encoding=UTF-8
26-May-2026 23:23:05.410 信息 [main] org.apache.catalina.core.AprLifecycleListener.lifecycleEvent 在java.library.path:[C:\Program Files\Java\jdk-21\bin;C:\WINDOWS\Sun\Java\bin;C:\WINDOWS\system32;C:\WINDOWS;C:\Program Files (x86)\VMware\VMware Workstation\bin\;$env:PATH;C:\MinGW\bin;C:\Program Files\NVIDIA Corporation\NVIDIA App\NvDLISR;C:\Program Files\dotnet\;C:\Program Files\nodejs\;C:\Program Files\Git LFS;C:\Windows\System32;C:\Windows;C:\Windows\System32\WindowsPowerShell\v1.0;C:\Program Files (x86)\Microsoft SQL Server\170\Tools\Binn\;C:\Program Files\Microsoft SQL Server\170\Tools\Binn\;C:\Program Files\Microsoft SQL Server\Client SDK\ODBC\180\Tools\Binn\;C:\Program Files\Microsoft SQL Server\170\DTS\Binn\;D:\rational rose\common;C:\tools\deepseek;C:\Program Files\GitHub CLI\;C:\Users\links\.mavis\bin;C:\Users\links\AppData\Local\Microsoft\WindowsApps;C:\Users\links\.dotnet\tools;D:\cursor\resources\app\bin;D:\Microsoft VS Code\bin;C:\MinGW\bin;C:\Users\links\AppData\Roaming\npm;C:\Users\links\AppData\Roaming\npm\bin;C:\Program Files\Git\cmd;C:\Program Files\Git\bin;C:\Program Files\Java\jdk-17\bin;C:\Users\links\AppData\Local\Python\bin;.]上找不到基于APR的Apache Tomcat本机库，该库允许在生产环境中获得最佳性能
26-May-2026 23:23:05.557 信息 [main] org.apache.coyote.AbstractProtocol.init 初始化协议处理器 ["http-nio-8080"]
26-May-2026 23:23:05.568 信息 [main] org.apache.catalina.startup.Catalina.load 服务器在[294]毫秒内初始化
26-May-2026 23:23:05.600 信息 [main] org.apache.catalina.core.StandardService.startInternal 正在启动服务[Catalina]
26-May-2026 23:23:05.600 信息 [main] org.apache.catalina.core.StandardEngine.startInternal 正在启动 Servlet 引擎：[Apache Tomcat/10.1.52]
26-May-2026 23:23:05.607 信息 [main] org.apache.catalina.startup.HostConfig.deployDescriptor 正在部署部署描述符[D:\creat\property-management\src\main\webapp\conf\Catalina\localhost\webapp.xml]。
26-May-2026 23:23:06.367 信息 [main] org.apache.jasper.servlet.TldScanner.scanJars 至少有一个JAR被扫描用于TLD但尚未包含TLD。 为此记录器启用调试日志记录，以获取已扫描但未在其中找到TLD的完整JAR列表。 在扫描期间跳过不需要的JAR可以缩短启动时间和JSP编译时间。
26-May-2026 23:23:06.418 警告 [main] org.apache.catalina.filters.FilterBase.init 未为[org.apache.catalina.filters.SetCharacterEncodingFilter]类型的筛选器定义属性[forceEncoding]
26-May-2026 23:23:06.431 信息 [main] org.apache.catalina.startup.HostConfig.deployDescriptor 部署描述符[D:\creat\property-management\src\main\webapp\conf\Catalina\localhost\webapp.xml]的部署已在[821]ms内完成
26-May-2026 23:23:06.431 信息 [main] org.apache.coyote.AbstractProtocol.start 开始协议处理句柄["http-nio-8080"]
26-May-2026 23:23:06.447 信息 [main] org.apache.catalina.startup.Catalina.start [879]毫秒后服务器启动
26-May-2026 23:25:56.138 信息 [Thread-1] org.apache.coyote.AbstractProtocol.pause 暂停ProtocolHandler["http-nio-8080"]
26-May-2026 23:25:56.141 信息 [Thread-1] org.apache.catalina.core.StandardService.stopInternal 正在停止服务[Catalina]
26-May-2026 23:25:56.144 警告 [Thread-1] org.apache.catalina.loader.WebappClassLoaderBase.clearReferencesJdbc Web应用程序 [webapp] 注册了JDBC驱动程序 [com.microsoft.sqlserver.jdbc.SQLServerDriver]，但在Web应用程序停止时无法注销它。 为防止内存泄漏，JDBC驱动程序已被强制取消注册。
26-May-2026 23:25:56.145 严重 [Thread-1] org.apache.catalina.loader.WebappClassLoaderBase.checkThreadLocalMapForLeaks web应用程序[webapp]创建了一个ThreadLocal，其键类型为[java.lang.ThreadLocal]（值为[java.lang.ThreadLocal@32f47fcb]），值类型为[com.microsoft.sqlserver.jdbc.SQLServerConnection43]（值为[ConnectionID:27 ClientConnectionId: 06e2d7d6-25ac-4dbf-93d3-6cd5e71da8db），但在停止web应用程序时未能将其删除。线程将随着时间的推移而更新，以尝试避免可能的内存泄漏
26-May-2026 23:25:56.145 严重 [Thread-1] org.apache.catalina.loader.WebappClassLoaderBase.checkThreadLocalMapForLeaks web应用程序[webapp]创建了一个ThreadLocal，其键类型为[java.lang.ThreadLocal]（值为[java.lang.ThreadLocal@32f47fcb]），值类型为[com.microsoft.sqlserver.jdbc.SQLServerConnection43]（值为[ConnectionID:29 ClientConnectionId: f2154fad-b0bc-4d34-af04-7b02de5c8ab3），但在停止web应用程序时未能将其删除。线程将随着时间的推移而更新，以尝试避免可能的内存泄漏
26-May-2026 23:25:56.145 严重 [Thread-1] org.apache.catalina.loader.WebappClassLoaderBase.checkThreadLocalMapForLeaks web应用程序[webapp]创建了一个ThreadLocal，其键类型为[java.lang.ThreadLocal]（值为[java.lang.ThreadLocal@32f47fcb]），值类型为[com.microsoft.sqlserver.jdbc.SQLServerConnection43]（值为[ConnectionID:31 ClientConnectionId: 79199aa0-6b05-4eb0-a31f-650b9ec2ae16），但在停止web应用程序时未能将其删除。线程将随着时间的推移而更新，以尝试避免可能的内存泄漏
26-May-2026 23:25:56.145 严重 [Thread-1] org.apache.catalina.loader.WebappClassLoaderBase.checkThreadLocalMapForLeaks web应用程序[webapp]创建了一个ThreadLocal，其键类型为[java.lang.ThreadLocal]（值为[java.lang.ThreadLocal@32f47fcb]），值类型为[com.microsoft.sqlserver.jdbc.SQLServerConnection43]（值为[ConnectionID:28 ClientConnectionId: 32f6c3d5-4583-4948-9a12-aae4d6744dcc），但在停止web应用程序时未能将其删除。线程将随着时间的推移而更新，以尝试避免可能的内存泄漏
26-May-2026 23:25:56.145 严重 [Thread-1] org.apache.catalina.loader.WebappClassLoaderBase.checkThreadLocalMapForLeaks web应用程序[webapp]创建了一个ThreadLocal，其键类型为[java.lang.ThreadLocal]（值为[java.lang.ThreadLocal@32f47fcb]），值类型为[com.microsoft.sqlserver.jdbc.SQLServerConnection43]（值为[ConnectionID:33 ClientConnectionId: 18fa0b2b-11d3-45a1-9dce-907553b867e2），但在停止web应用程序时未能将其删除。线程将随着时间的推移而更新，以尝试避免可能的内存泄漏
26-May-2026 23:25:56.145 严重 [Thread-1] org.apache.catalina.loader.WebappClassLoaderBase.checkThreadLocalMapForLeaks web应用程序[webapp]创建了一个ThreadLocal，其键类型为[java.lang.ThreadLocal]（值为[java.lang.ThreadLocal@32f47fcb]），值类型为[com.microsoft.sqlserver.jdbc.SQLServerConnection43]（值为[ConnectionID:9 ClientConnectionId: 30e904a0-e082-45db-b949-ed51f5718be3），但在停止web应用程序时未能将其删除。线程将随着时间的推移而更新，以尝试避免可能的内存泄漏
26-May-2026 23:25:56.145 严重 [Thread-1] org.apache.catalina.loader.WebappClassLoaderBase.checkThreadLocalMapForLeaks web应用程序[webapp]创建了一个ThreadLocal，其键类型为[java.lang.ThreadLocal]（值为[java.lang.ThreadLocal@32f47fcb]），值类型为[com.microsoft.sqlserver.jdbc.SQLServerConnection43]（值为[ConnectionID:11 ClientConnectionId: a2cba85a-3d9d-44ef-a4bf-607fd882d638），但在停止web应用程序时未能将其删除。线程将随着时间的推移而更新，以尝试避免可能的内存泄漏
26-May-2026 23:25:56.146 严重 [Thread-1] org.apache.catalina.loader.WebappClassLoaderBase.checkThreadLocalMapForLeaks web应用程序[webapp]创建了一个ThreadLocal，其键类型为[java.lang.ThreadLocal]（值为[java.lang.ThreadLocal@32f47fcb]），值类型为[com.microsoft.sqlserver.jdbc.SQLServerConnection43]（值为[ConnectionID:13 ClientConnectionId: 273f9300-fef4-4e73-8736-99930a625858），但在停止web应用程序时未能将其删除。线程将随着时间的推移而更新，以尝试避免可能的内存泄漏
26-May-2026 23:25:56.146 严重 [Thread-1] org.apache.catalina.loader.WebappClassLoaderBase.checkThreadLocalMapForLeaks web应用程序[webapp]创建了一个ThreadLocal，其键类型为[java.lang.ThreadLocal]（值为[java.lang.ThreadLocal@32f47fcb]），值类型为[com.microsoft.sqlserver.jdbc.SQLServerConnection43]（值为[ConnectionID:25 ClientConnectionId: 32bf428d-0810-4bf9-bed8-498c8549f0aa），但在停止web应用程序时未能将其删除。线程将随着时间的推移而更新，以尝试避免可能的内存泄漏
26-May-2026 23:25:56.151 信息 [Thread-1] org.apache.coyote.AbstractProtocol.stop 正在停止ProtocolHandler ["http-nio-8080"]
26-May-2026 23:25:56.154 信息 [Thread-1] org.apache.coyote.AbstractProtocol.destroy 正在销毁协议处理器 ["http-nio-8080"]
26-May-2026 23:25:57.669 信息 [main] org.apache.catalina.startup.VersionLoggerListener.log Server.服务器版本: Apache Tomcat/10.1.52
26-May-2026 23:25:57.673 信息 [main] org.apache.catalina.startup.VersionLoggerListener.log 服务器构建:        Jan 23 2026 19:29:07 UTC
26-May-2026 23:25:57.673 信息 [main] org.apache.catalina.startup.VersionLoggerListener.log 服务器版本号:      10.1.52.0
26-May-2026 23:25:57.673 信息 [main] org.apache.catalina.startup.VersionLoggerListener.log 操作系统名称:      Windows 11
26-May-2026 23:25:57.674 信息 [main] org.apache.catalina.startup.VersionLoggerListener.log OS.版本:           10.0
26-May-2026 23:25:57.674 信息 [main] org.apache.catalina.startup.VersionLoggerListener.log 架构:              amd64
26-May-2026 23:25:57.674 信息 [main] org.apache.catalina.startup.VersionLoggerListener.log Java 环境变量:     C:\Program Files\Java\jdk-21
26-May-2026 23:25:57.674 信息 [main] org.apache.catalina.startup.VersionLoggerListener.log Java虚拟机版本:    21.0.6+8-LTS-188
26-May-2026 23:25:57.674 信息 [main] org.apache.catalina.startup.VersionLoggerListener.log JVM.供应商:        Oracle Corporation
26-May-2026 23:25:57.674 信息 [main] org.apache.catalina.startup.VersionLoggerListener.log CATALINA_BASE:     D:\creat\property-management\src\main\webapp
26-May-2026 23:25:57.675 信息 [main] org.apache.catalina.startup.VersionLoggerListener.log CATALINA_HOME:     D:\apache-tomcat-10.1.52
26-May-2026 23:25:57.680 信息 [main] org.apache.catalina.startup.VersionLoggerListener.log 命令行参数：       --add-opens=java.base/java.lang=ALL-UNNAMED
26-May-2026 23:25:57.680 信息 [main] org.apache.catalina.startup.VersionLoggerListener.log 命令行参数：       --add-opens=java.base/java.io=ALL-UNNAMED
26-May-2026 23:25:57.681 信息 [main] org.apache.catalina.startup.VersionLoggerListener.log 命令行参数：       --add-opens=java.base/java.util=ALL-UNNAMED
26-May-2026 23:25:57.681 信息 [main] org.apache.catalina.startup.VersionLoggerListener.log 命令行参数：       --add-opens=java.base/java.util.concurrent=ALL-UNNAMED
26-May-2026 23:25:57.681 信息 [main] org.apache.catalina.startup.VersionLoggerListener.log 命令行参数：       --add-opens=java.rmi/sun.rmi.transport=ALL-UNNAMED
26-May-2026 23:25:57.681 信息 [main] org.apache.catalina.startup.VersionLoggerListener.log 命令行参数：       -Dcatalina.home=D:\apache-tomcat-10.1.52
26-May-2026 23:25:57.681 信息 [main] org.apache.catalina.startup.VersionLoggerListener.log 命令行参数：       -Dcatalina.base=D:\creat\property-management\src\main\webapp
26-May-2026 23:25:57.681 信息 [main] org.apache.catalina.startup.VersionLoggerListener.log 命令行参数：       -Djava.io.tmpdir=D:\creat\property-management\src\main\webapp\temp
26-May-2026 23:25:57.681 信息 [main] org.apache.catalina.startup.VersionLoggerListener.log 命令行参数：       -Djava.util.logging.config.file=D:\creat\property-management\src\main\webapp\conf\logging.properties
26-May-2026 23:25:57.682 信息 [main] org.apache.catalina.startup.VersionLoggerListener.log 命令行参数：       -Djava.util.logging.manager=org.apache.juli.ClassLoaderLogManager
26-May-2026 23:25:57.682 信息 [main] org.apache.catalina.startup.VersionLoggerListener.log 命令行参数：       -javaagent:C:\Program Files\JetBrains\IntelliJ IDEA Community Edition 2024.3\lib\idea_rt.jar=6239:C:\Program Files\JetBrains\IntelliJ IDEA Community Edition 2024.3\bin
26-May-2026 23:25:57.682 信息 [main] org.apache.catalina.startup.VersionLoggerListener.log 命令行参数：       -Dfile.encoding=UTF-8
26-May-2026 23:25:57.682 信息 [main] org.apache.catalina.startup.VersionLoggerListener.log 命令行参数：       -Dsun.stdout.encoding=UTF-8
26-May-2026 23:25:57.683 信息 [main] org.apache.catalina.startup.VersionLoggerListener.log 命令行参数：       -Dsun.stderr.encoding=UTF-8
26-May-2026 23:25:57.688 信息 [main] org.apache.catalina.core.AprLifecycleListener.lifecycleEvent 在java.library.path:[C:\Program Files\Java\jdk-21\bin;C:\WINDOWS\Sun\Java\bin;C:\WINDOWS\system32;C:\WINDOWS;C:\Program Files (x86)\VMware\VMware Workstation\bin\;$env:PATH;C:\MinGW\bin;C:\Program Files\NVIDIA Corporation\NVIDIA App\NvDLISR;C:\Program Files\dotnet\;C:\Program Files\nodejs\;C:\Program Files\Git LFS;C:\Windows\System32;C:\Windows;C:\Windows\System32\WindowsPowerShell\v1.0;C:\Program Files (x86)\Microsoft SQL Server\170\Tools\Binn\;C:\Program Files\Microsoft SQL Server\170\Tools\Binn\;C:\Program Files\Microsoft SQL Server\Client SDK\ODBC\180\Tools\Binn\;C:\Program Files\Microsoft SQL Server\170\DTS\Binn\;D:\rational rose\common;C:\tools\deepseek;C:\Program Files\GitHub CLI\;C:\Users\links\.mavis\bin;C:\Users\links\AppData\Local\Microsoft\WindowsApps;C:\Users\links\.dotnet\tools;D:\cursor\resources\app\bin;D:\Microsoft VS Code\bin;C:\MinGW\bin;C:\Users\links\AppData\Roaming\npm;C:\Users\links\AppData\Roaming\npm\bin;C:\Program Files\Git\cmd;C:\Program Files\Git\bin;C:\Program Files\Java\jdk-17\bin;C:\Users\links\AppData\Local\Python\bin;.]上找不到基于APR的Apache Tomcat本机库，该库允许在生产环境中获得最佳性能
26-May-2026 23:25:57.832 信息 [main] org.apache.coyote.AbstractProtocol.init 初始化协议处理器 ["http-nio-8080"]
26-May-2026 23:25:57.843 信息 [main] org.apache.catalina.startup.Catalina.load 服务器在[293]毫秒内初始化
26-May-2026 23:25:57.880 信息 [main] org.apache.catalina.core.StandardService.startInternal 正在启动服务[Catalina]
26-May-2026 23:25:57.880 信息 [main] org.apache.catalina.core.StandardEngine.startInternal 正在启动 Servlet 引擎：[Apache Tomcat/10.1.52]
26-May-2026 23:25:57.886 信息 [main] org.apache.catalina.startup.HostConfig.deployDescriptor 正在部署部署描述符[D:\creat\property-management\src\main\webapp\conf\Catalina\localhost\webapp.xml]。
26-May-2026 23:25:58.636 信息 [main] org.apache.jasper.servlet.TldScanner.scanJars 至少有一个JAR被扫描用于TLD但尚未包含TLD。 为此记录器启用调试日志记录，以获取已扫描但未在其中找到TLD的完整JAR列表。 在扫描期间跳过不需要的JAR可以缩短启动时间和JSP编译时间。
26-May-2026 23:25:58.685 警告 [main] org.apache.catalina.filters.FilterBase.init 未为[org.apache.catalina.filters.SetCharacterEncodingFilter]类型的筛选器定义属性[forceEncoding]
26-May-2026 23:25:58.696 信息 [main] org.apache.catalina.startup.HostConfig.deployDescriptor 部署描述符[D:\creat\property-management\src\main\webapp\conf\Catalina\localhost\webapp.xml]的部署已在[808]ms内完成
26-May-2026 23:25:58.699 信息 [main] org.apache.coyote.AbstractProtocol.start 开始协议处理句柄["http-nio-8080"]
26-May-2026 23:25:58.714 信息 [main] org.apache.catalina.startup.Catalina.start [870]毫秒后服务器启动
26-May-2026 23:38:57.185 信息 [Thread-1] org.apache.coyote.AbstractProtocol.pause 暂停ProtocolHandler["http-nio-8080"]
26-May-2026 23:38:57.188 信息 [Thread-1] org.apache.catalina.core.StandardService.stopInternal 正在停止服务[Catalina]
26-May-2026 23:38:57.191 警告 [Thread-1] org.apache.catalina.loader.WebappClassLoaderBase.clearReferencesJdbc Web应用程序 [webapp] 注册了JDBC驱动程序 [com.microsoft.sqlserver.jdbc.SQLServerDriver]，但在Web应用程序停止时无法注销它。 为防止内存泄漏，JDBC驱动程序已被强制取消注册。
26-May-2026 23:38:57.193 严重 [Thread-1] org.apache.catalina.loader.WebappClassLoaderBase.checkThreadLocalMapForLeaks web应用程序[webapp]创建了一个ThreadLocal，其键类型为[java.lang.ThreadLocal]（值为[java.lang.ThreadLocal@3bd32785]），值类型为[com.microsoft.sqlserver.jdbc.SQLServerConnection43]（值为[ConnectionID:66 ClientConnectionId: d827e7cb-17ee-4acf-b8c7-0408046ff076），但在停止web应用程序时未能将其删除。线程将随着时间的推移而更新，以尝试避免可能的内存泄漏
26-May-2026 23:38:57.194 严重 [Thread-1] org.apache.catalina.loader.WebappClassLoaderBase.checkThreadLocalMapForLeaks web应用程序[webapp]创建了一个ThreadLocal，其键类型为[java.lang.ThreadLocal]（值为[java.lang.ThreadLocal@3bd32785]），值类型为[com.microsoft.sqlserver.jdbc.SQLServerConnection43]（值为[ConnectionID:68 ClientConnectionId: 4b8c9a06-a488-4074-bf3a-98690b4a97b8），但在停止web应用程序时未能将其删除。线程将随着时间的推移而更新，以尝试避免可能的内存泄漏
26-May-2026 23:38:57.194 严重 [Thread-1] org.apache.catalina.loader.WebappClassLoaderBase.checkThreadLocalMapForLeaks web应用程序[webapp]创建了一个ThreadLocal，其键类型为[java.lang.ThreadLocal]（值为[java.lang.ThreadLocal@3bd32785]），值类型为[com.microsoft.sqlserver.jdbc.SQLServerConnection43]（值为[ConnectionID:122 ClientConnectionId: 6f1cfb44-6b43-4ae1-8fb9-f9540b4b792a），但在停止web应用程序时未能将其删除。线程将随着时间的推移而更新，以尝试避免可能的内存泄漏
26-May-2026 23:38:57.194 严重 [Thread-1] org.apache.catalina.loader.WebappClassLoaderBase.checkThreadLocalMapForLeaks web应用程序[webapp]创建了一个ThreadLocal，其键类型为[java.lang.ThreadLocal]（值为[java.lang.ThreadLocal@3bd32785]），值类型为[com.microsoft.sqlserver.jdbc.SQLServerConnection43]（值为[ConnectionID:125 ClientConnectionId: d6b9d3a0-9ef4-40a7-971a-a92d061019e8），但在停止web应用程序时未能将其删除。线程将随着时间的推移而更新，以尝试避免可能的内存泄漏
26-May-2026 23:38:57.194 严重 [Thread-1] org.apache.catalina.loader.WebappClassLoaderBase.checkThreadLocalMapForLeaks web应用程序[webapp]创建了一个ThreadLocal，其键类型为[java.lang.ThreadLocal]（值为[java.lang.ThreadLocal@3bd32785]），值类型为[com.microsoft.sqlserver.jdbc.SQLServerConnection43]（值为[ConnectionID:127 ClientConnectionId: 8d8b7a91-185f-4b7f-9229-625dc7545788），但在停止web应用程序时未能将其删除。线程将随着时间的推移而更新，以尝试避免可能的内存泄漏
26-May-2026 23:38:57.194 严重 [Thread-1] org.apache.catalina.loader.WebappClassLoaderBase.checkThreadLocalMapForLeaks web应用程序[webapp]创建了一个ThreadLocal，其键类型为[java.lang.ThreadLocal]（值为[java.lang.ThreadLocal@3bd32785]），值类型为[com.microsoft.sqlserver.jdbc.SQLServerConnection43]（值为[ConnectionID:129 ClientConnectionId: 325d225f-f694-4996-ad05-83e44def8235），但在停止web应用程序时未能将其删除。线程将随着时间的推移而更新，以尝试避免可能的内存泄漏
26-May-2026 23:38:57.194 严重 [Thread-1] org.apache.catalina.loader.WebappClassLoaderBase.checkThreadLocalMapForLeaks web应用程序[webapp]创建了一个ThreadLocal，其键类型为[java.lang.ThreadLocal]（值为[java.lang.ThreadLocal@3bd32785]），值类型为[com.microsoft.sqlserver.jdbc.SQLServerConnection43]（值为[ConnectionID:132 ClientConnectionId: 3bd92ddb-2e81-4ce4-ba38-5d7c5f0e7f55），但在停止web应用程序时未能将其删除。线程将随着时间的推移而更新，以尝试避免可能的内存泄漏
26-May-2026 23:38:57.195 严重 [Thread-1] org.apache.catalina.loader.WebappClassLoaderBase.checkThreadLocalMapForLeaks web应用程序[webapp]创建了一个ThreadLocal，其键类型为[java.lang.ThreadLocal]（值为[java.lang.ThreadLocal@3bd32785]），值类型为[com.microsoft.sqlserver.jdbc.SQLServerConnection43]（值为[ConnectionID:130 ClientConnectionId: 4c752a82-5543-457a-8ee2-53d80b057298），但在停止web应用程序时未能将其删除。线程将随着时间的推移而更新，以尝试避免可能的内存泄漏
26-May-2026 23:38:57.195 严重 [Thread-1] org.apache.catalina.loader.WebappClassLoaderBase.checkThreadLocalMapForLeaks web应用程序[webapp]创建了一个ThreadLocal，其键类型为[java.lang.ThreadLocal]（值为[java.lang.ThreadLocal@3bd32785]），值类型为[com.microsoft.sqlserver.jdbc.SQLServerConnection43]（值为[ConnectionID:65 ClientConnectionId: 091245a9-7c25-4dc1-b097-2e5a5d4de86f），但在停止web应用程序时未能将其删除。线程将随着时间的推移而更新，以尝试避免可能的内存泄漏
26-May-2026 23:38:57.197 严重 [Thread-1] org.apache.catalina.loader.WebappClassLoaderBase.checkThreadLocalMapForLeaks web应用程序[webapp]创建了一个ThreadLocal，其键类型为[java.lang.ThreadLocal]（值为[java.lang.ThreadLocal@3bd32785]），值类型为[com.microsoft.sqlserver.jdbc.SQLServerConnection43]（值为[ConnectionID:59 ClientConnectionId: 23e1ff2c-8337-4c68-b5ab-fa7262569596），但在停止web应用程序时未能将其删除。线程将随着时间的推移而更新，以尝试避免可能的内存泄漏
26-May-2026 23:38:57.198 信息 [Thread-1] org.apache.coyote.AbstractProtocol.stop 正在停止ProtocolHandler ["http-nio-8080"]
26-May-2026 23:38:57.202 信息 [Thread-1] org.apache.coyote.AbstractProtocol.destroy 正在销毁协议处理器 ["http-nio-8080"]
26-May-2026 23:38:58.782 信息 [main] org.apache.catalina.startup.VersionLoggerListener.log Server.服务器版本: Apache Tomcat/10.1.52
26-May-2026 23:38:58.784 信息 [main] org.apache.catalina.startup.VersionLoggerListener.log 服务器构建:        Jan 23 2026 19:29:07 UTC
26-May-2026 23:38:58.785 信息 [main] org.apache.catalina.startup.VersionLoggerListener.log 服务器版本号:      10.1.52.0
26-May-2026 23:38:58.785 信息 [main] org.apache.catalina.startup.VersionLoggerListener.log 操作系统名称:      Windows 11
26-May-2026 23:38:58.785 信息 [main] org.apache.catalina.startup.VersionLoggerListener.log OS.版本:           10.0
26-May-2026 23:38:58.785 信息 [main] org.apache.catalina.startup.VersionLoggerListener.log 架构:              amd64
26-May-2026 23:38:58.785 信息 [main] org.apache.catalina.startup.VersionLoggerListener.log Java 环境变量:     C:\Program Files\Java\jdk-21
26-May-2026 23:38:58.787 信息 [main] org.apache.catalina.startup.VersionLoggerListener.log Java虚拟机版本:    21.0.6+8-LTS-188
26-May-2026 23:38:58.787 信息 [main] org.apache.catalina.startup.VersionLoggerListener.log JVM.供应商:        Oracle Corporation
26-May-2026 23:38:58.787 信息 [main] org.apache.catalina.startup.VersionLoggerListener.log CATALINA_BASE:     D:\creat\property-management\src\main\webapp
26-May-2026 23:38:58.787 信息 [main] org.apache.catalina.startup.VersionLoggerListener.log CATALINA_HOME:     D:\apache-tomcat-10.1.52
26-May-2026 23:38:58.792 信息 [main] org.apache.catalina.startup.VersionLoggerListener.log 命令行参数：       --add-opens=java.base/java.lang=ALL-UNNAMED
26-May-2026 23:38:58.792 信息 [main] org.apache.catalina.startup.VersionLoggerListener.log 命令行参数：       --add-opens=java.base/java.io=ALL-UNNAMED
26-May-2026 23:38:58.792 信息 [main] org.apache.catalina.startup.VersionLoggerListener.log 命令行参数：       --add-opens=java.base/java.util=ALL-UNNAMED
26-May-2026 23:38:58.792 信息 [main] org.apache.catalina.startup.VersionLoggerListener.log 命令行参数：       --add-opens=java.base/java.util.concurrent=ALL-UNNAMED
26-May-2026 23:38:58.792 信息 [main] org.apache.catalina.startup.VersionLoggerListener.log 命令行参数：       --add-opens=java.rmi/sun.rmi.transport=ALL-UNNAMED
26-May-2026 23:38:58.792 信息 [main] org.apache.catalina.startup.VersionLoggerListener.log 命令行参数：       -Dcatalina.home=D:\apache-tomcat-10.1.52
26-May-2026 23:38:58.792 信息 [main] org.apache.catalina.startup.VersionLoggerListener.log 命令行参数：       -Dcatalina.base=D:\creat\property-management\src\main\webapp
26-May-2026 23:38:58.793 信息 [main] org.apache.catalina.startup.VersionLoggerListener.log 命令行参数：       -Djava.io.tmpdir=D:\creat\property-management\src\main\webapp\temp
26-May-2026 23:38:58.793 信息 [main] org.apache.catalina.startup.VersionLoggerListener.log 命令行参数：       -Djava.util.logging.config.file=D:\creat\property-management\src\main\webapp\conf\logging.properties
26-May-2026 23:38:58.793 信息 [main] org.apache.catalina.startup.VersionLoggerListener.log 命令行参数：       -Djava.util.logging.manager=org.apache.juli.ClassLoaderLogManager
26-May-2026 23:38:58.794 信息 [main] org.apache.catalina.startup.VersionLoggerListener.log 命令行参数：       -javaagent:C:\Program Files\JetBrains\IntelliJ IDEA Community Edition 2024.3\lib\idea_rt.jar=5483:C:\Program Files\JetBrains\IntelliJ IDEA Community Edition 2024.3\bin
26-May-2026 23:38:58.794 信息 [main] org.apache.catalina.startup.VersionLoggerListener.log 命令行参数：       -Dfile.encoding=UTF-8
26-May-2026 23:38:58.794 信息 [main] org.apache.catalina.startup.VersionLoggerListener.log 命令行参数：       -Dsun.stdout.encoding=UTF-8
26-May-2026 23:38:58.794 信息 [main] org.apache.catalina.startup.VersionLoggerListener.log 命令行参数：       -Dsun.stderr.encoding=UTF-8
26-May-2026 23:38:58.800 信息 [main] org.apache.catalina.core.AprLifecycleListener.lifecycleEvent 在java.library.path:[C:\Program Files\Java\jdk-21\bin;C:\WINDOWS\Sun\Java\bin;C:\WINDOWS\system32;C:\WINDOWS;C:\Program Files (x86)\VMware\VMware Workstation\bin\;$env:PATH;C:\MinGW\bin;C:\Program Files\NVIDIA Corporation\NVIDIA App\NvDLISR;C:\Program Files\dotnet\;C:\Program Files\nodejs\;C:\Program Files\Git LFS;C:\Windows\System32;C:\Windows;C:\Windows\System32\WindowsPowerShell\v1.0;C:\Program Files (x86)\Microsoft SQL Server\170\Tools\Binn\;C:\Program Files\Microsoft SQL Server\170\Tools\Binn\;C:\Program Files\Microsoft SQL Server\Client SDK\ODBC\180\Tools\Binn\;C:\Program Files\Microsoft SQL Server\170\DTS\Binn\;D:\rational rose\common;C:\tools\deepseek;C:\Program Files\GitHub CLI\;C:\Users\links\.mavis\bin;C:\Users\links\AppData\Local\Microsoft\WindowsApps;C:\Users\links\.dotnet\tools;D:\cursor\resources\app\bin;D:\Microsoft VS Code\bin;C:\MinGW\bin;C:\Users\links\AppData\Roaming\npm;C:\Users\links\AppData\Roaming\npm\bin;C:\Program Files\Git\cmd;C:\Program Files\Git\bin;C:\Program Files\Java\jdk-17\bin;C:\Users\links\AppData\Local\Python\bin;.]上找不到基于APR的Apache Tomcat本机库，该库允许在生产环境中获得最佳性能
26-May-2026 23:38:58.953 信息 [main] org.apache.coyote.AbstractProtocol.init 初始化协议处理器 ["http-nio-8080"]
26-May-2026 23:38:58.964 信息 [main] org.apache.catalina.startup.Catalina.load 服务器在[293]毫秒内初始化
26-May-2026 23:38:59.007 信息 [main] org.apache.catalina.core.StandardService.startInternal 正在启动服务[Catalina]
26-May-2026 23:38:59.007 信息 [main] org.apache.catalina.core.StandardEngine.startInternal 正在启动 Servlet 引擎：[Apache Tomcat/10.1.52]
26-May-2026 23:38:59.013 信息 [main] org.apache.catalina.startup.HostConfig.deployDescriptor 正在部署部署描述符[D:\creat\property-management\src\main\webapp\conf\Catalina\localhost\webapp.xml]。
26-May-2026 23:38:59.759 信息 [main] org.apache.jasper.servlet.TldScanner.scanJars 至少有一个JAR被扫描用于TLD但尚未包含TLD。 为此记录器启用调试日志记录，以获取已扫描但未在其中找到TLD的完整JAR列表。 在扫描期间跳过不需要的JAR可以缩短启动时间和JSP编译时间。
26-May-2026 23:38:59.807 警告 [main] org.apache.catalina.filters.FilterBase.init 未为[org.apache.catalina.filters.SetCharacterEncodingFilter]类型的筛选器定义属性[forceEncoding]
26-May-2026 23:38:59.817 信息 [main] org.apache.catalina.startup.HostConfig.deployDescriptor 部署描述符[D:\creat\property-management\src\main\webapp\conf\Catalina\localhost\webapp.xml]的部署已在[802]ms内完成
26-May-2026 23:38:59.820 信息 [main] org.apache.coyote.AbstractProtocol.start 开始协议处理句柄["http-nio-8080"]
26-May-2026 23:38:59.839 信息 [main] org.apache.catalina.startup.Catalina.start [872]毫秒后服务器启动
